# Blender v2.70 (sub 0) OBJ File: ''
# www.blender.org
mtllib wireframe sphere.mtl
o Sphere
v -0.213279 2.160114 0.000000
v -0.217719 2.181755 0.000000
v -0.418432 2.097895 0.000000
v -0.427001 2.118257 0.000000
v -0.607506 1.996845 0.000000
v -0.619872 2.015152 0.000000
v -0.773234 1.860849 0.000000
v -0.788922 1.876403 0.000000
v -0.909245 1.695132 0.000000
v -0.927656 1.707343 0.000000
v -1.010312 1.506061 0.000000
v -1.030742 1.514468 0.000000
v -1.072550 1.300905 0.000000
v -1.094222 1.305189 0.000000
v -1.093565 1.087548 0.000000
v -1.115657 1.087548 0.000000
v -1.072550 0.874192 0.000000
v -1.094222 0.869908 0.000000
v -1.010313 0.669036 0.000000
v -1.030742 0.660629 0.000000
v -0.909245 0.479965 0.000000
v -0.927656 0.467754 0.000000
v -0.773234 0.314247 0.000000
v -0.788922 0.298694 0.000000
v -0.607506 0.178251 0.000000
v -0.619872 0.159945 0.000000
v -0.418432 0.077202 0.000000
v -0.427000 0.056840 0.000000
v -0.213279 0.014983 0.000000
v -0.217718 -0.006658 0.000000
v -0.209181 2.160114 -0.041609
v -0.213535 2.181755 -0.042475
v -0.410392 2.097895 -0.081632
v -0.418796 2.118257 -0.083303
v -0.595833 1.996845 -0.118519
v -0.607961 2.015152 -0.120931
v -0.758376 1.860849 -0.150850
v -0.773763 1.876403 -0.153911
v -0.891774 1.695132 -0.177385
v -0.909831 1.707343 -0.180976
v -0.990900 1.506061 -0.197102
v -1.010937 1.514468 -0.201088
v -1.051941 1.300905 -0.209244
v -1.073197 1.305189 -0.213472
v -1.072552 1.087548 -0.213344
v -1.094220 1.087548 -0.217654
v -1.051941 0.874192 -0.209244
v -1.073197 0.869908 -0.213472
v -0.990900 0.669036 -0.197102
v -1.010937 0.660629 -0.201088
v -0.891774 0.479965 -0.177385
v -0.909831 0.467754 -0.180976
v -0.758376 0.314247 -0.150850
v -0.773763 0.298694 -0.153911
v -0.595833 0.178251 -0.118519
v -0.607961 0.159945 -0.120931
v -0.410392 0.077202 -0.081632
v -0.418796 0.056840 -0.083303
v -0.209181 0.014983 -0.041609
v -0.213535 -0.006658 -0.042474
v -0.197044 2.160114 -0.081618
v -0.201146 2.181755 -0.083317
v -0.386581 2.097895 -0.160127
v -0.394497 2.118257 -0.163406
v -0.561262 1.996845 -0.232482
v -0.572687 2.015152 -0.237215
v -0.714375 1.860849 -0.295904
v -0.728869 1.876403 -0.301907
v -0.840033 1.695132 -0.347953
v -0.857042 1.707343 -0.354998
v -0.933407 1.506061 -0.386630
v -0.952282 1.514468 -0.394448
v -0.990907 1.300905 -0.410447
v -1.010930 1.305189 -0.418741
v -1.010322 1.087548 -0.418489
v -1.030732 1.087548 -0.426943
v -0.990907 0.874192 -0.410447
v -1.010930 0.869908 -0.418741
v -0.933407 0.669036 -0.386630
v -0.952282 0.660629 -0.394448
v -0.840033 0.479965 -0.347953
v -0.857042 0.467754 -0.354998
v -0.714375 0.314247 -0.295904
v -0.728869 0.298694 -0.301907
v -0.561262 0.178251 -0.232482
v -0.572687 0.159945 -0.237215
v -0.386580 0.077202 -0.160127
v -0.394497 0.056840 -0.163406
v -0.197044 0.014983 -0.081618
v -0.201145 -0.006658 -0.083317
v -0.177335 2.160114 -0.118492
v -0.181026 2.181755 -0.120958
v -0.347913 2.097895 -0.232468
v -0.355038 2.118257 -0.237229
v -0.505123 1.996845 -0.337512
v -0.515405 2.015152 -0.344382
v -0.642920 1.860849 -0.429586
v -0.655964 1.876403 -0.438301
v -0.756010 1.695132 -0.505150
v -0.771317 1.707343 -0.515378
v -0.840044 1.506061 -0.561300
v -0.857031 1.514468 -0.572650
v -0.891792 1.300905 -0.595877
v -0.909812 1.305189 -0.607917
v -0.909266 1.087548 -0.607552
v -0.927634 1.087548 -0.619826
v -0.891792 0.874192 -0.595877
v -0.909812 0.869908 -0.607917
v -0.840044 0.669036 -0.561300
v -0.857031 0.660629 -0.572650
v -0.756010 0.479965 -0.505150
v -0.771317 0.467754 -0.515378
v -0.642920 0.314247 -0.429586
v -0.655964 0.298694 -0.438301
v -0.505123 0.178251 -0.337512
v -0.515404 0.159945 -0.344382
v -0.347913 0.077202 -0.232468
v -0.355038 0.056840 -0.237229
v -0.177335 0.014983 -0.118492
v -0.181026 -0.006658 -0.120958
v -0.150811 2.160114 -0.150811
v -0.153950 2.181755 -0.153950
v -0.295876 2.097895 -0.295876
v -0.301935 2.118257 -0.301935
v -0.429571 1.996845 -0.429572
v -0.438315 2.015152 -0.438316
v -0.546759 1.860849 -0.546759
v -0.557852 1.876403 -0.557852
v -0.642933 1.695132 -0.642934
v -0.655951 1.707343 -0.655951
v -0.714399 1.506061 -0.714399
v -0.728845 1.514468 -0.728845
v -0.758407 1.300905 -0.758407
v -0.773732 1.305189 -0.773732
v -0.773267 1.087548 -0.773267
v -0.788888 1.087548 -0.788888
v -0.758407 0.874192 -0.758407
v -0.773732 0.869908 -0.773732
v -0.714399 0.669036 -0.714399
v -0.728845 0.660629 -0.728845
v -0.642933 0.479965 -0.642934
v -0.655951 0.467754 -0.655951
v -0.546759 0.314247 -0.546759
v -0.557852 0.298694 -0.557852
v -0.429571 0.178251 -0.429572
v -0.438315 0.159945 -0.438316
v -0.295876 0.077202 -0.295876
v -0.301935 0.056840 -0.301935
v -0.150811 0.014983 -0.150811
v -0.153950 -0.006658 -0.153950
v -0.118491 2.160114 -0.177335
v -0.120958 2.181755 -0.181027
v -0.232468 2.097895 -0.347914
v -0.237229 2.118257 -0.355038
v -0.337512 1.996845 -0.505123
v -0.344382 2.015152 -0.515405
v -0.429586 1.860849 -0.642920
v -0.438301 1.876403 -0.655965
v -0.505149 1.695132 -0.756010
v -0.515377 1.707343 -0.771317
v -0.561299 1.506061 -0.840044
v -0.572649 1.514468 -0.857031
v -0.595877 1.300905 -0.891793
v -0.607917 1.305189 -0.909813
v -0.607552 1.087548 -0.909266
v -0.619825 1.087548 -0.927635
v -0.595877 0.874192 -0.891793
v -0.607917 0.869908 -0.909813
v -0.561300 0.669036 -0.840044
v -0.572649 0.660629 -0.857031
v -0.505149 0.479965 -0.756010
v -0.515377 0.467754 -0.771317
v -0.429586 0.314247 -0.642920
v -0.438301 0.298694 -0.655965
v -0.337512 0.178251 -0.505123
v -0.344382 0.159945 -0.515405
v -0.232468 0.077202 -0.347914
v -0.237229 0.056840 -0.355038
v -0.118491 0.014983 -0.177335
v -0.120958 -0.006658 -0.181026
v -0.081618 2.160114 -0.197045
v -0.083317 2.181755 -0.201146
v -0.160127 2.097895 -0.386581
v -0.163406 2.118257 -0.394497
v -0.232482 1.996845 -0.561262
v -0.237215 2.015152 -0.572687
v -0.295904 1.860849 -0.714375
v -0.301907 1.876403 -0.728869
v -0.347953 1.695132 -0.840033
v -0.354998 1.707343 -0.857042
v -0.386630 1.506061 -0.933407
v -0.394447 1.514468 -0.952282
v -0.410447 1.300905 -0.990907
v -0.418740 1.305189 -1.010930
v -0.418489 1.087548 -1.010322
v -0.426943 1.087548 -1.030732
v -0.410447 0.874192 -0.990907
v -0.418740 0.869908 -1.010930
v -0.386630 0.669036 -0.933407
v -0.394448 0.660629 -0.952282
v -0.347953 0.479965 -0.840033
v -0.354998 0.467754 -0.857042
v -0.295904 0.314247 -0.714375
v -0.301907 0.298694 -0.728869
v -0.232482 0.178251 -0.561262
v -0.237214 0.159945 -0.572687
v -0.160127 0.077202 -0.386581
v -0.163406 0.056840 -0.394497
v -0.081618 0.014983 -0.197044
v -0.083317 -0.006658 -0.201146
v -0.041609 2.160114 -0.209181
v -0.042474 2.181755 -0.213535
v -0.081632 2.097895 -0.410392
v -0.083303 2.118257 -0.418796
v -0.118518 1.996845 -0.595833
v -0.120931 2.015152 -0.607961
v -0.150850 1.860849 -0.758376
v -0.153911 1.876403 -0.773763
v -0.177385 1.695132 -0.891774
v -0.180976 1.707343 -0.909831
v -0.197102 1.506061 -0.990900
v -0.201087 1.514468 -1.010937
v -0.209244 1.300905 -1.051941
v -0.213472 1.305189 -1.073197
v -0.213344 1.087548 -1.072552
v -0.217653 1.087548 -1.094220
v -0.209244 0.874192 -1.051941
v -0.213472 0.869908 -1.073197
v -0.197102 0.669036 -0.990900
v -0.201087 0.660629 -1.010937
v -0.177385 0.479965 -0.891774
v -0.180976 0.467754 -0.909831
v -0.150850 0.314247 -0.758376
v -0.153911 0.298694 -0.773763
v -0.118518 0.178251 -0.595833
v -0.120931 0.159945 -0.607961
v -0.081632 0.077202 -0.410392
v -0.083303 0.056840 -0.418796
v -0.041609 0.014983 -0.209181
v -0.042474 -0.006658 -0.213535
v 0.000000 2.160114 -0.213279
v 0.000000 2.181755 -0.217719
v 0.000000 2.097895 -0.418432
v 0.000000 2.118257 -0.427001
v 0.000000 1.996845 -0.607506
v 0.000000 2.015152 -0.619872
v 0.000000 1.860849 -0.773234
v 0.000000 1.876403 -0.788922
v 0.000000 1.695132 -0.909245
v 0.000000 1.707343 -0.927656
v 0.000000 1.506061 -1.010313
v 0.000000 1.514468 -1.030742
v 0.000000 1.300905 -1.072550
v 0.000000 1.305189 -1.094222
v 0.000000 1.087548 -1.093565
v 0.000000 1.087548 -1.115657
v 0.000000 0.874192 -1.072550
v 0.000000 0.869908 -1.094222
v 0.000000 0.669036 -1.010313
v 0.000000 0.660629 -1.030742
v 0.000000 0.479965 -0.909245
v 0.000000 0.467754 -0.927656
v 0.000000 0.314247 -0.773234
v 0.000000 0.298694 -0.788922
v 0.000000 0.178251 -0.607506
v 0.000000 0.159945 -0.619872
v 0.000000 0.077202 -0.418432
v 0.000000 0.056840 -0.427001
v 0.000000 0.014983 -0.213279
v 0.000000 -0.006658 -0.217719
v 0.041609 2.160114 -0.209181
v 0.042475 2.181755 -0.213535
v 0.081633 2.097895 -0.410392
v 0.083304 2.118257 -0.418796
v 0.118519 1.996845 -0.595833
v 0.120931 2.015152 -0.607961
v 0.150851 1.860849 -0.758376
v 0.153911 1.876403 -0.773763
v 0.177385 1.695132 -0.891774
v 0.180977 1.707343 -0.909831
v 0.197103 1.506061 -0.990900
v 0.201088 1.514468 -1.010937
v 0.209245 1.300905 -1.051941
v 0.213473 1.305189 -1.073197
v 0.213345 1.087548 -1.072552
v 0.217654 1.087548 -1.094220
v 0.209245 0.874192 -1.051941
v 0.213473 0.869908 -1.073197
v 0.197103 0.669036 -0.990900
v 0.201088 0.660629 -1.010937
v 0.177385 0.479965 -0.891774
v 0.180977 0.467754 -0.909831
v 0.150851 0.314247 -0.758376
v 0.153911 0.298694 -0.773763
v 0.118519 0.178251 -0.595833
v 0.120931 0.159945 -0.607961
v 0.081633 0.077202 -0.410392
v 0.083304 0.056840 -0.418796
v 0.041609 0.014983 -0.209181
v 0.042475 -0.006658 -0.213535
v 0.081619 2.160114 -0.197044
v 0.083318 2.181755 -0.201146
v 0.160128 2.097895 -0.386581
v 0.163406 2.118257 -0.394497
v 0.232483 1.996845 -0.561262
v 0.237215 2.015152 -0.572687
v 0.295904 1.860849 -0.714375
v 0.301908 1.876403 -0.728869
v 0.347954 1.695132 -0.840033
v 0.354999 1.707343 -0.857042
v 0.386630 1.506061 -0.933407
v 0.394448 1.514468 -0.952282
v 0.410447 1.300905 -0.990906
v 0.418741 1.305189 -1.010929
v 0.418490 1.087548 -1.010322
v 0.426944 1.087548 -1.030732
v 0.410447 0.874192 -0.990906
v 0.418741 0.869908 -1.010929
v 0.386630 0.669036 -0.933407
v 0.394448 0.660629 -0.952282
v 0.347954 0.479965 -0.840033
v 0.354999 0.467754 -0.857042
v 0.295904 0.314247 -0.714375
v 0.301908 0.298694 -0.728869
v 0.232483 0.178251 -0.561262
v 0.237215 0.159945 -0.572687
v 0.160128 0.077202 -0.386580
v 0.163406 0.056840 -0.394497
v 0.081619 0.014983 -0.197044
v 0.083318 -0.006658 -0.201146
v 0.118492 2.160114 -0.177335
v 0.120958 2.181755 -0.181027
v 0.232469 2.097895 -0.347914
v 0.237229 2.118257 -0.355038
v 0.337513 1.996845 -0.505123
v 0.344383 2.015152 -0.515405
v 0.429586 1.860849 -0.642920
v 0.438302 1.876403 -0.655965
v 0.505150 1.695132 -0.756010
v 0.515378 1.707343 -0.771317
v 0.561300 1.506061 -0.840044
v 0.572650 1.514468 -0.857031
v 0.595877 1.300905 -0.891792
v 0.607917 1.305189 -0.909812
v 0.607553 1.087548 -0.909266
v 0.619826 1.087548 -0.927635
v 0.595877 0.874192 -0.891792
v 0.607917 0.869908 -0.909812
v 0.561300 0.669036 -0.840044
v 0.572650 0.660629 -0.857031
v 0.505150 0.479965 -0.756010
v 0.515378 0.467754 -0.771317
v 0.429586 0.314247 -0.642920
v 0.438302 0.298694 -0.655965
v 0.337513 0.178251 -0.505123
v 0.344383 0.159945 -0.515405
v 0.232469 0.077202 -0.347913
v 0.237229 0.056840 -0.355038
v 0.118492 0.014983 -0.177335
v 0.120958 -0.006658 -0.181026
v 0.150812 2.160114 -0.150811
v 0.153951 2.181755 -0.153950
v 0.295876 2.097895 -0.295876
v 0.301936 2.118257 -0.301935
v 0.429572 1.996845 -0.429572
v 0.438316 2.015152 -0.438316
v 0.546759 1.860849 -0.546759
v 0.557852 1.876403 -0.557852
v 0.642934 1.695132 -0.642933
v 0.655952 1.707343 -0.655951
v 0.714399 1.506061 -0.714399
v 0.728845 1.514468 -0.728845
v 0.758408 1.300905 -0.758407
v 0.773732 1.305189 -0.773732
v 0.773268 1.087548 -0.773267
v 0.788889 1.087548 -0.788888
v 0.758408 0.874192 -0.758407
v 0.773732 0.869908 -0.773732
v 0.714399 0.669036 -0.714399
v 0.728845 0.660629 -0.728845
v 0.642934 0.479965 -0.642933
v 0.655952 0.467754 -0.655951
v 0.546759 0.314247 -0.546759
v 0.557852 0.298694 -0.557852
v 0.429572 0.178251 -0.429571
v 0.438316 0.159945 -0.438315
v 0.295876 0.077202 -0.295876
v 0.301936 0.056840 -0.301935
v 0.150812 0.014983 -0.150811
v 0.153951 -0.006658 -0.153950
v 0.177336 2.160114 -0.118492
v 0.181027 2.181755 -0.120958
v 0.347914 2.097895 -0.232468
v 0.355038 2.118257 -0.237229
v 0.505123 1.996845 -0.337512
v 0.515405 2.015152 -0.344382
v 0.642921 1.860849 -0.429586
v 0.655965 1.876403 -0.438301
v 0.756010 1.695132 -0.505149
v 0.771318 1.707343 -0.515377
v 0.840044 1.506061 -0.561300
v 0.857031 1.514468 -0.572650
v 0.891793 1.300905 -0.595877
v 0.909813 1.305189 -0.607917
v 0.909267 1.087548 -0.607552
v 0.927635 1.087548 -0.619826
v 0.891793 0.874192 -0.595877
v 0.909813 0.869908 -0.607917
v 0.840044 0.669036 -0.561300
v 0.857031 0.660629 -0.572650
v 0.756010 0.479965 -0.505149
v 0.771318 0.467754 -0.515377
v 0.642921 0.314247 -0.429586
v 0.655965 0.298694 -0.438301
v 0.505123 0.178251 -0.337512
v 0.515405 0.159945 -0.344382
v 0.347914 0.077202 -0.232468
v 0.355038 0.056840 -0.237229
v 0.177335 0.014983 -0.118491
v 0.181027 -0.006658 -0.120958
v 0.197045 2.160114 -0.081618
v 0.201146 2.181755 -0.083317
v 0.386581 2.097895 -0.160127
v 0.394498 2.118257 -0.163406
v 0.561263 1.996845 -0.232482
v 0.572687 2.015152 -0.237215
v 0.714375 1.860849 -0.295904
v 0.728869 1.876403 -0.301907
v 0.840033 1.695132 -0.347953
v 0.857042 1.707343 -0.354998
v 0.933407 1.506061 -0.386630
v 0.952282 1.514468 -0.394448
v 0.990907 1.300905 -0.410447
v 1.010930 1.305189 -0.418740
v 1.010323 1.087548 -0.418489
v 1.030733 1.087548 -0.426943
v 0.990907 0.874192 -0.410447
v 1.010930 0.869908 -0.418740
v 0.933407 0.669036 -0.386630
v 0.952282 0.660629 -0.394448
v 0.840033 0.479965 -0.347953
v 0.857042 0.467754 -0.354998
v 0.714375 0.314247 -0.295904
v 0.728869 0.298694 -0.301907
v 0.561263 0.178251 -0.232482
v 0.572687 0.159945 -0.237215
v 0.386581 0.077202 -0.160127
v 0.394498 0.056840 -0.163406
v 0.197045 0.014983 -0.081618
v 0.201146 -0.006658 -0.083317
v 0.209182 2.160114 -0.041609
v 0.213536 2.181755 -0.042474
v 0.410392 2.097895 -0.081632
v 0.418796 2.118257 -0.083303
v 0.595833 1.996845 -0.118518
v 0.607962 2.015152 -0.120931
v 0.758376 1.860849 -0.150850
v 0.773763 1.876403 -0.153911
v 0.891775 1.695132 -0.177385
v 0.909831 1.707343 -0.180976
v 0.990900 1.506061 -0.197102
v 1.010937 1.514468 -0.201088
v 1.051941 1.300905 -0.209244
v 1.073197 1.305189 -0.213472
v 1.072553 1.087548 -0.213344
v 1.094220 1.087548 -0.217653
v 1.051941 0.874192 -0.209244
v 1.073197 0.869908 -0.213472
v 0.990900 0.669036 -0.197102
v 1.010937 0.660629 -0.201088
v 0.891775 0.479965 -0.177385
v 0.909831 0.467754 -0.180976
v 0.758376 0.314247 -0.150850
v 0.773763 0.298694 -0.153911
v 0.595833 0.178251 -0.118518
v 0.607962 0.159945 -0.120931
v 0.410392 0.077202 -0.081632
v 0.418796 0.056840 -0.083303
v 0.209181 0.014983 -0.041609
v 0.213536 -0.006658 -0.042474
v 0.213280 2.160114 0.000000
v 0.217719 2.181755 0.000000
v 0.418432 2.097895 0.000000
v 0.427001 2.118257 0.000000
v 0.607506 1.996845 0.000000
v 0.619873 2.015152 0.000000
v 0.773234 1.860849 0.000000
v 0.788922 1.876403 0.000000
v 0.909245 1.695132 0.000000
v 0.927656 1.707343 0.000000
v 1.010313 1.506061 0.000000
v 1.030743 1.514468 0.000000
v 1.072550 1.300905 0.000000
v 1.094222 1.305189 0.000000
v 1.093565 1.087548 0.000000
v 1.115657 1.087548 0.000000
v 1.072550 0.874192 0.000000
v 1.094222 0.869908 0.000000
v 1.010313 0.669036 0.000000
v 1.030743 0.660629 0.000000
v 0.909245 0.479965 0.000000
v 0.927656 0.467754 0.000000
v 0.773234 0.314247 0.000000
v 0.788922 0.298694 0.000000
v 0.607506 0.178251 0.000000
v 0.619872 0.159945 0.000000
v 0.418432 0.077202 0.000000
v 0.427001 0.056840 0.000000
v 0.213279 0.014983 0.000000
v 0.217719 -0.006658 0.000000
v 0.209182 2.160114 0.041609
v 0.213536 2.181755 0.042475
v 0.410392 2.097895 0.081632
v 0.418796 2.118257 0.083304
v 0.595833 1.996845 0.118519
v 0.607962 2.015152 0.120931
v 0.758376 1.860849 0.150851
v 0.773763 1.876403 0.153911
v 0.891774 1.695132 0.177385
v 0.909831 1.707343 0.180977
v 0.990900 1.506061 0.197102
v 1.010937 1.514468 0.201088
v 1.051941 1.300905 0.209244
v 1.073197 1.305189 0.213472
v 1.072553 1.087548 0.213344
v 1.094220 1.087548 0.217654
v 1.051941 0.874192 0.209244
v 1.073197 0.869908 0.213472
v 0.990900 0.669036 0.197102
v 1.010937 0.660629 0.201088
v 0.891774 0.479965 0.177385
v 0.909831 0.467754 0.180977
v 0.758376 0.314247 0.150851
v 0.773763 0.298694 0.153911
v 0.595833 0.178251 0.118519
v 0.607962 0.159945 0.120931
v 0.410392 0.077202 0.081632
v 0.418796 0.056840 0.083304
v 0.209181 0.014983 0.041609
v 0.213536 -0.006658 0.042475
v 0.197045 2.160114 0.081619
v 0.201146 2.181755 0.083318
v 0.386581 2.097895 0.160127
v 0.394498 2.118257 0.163406
v 0.561263 1.996845 0.232483
v 0.572687 2.015152 0.237215
v 0.714375 1.860849 0.295904
v 0.728869 1.876403 0.301907
v 0.840033 1.695132 0.347953
v 0.857042 1.707343 0.354998
v 0.933407 1.506061 0.386630
v 0.952282 1.514468 0.394448
v 0.990907 1.300905 0.410447
v 1.010930 1.305189 0.418741
v 1.010323 1.087548 0.418490
v 1.030733 1.087548 0.426944
v 0.990907 0.874192 0.410447
v 1.010930 0.869908 0.418741
v 0.933407 0.669036 0.386630
v 0.952282 0.660629 0.394448
v 0.840033 0.479965 0.347953
v 0.857042 0.467754 0.354998
v 0.714375 0.314247 0.295904
v 0.728869 0.298694 0.301907
v 0.561263 0.178251 0.232482
v 0.572687 0.159945 0.237215
v 0.386581 0.077202 0.160127
v 0.394498 0.056840 0.163406
v 0.197045 0.014983 0.081618
v 0.201146 -0.006658 0.083317
v 0.177336 2.160114 0.118492
v 0.181027 2.181755 0.120958
v 0.347914 2.097895 0.232468
v 0.355038 2.118257 0.237229
v 0.505123 1.996845 0.337512
v 0.515405 2.015152 0.344383
v 0.642921 1.860849 0.429586
v 0.655965 1.876403 0.438302
v 0.756010 1.695132 0.505150
v 0.771317 1.707343 0.515378
v 0.840044 1.506061 0.561300
v 0.857031 1.514468 0.572650
v 0.891793 1.300905 0.595877
v 0.909813 1.305189 0.607917
v 0.909266 1.087548 0.607552
v 0.927635 1.087548 0.619826
v 0.891793 0.874192 0.595877
v 0.909813 0.869908 0.607917
v 0.840044 0.669036 0.561300
v 0.857031 0.660629 0.572650
v 0.756010 0.479965 0.505150
v 0.771317 0.467754 0.515378
v 0.642921 0.314247 0.429586
v 0.655965 0.298694 0.438302
v 0.505123 0.178251 0.337512
v 0.515405 0.159945 0.344383
v 0.347914 0.077202 0.232468
v 0.355038 0.056840 0.237229
v 0.177335 0.014983 0.118492
v 0.181027 -0.006658 0.120958
v 0.150812 2.160114 0.150811
v 0.153951 2.181755 0.153951
v 0.295876 2.097895 0.295876
v 0.301935 2.118257 0.301935
v 0.429572 1.996845 0.429572
v 0.438316 2.015152 0.438316
v 0.546759 1.860849 0.546759
v 0.557852 1.876403 0.557852
v 0.642933 1.695132 0.642933
v 0.655951 1.707343 0.655951
v 0.714399 1.506061 0.714399
v 0.728845 1.514468 0.728845
v 0.758407 1.300905 0.758407
v 0.773732 1.305189 0.773732
v 0.773267 1.087548 0.773268
v 0.788889 1.087548 0.788889
v 0.758407 0.874192 0.758407
v 0.773732 0.869908 0.773732
v 0.714399 0.669036 0.714399
v 0.728845 0.660629 0.728845
v 0.642933 0.479965 0.642933
v 0.655951 0.467754 0.655951
v 0.546759 0.314247 0.546759
v 0.557852 0.298694 0.557852
v 0.429572 0.178251 0.429572
v 0.438316 0.159945 0.438316
v 0.295876 0.077202 0.295876
v 0.301935 0.056840 0.301935
v 0.150811 0.014983 0.150811
v 0.153951 -0.006658 0.153950
v 0.118492 2.160114 0.177335
v 0.120958 2.181755 0.181027
v 0.232469 2.097895 0.347914
v 0.237229 2.118257 0.355038
v 0.337512 1.996845 0.505123
v 0.344383 2.015152 0.515405
v 0.429586 1.860849 0.642920
v 0.438302 1.876403 0.655965
v 0.505150 1.695132 0.756010
v 0.515378 1.707343 0.771317
v 0.561300 1.506061 0.840044
v 0.572650 1.514468 0.857031
v 0.595877 1.300905 0.891792
v 0.607917 1.305189 0.909812
v 0.607552 1.087548 0.909266
v 0.619826 1.087548 0.927635
v 0.595877 0.874192 0.891792
v 0.607917 0.869908 0.909812
v 0.561300 0.669036 0.840044
v 0.572650 0.660629 0.857031
v 0.505150 0.479965 0.756010
v 0.515378 0.467754 0.771317
v 0.429586 0.314247 0.642920
v 0.438302 0.298694 0.655965
v 0.337512 0.178251 0.505123
v 0.344383 0.159945 0.515405
v 0.232468 0.077202 0.347914
v 0.237229 0.056840 0.355038
v 0.118492 0.014983 0.177335
v 0.120958 -0.006658 0.181027
v 0.000000 -0.006016 0.000000
v 0.000000 -0.028108 0.000000
v 0.081619 2.160114 0.197045
v 0.083318 2.181755 0.201146
v 0.160127 2.097895 0.386581
v 0.163406 2.118257 0.394497
v 0.232483 1.996845 0.561262
v 0.237215 2.015152 0.572687
v 0.295904 1.860849 0.714375
v 0.301907 1.876403 0.728869
v 0.347953 1.695132 0.840033
v 0.354998 1.707343 0.857042
v 0.386630 1.506061 0.933407
v 0.394448 1.514468 0.952282
v 0.410447 1.300905 0.990906
v 0.418741 1.305189 1.010929
v 0.418489 1.087548 1.010322
v 0.426943 1.087548 1.030732
v 0.410447 0.874192 0.990906
v 0.418741 0.869908 1.010929
v 0.386630 0.669036 0.933407
v 0.394448 0.660629 0.952282
v 0.347953 0.479965 0.840033
v 0.354998 0.467754 0.857042
v 0.295904 0.314247 0.714375
v 0.301907 0.298694 0.728869
v 0.232483 0.178251 0.561262
v 0.237215 0.159945 0.572687
v 0.160127 0.077202 0.386581
v 0.163406 0.056840 0.394497
v 0.081619 0.014983 0.197044
v 0.083318 -0.006658 0.201146
v 0.041609 2.160114 0.209181
v 0.042475 2.181755 0.213535
v 0.081632 2.097895 0.410392
v 0.083304 2.118257 0.418796
v 0.118519 1.996845 0.595833
v 0.120931 2.015152 0.607961
v 0.150851 1.860849 0.758376
v 0.153911 1.876403 0.773763
v 0.177385 1.695132 0.891774
v 0.180977 1.707343 0.909830
v 0.197103 1.506061 0.990900
v 0.201088 1.514468 1.010937
v 0.209244 1.300905 1.051941
v 0.213472 1.305189 1.073197
v 0.213344 1.087548 1.072552
v 0.217654 1.087548 1.094220
v 0.209244 0.874192 1.051941
v 0.213472 0.869908 1.073197
v 0.197103 0.669036 0.990900
v 0.201088 0.660629 1.010937
v 0.177385 0.479965 0.891774
v 0.180977 0.467754 0.909830
v 0.150851 0.314247 0.758376
v 0.153911 0.298694 0.773763
v 0.118519 0.178251 0.595833
v 0.120931 0.159945 0.607961
v 0.081632 0.077202 0.410392
v 0.083304 0.056840 0.418796
v 0.041609 0.014983 0.209181
v 0.042475 -0.006658 0.213535
v 0.000000 2.160114 0.213279
v 0.000000 2.181755 0.217719
v 0.000000 2.097895 0.418432
v 0.000000 2.118257 0.427001
v 0.000000 1.996845 0.607506
v 0.000000 2.015152 0.619872
v 0.000000 1.860849 0.773234
v 0.000000 1.876403 0.788922
v 0.000000 1.695132 0.909245
v 0.000000 1.707343 0.927655
v 0.000000 1.506061 1.010313
v 0.000000 1.514468 1.030742
v 0.000000 1.300905 1.072550
v 0.000000 1.305189 1.094222
v 0.000000 1.087548 1.093565
v 0.000000 1.087548 1.115657
v 0.000000 0.874192 1.072550
v 0.000000 0.869908 1.094222
v 0.000000 0.669036 1.010313
v 0.000000 0.660629 1.030742
v 0.000000 0.479965 0.909245
v 0.000000 0.467754 0.927655
v 0.000000 0.314247 0.773234
v 0.000000 0.298694 0.788922
v 0.000000 0.178251 0.607506
v 0.000000 0.159945 0.619872
v 0.000000 0.077202 0.418432
v 0.000000 0.056840 0.427001
v 0.000000 0.014983 0.213279
v 0.000000 -0.006658 0.217719
v -0.041609 2.160114 0.209181
v -0.042474 2.181755 0.213535
v -0.081632 2.097895 0.410392
v -0.083303 2.118257 0.418796
v -0.118518 1.996845 0.595833
v -0.120931 2.015152 0.607961
v -0.150850 1.860849 0.758376
v -0.153911 1.876403 0.773763
v -0.177385 1.695132 0.891774
v -0.180976 1.707343 0.909830
v -0.197102 1.506061 0.990900
v -0.201087 1.514468 1.010937
v -0.209244 1.300905 1.051940
v -0.213472 1.305189 1.073197
v -0.213344 1.087548 1.072552
v -0.217654 1.087548 1.094220
v -0.209244 0.874192 1.051940
v -0.213472 0.869908 1.073197
v -0.197102 0.669036 0.990900
v -0.201087 0.660629 1.010937
v -0.177385 0.479965 0.891774
v -0.180976 0.467754 0.909830
v -0.150850 0.314247 0.758376
v -0.153911 0.298694 0.773763
v -0.118518 0.178251 0.595833
v -0.120931 0.159945 0.607961
v -0.081632 0.077202 0.410392
v -0.083303 0.056840 0.418796
v -0.041609 0.014983 0.209181
v -0.042474 -0.006658 0.213535
v -0.081618 2.160114 0.197045
v -0.083317 2.181755 0.201146
v -0.160127 2.097895 0.386581
v -0.163406 2.118257 0.394497
v -0.232482 1.996845 0.561262
v -0.237214 2.015152 0.572687
v -0.295904 1.860849 0.714375
v -0.301907 1.876403 0.728869
v -0.347953 1.695132 0.840033
v -0.354998 1.707343 0.857041
v -0.386629 1.506061 0.933407
v -0.394448 1.514468 0.952282
v -0.410447 1.300905 0.990906
v -0.418740 1.305189 1.010929
v -0.418489 1.087548 1.010322
v -0.426943 1.087548 1.030732
v -0.410447 0.874192 0.990906
v -0.418740 0.869908 1.010929
v -0.386629 0.669036 0.933407
v -0.394448 0.660629 0.952282
v -0.347953 0.479965 0.840033
v -0.354998 0.467754 0.857041
v -0.295904 0.314247 0.714375
v -0.301907 0.298694 0.728869
v -0.232482 0.178251 0.561262
v -0.237214 0.159945 0.572687
v -0.160127 0.077202 0.386580
v -0.163406 0.056840 0.394497
v -0.081618 0.014983 0.197044
v -0.083317 -0.006658 0.201146
v -0.118491 2.160114 0.177335
v -0.120958 2.181755 0.181027
v -0.232468 2.097895 0.347914
v -0.237229 2.118257 0.355038
v -0.337512 1.996845 0.505123
v -0.344382 2.015152 0.515405
v -0.429585 1.860849 0.642920
v -0.438301 1.876403 0.655964
v -0.505149 1.695132 0.756009
v -0.515377 1.707343 0.771317
v -0.561299 1.506061 0.840044
v -0.572649 1.514468 0.857031
v -0.595876 1.300905 0.891792
v -0.607917 1.305189 0.909812
v -0.607552 1.087548 0.909266
v -0.619825 1.087548 0.927634
v -0.595876 0.874192 0.891792
v -0.607917 0.869908 0.909812
v -0.561299 0.669036 0.840044
v -0.572649 0.660629 0.857031
v -0.505149 0.479965 0.756009
v -0.515377 0.467754 0.771317
v -0.429585 0.314247 0.642920
v -0.438301 0.298694 0.655964
v -0.337512 0.178251 0.505123
v -0.344382 0.159945 0.515404
v -0.232468 0.077202 0.347913
v -0.237229 0.056840 0.355038
v -0.118491 0.014983 0.177335
v -0.120958 -0.006658 0.181027
v -0.150811 2.160114 0.150811
v -0.153950 2.181755 0.153951
v -0.295876 2.097895 0.295876
v -0.301935 2.118257 0.301935
v -0.429571 1.996845 0.429572
v -0.438315 2.015152 0.438316
v -0.546759 1.860849 0.546759
v -0.557852 1.876403 0.557852
v -0.642933 1.695132 0.642933
v -0.655951 1.707343 0.655951
v -0.714398 1.506061 0.714399
v -0.728844 1.514468 0.728845
v -0.758407 1.300905 0.758407
v -0.773731 1.305189 0.773731
v -0.773267 1.087548 0.773267
v -0.788888 1.087548 0.788888
v -0.758407 0.874192 0.758407
v -0.773731 0.869908 0.773731
v -0.714398 0.669036 0.714399
v -0.728844 0.660629 0.728845
v -0.642933 0.479965 0.642933
v -0.655951 0.467754 0.655951
v -0.546759 0.314247 0.546759
v -0.557852 0.298694 0.557852
v -0.429571 0.178251 0.429571
v -0.438315 0.159945 0.438315
v -0.295875 0.077202 0.295876
v -0.301935 0.056840 0.301935
v -0.150811 0.014983 0.150811
v -0.153950 -0.006658 0.153950
v -0.177335 2.160114 0.118492
v -0.181026 2.181755 0.120958
v -0.347913 2.097895 0.232468
v -0.355038 2.118257 0.237229
v -0.505122 1.996845 0.337512
v -0.515404 2.015152 0.344382
v -0.642920 1.860849 0.429586
v -0.655964 1.876403 0.438301
v -0.756009 1.695132 0.505149
v -0.771317 1.707343 0.515377
v -0.840043 1.506061 0.561300
v -0.857030 1.514468 0.572650
v -0.891792 1.300905 0.595876
v -0.909812 1.305189 0.607917
v -0.909266 1.087548 0.607552
v -0.927634 1.087548 0.619825
v -0.891792 0.874192 0.595876
v -0.909812 0.869908 0.607917
v -0.840043 0.669036 0.561300
v -0.857030 0.660629 0.572650
v -0.756009 0.479965 0.505149
v -0.771317 0.467754 0.515377
v -0.642920 0.314247 0.429586
v -0.655964 0.298694 0.438301
v -0.505122 0.178251 0.337512
v -0.515404 0.159945 0.344382
v -0.347913 0.077202 0.232468
v -0.355037 0.056840 0.237229
v -0.177335 0.014983 0.118492
v -0.181026 -0.006658 0.120958
v 0.000000 2.181113 0.000000
v 0.000000 2.203205 0.000000
v -0.197044 2.160114 0.081619
v -0.201145 2.181755 0.083318
v -0.386580 2.097895 0.160127
v -0.394497 2.118257 0.163406
v -0.561262 1.996845 0.232482
v -0.572686 2.015152 0.237215
v -0.714375 1.860849 0.295904
v -0.728868 1.876403 0.301907
v -0.840032 1.695132 0.347953
v -0.857041 1.707343 0.354998
v -0.933406 1.506061 0.386630
v -0.952281 1.514468 0.394448
v -0.990906 1.300905 0.410447
v -1.010929 1.305189 0.418740
v -1.010322 1.087548 0.418489
v -1.030732 1.087548 0.426943
v -0.990906 0.874192 0.410447
v -1.010929 0.869908 0.418740
v -0.933406 0.669036 0.386630
v -0.952281 0.660629 0.394448
v -0.840032 0.479965 0.347953
v -0.857041 0.467754 0.354998
v -0.714375 0.314247 0.295904
v -0.728868 0.298694 0.301907
v -0.561262 0.178251 0.232482
v -0.572686 0.159945 0.237215
v -0.386580 0.077202 0.160127
v -0.394497 0.056840 0.163406
v -0.197044 0.014983 0.081618
v -0.201145 -0.006658 0.083317
v -0.209181 2.160114 0.041609
v -0.213535 2.181755 0.042475
v -0.410391 2.097895 0.081632
v -0.418795 2.118257 0.083304
v -0.595832 1.996845 0.118519
v -0.607961 2.015152 0.120931
v -0.758376 1.860849 0.150851
v -0.773763 1.876403 0.153911
v -0.891774 1.695132 0.177385
v -0.909830 1.707343 0.180976
v -0.990899 1.506061 0.197102
v -1.010936 1.514468 0.201088
v -1.051940 1.300905 0.209244
v -1.073196 1.305189 0.213472
v -1.072551 1.087548 0.213344
v -1.094219 1.087548 0.217653
v -1.051940 0.874192 0.209244
v -1.073196 0.869908 0.213472
v -0.990899 0.669036 0.197102
v -1.010936 0.660629 0.201088
v -0.891774 0.479965 0.177385
v -0.909830 0.467754 0.180976
v -0.758376 0.314247 0.150851
v -0.773763 0.298694 0.153911
v -0.595832 0.178251 0.118519
v -0.607961 0.159945 0.120931
v -0.410391 0.077202 0.081632
v -0.418795 0.056840 0.083304
v -0.209181 0.014983 0.041609
v -0.213535 -0.006658 0.042475
v -0.910344 1.709792 -0.011014
v -0.787014 1.860071 -0.011014
v -0.774041 1.860071 -0.142736
v -0.895001 1.709792 -0.166797
v -0.602824 2.011225 -0.011034
v -0.431408 2.102849 -0.011034
v -0.425271 2.102849 -0.073341
v -0.593393 2.011225 -0.106783
v -0.431408 0.072248 -0.011034
v -0.602824 0.163871 -0.011034
v -0.593393 0.163871 -0.106783
v -0.425271 0.072248 -0.073341
v -0.787014 0.315026 -0.011014
v -0.910344 0.465304 -0.011014
v -0.895001 0.465304 -0.166797
v -0.774041 0.315026 -0.142736
v -1.022652 0.675407 -0.010997
v -1.079095 0.861475 -0.010997
v -1.060506 0.861475 -0.199735
v -1.005147 0.675407 -0.188723
v -1.102445 1.098542 -0.010993
v -1.083386 1.292054 -0.010993
v -1.064714 1.292054 -0.200576
v -1.083407 1.098542 -0.204294
v -1.014231 1.520017 -0.011005
v -0.922579 1.691485 -0.011005
v -0.906999 1.691485 -0.169193
v -0.996889 1.520017 -0.187073
v -0.771429 1.875654 -0.011024
v -0.621166 1.998971 -0.011024
v -0.611382 1.998971 -0.110371
v -0.758757 1.875654 -0.139685
v -0.225028 0.007383 -0.011041
v -0.411011 0.063800 -0.011041
v -0.405268 0.063800 -0.069355
v -0.222859 0.007383 -0.033071
v -0.411012 2.111296 -0.011041
v -0.225029 2.167714 -0.011041
v -0.222859 2.167714 -0.033071
v -0.405268 2.111296 -0.069355
v -0.621166 0.176126 -0.011024
v -0.771429 0.299443 -0.011024
v -0.758757 0.299443 -0.139685
v -0.611382 0.176126 -0.110371
v -0.922579 0.483612 -0.011005
v -1.014231 0.655080 -0.011005
v -0.996890 0.655080 -0.187073
v -0.906999 0.483612 -0.169193
v -1.083386 0.883043 -0.010993
v -1.102445 1.076555 -0.010993
v -1.083407 1.076555 -0.204294
v -1.064714 0.883043 -0.200576
v -1.079095 1.313622 -0.010997
v -1.022652 1.499690 -0.010997
v -1.005147 1.499690 -0.188723
v -1.060506 1.313622 -0.199735
v -0.902705 0.483612 -0.190779
v -0.992596 0.655080 -0.208660
v -0.941238 0.655080 -0.377962
v -0.856563 0.483612 -0.342889
v -1.060424 0.883043 -0.222140
v -1.079117 1.076555 -0.225859
v -1.022733 1.076555 -0.411731
v -1.005125 0.883043 -0.404437
v -1.056215 1.313622 -0.221307
v -1.000857 1.499690 -0.210295
v -0.949016 1.499690 -0.381192
v -1.001162 1.313622 -0.402792
v -0.890704 1.709792 -0.188402
v -0.769743 1.860071 -0.164341
v -0.731321 1.860071 -0.291001
v -0.845263 1.709792 -0.338198
v -0.589088 2.011225 -0.128427
v -0.420966 2.102849 -0.094986
v -0.402792 2.102849 -0.154898
v -0.561159 2.011225 -0.220496
v -0.420966 0.072248 -0.094986
v -0.589088 0.163871 -0.128427
v -0.561159 0.163871 -0.220496
v -0.402791 0.072248 -0.154898
v -0.769743 0.315026 -0.164341
v -0.890704 0.465304 -0.188402
v -0.845263 0.465304 -0.338198
v -0.731321 0.315026 -0.291001
v -1.000857 0.675407 -0.210295
v -1.056215 0.861475 -0.221307
v -1.001162 0.861475 -0.402792
v -0.949016 0.675407 -0.381192
v -1.079117 1.098542 -0.225859
v -1.060424 1.292054 -0.222140
v -1.005125 1.292054 -0.404437
v -1.022733 1.098542 -0.411731
v -0.992596 1.520017 -0.208660
v -0.902705 1.691485 -0.190779
v -0.856563 1.691485 -0.342889
v -0.941238 1.520017 -0.377962
v -0.754455 1.875654 -0.161311
v -0.607080 1.998971 -0.131996
v -0.578102 1.998971 -0.227525
v -0.716926 1.875654 -0.285028
v -0.218550 0.007383 -0.054730
v -0.400960 0.063800 -0.091014
v -0.383950 0.063800 -0.147086
v -0.212125 0.007383 -0.075914
v -0.400960 2.111296 -0.091014
v -0.218551 2.167714 -0.054730
v -0.212125 2.167714 -0.075914
v -0.383951 2.111296 -0.147086
v -0.607080 0.176126 -0.131996
v -0.754455 0.299443 -0.161311
v -0.716926 0.299443 -0.285028
v -0.578102 0.176126 -0.227525
v -0.848141 0.483612 -0.363223
v -0.932816 0.655080 -0.398296
v -0.849416 0.655080 -0.554326
v -0.773210 0.483612 -0.503408
v -0.996711 0.883043 -0.424750
v -1.014320 1.076555 -0.432044
v -0.922757 1.076555 -0.603345
v -0.906910 0.883043 -0.592756
v -0.992745 1.313622 -0.423112
v -0.940599 1.499690 -0.401512
v -0.856414 1.499690 -0.559011
v -0.903344 1.313622 -0.590369
v -0.836833 1.709792 -0.358550
v -0.722891 1.860071 -0.311353
v -0.660497 1.860071 -0.428084
v -0.763043 1.709792 -0.496602
v -0.552714 2.011225 -0.240885
v -0.394346 2.102849 -0.175287
v -0.364833 2.102849 -0.230503
v -0.507360 2.011225 -0.325736
v -0.394346 0.072248 -0.175287
v -0.552714 0.163871 -0.240885
v -0.507360 0.163871 -0.325736
v -0.364833 0.072248 -0.230503
v -0.722891 0.315026 -0.311353
v -0.836833 0.465304 -0.358550
v -0.763043 0.465304 -0.496602
v -0.660497 0.315026 -0.428084
v -0.940599 0.675407 -0.401512
v -0.992745 0.861475 -0.423112
v -0.903344 0.861475 -0.590369
v -0.856414 0.675407 -0.559011
v -1.014320 1.098542 -0.432044
v -0.996711 1.292054 -0.424750
v -0.906910 1.292054 -0.592756
v -0.922757 1.098542 -0.603345
v -0.932816 1.520017 -0.398296
v -0.848141 1.691485 -0.363223
v -0.773210 1.691485 -0.503408
v -0.849416 1.520017 -0.554326
v -0.708488 1.875654 -0.305398
v -0.569664 1.998971 -0.247896
v -0.522606 1.998971 -0.335935
v -0.647544 1.875654 -0.419416
v -0.203674 0.007383 -0.096316
v -0.375499 0.063800 -0.167488
v -0.347878 0.063800 -0.219165
v -0.193239 0.007383 -0.115838
v -0.375500 2.111296 -0.167488
v -0.203674 2.167714 -0.096316
v -0.193239 2.167714 -0.115839
v -0.347878 2.111296 -0.219165
v -0.569664 0.176126 -0.247895
v -0.708488 0.299443 -0.305398
v -0.647544 0.299443 -0.419416
v -0.522606 0.176126 -0.335935
v -0.760983 0.483612 -0.521708
v -0.837188 0.655080 -0.572627
v -0.724951 0.655080 -0.709388
v -0.660143 0.483612 -0.644581
v -0.894695 0.883043 -0.611038
v -0.910542 1.076555 -0.621627
v -0.787320 1.076555 -0.771773
v -0.773843 0.883043 -0.758296
v -0.891125 1.313622 -0.608657
v -0.844194 1.499690 -0.577299
v -0.730900 1.499690 -0.715348
v -0.770811 1.313622 -0.755259
v -0.750804 1.709792 -0.514918
v -0.648259 1.860071 -0.446400
v -0.564291 1.860071 -0.548715
v -0.651499 1.709792 -0.635923
v -0.495099 2.011225 -0.344086
v -0.352572 2.102849 -0.248852
v -0.312854 2.102849 -0.297249
v -0.434063 2.011225 -0.418458
v -0.352572 0.072248 -0.248852
v -0.495099 0.163871 -0.344086
v -0.434063 0.163871 -0.418458
v -0.312854 0.072248 -0.297249
v -0.648259 0.315026 -0.446400
v -0.750804 0.465304 -0.514918
v -0.651499 0.465304 -0.635923
v -0.564291 0.315026 -0.548715
v -0.844194 0.675407 -0.577299
v -0.891125 0.861475 -0.608657
v -0.770811 0.861475 -0.755259
v -0.730900 0.675407 -0.715348
v -0.910542 1.098542 -0.621627
v -0.894695 1.292054 -0.611038
v -0.773843 1.292054 -0.758296
v -0.787320 1.098542 -0.771773
v -0.837188 1.520017 -0.572627
v -0.760983 1.691485 -0.521708
v -0.660143 1.691485 -0.644581
v -0.724951 1.520017 -0.709388
v -0.635294 1.875654 -0.437749
v -0.510356 1.998971 -0.354268
v -0.447026 1.998971 -0.431435
v -0.553278 1.875654 -0.537687
v -0.180970 0.007383 -0.134200
v -0.335609 0.063800 -0.237526
v -0.298436 0.063800 -0.282821
v -0.166927 0.007383 -0.151312
v -0.335609 2.111296 -0.237527
v -0.180970 2.167714 -0.134200
v -0.166927 2.167714 -0.151312
v -0.298436 2.111296 -0.282822
v -0.510356 0.176126 -0.354268
v -0.635294 0.299443 -0.437749
v -0.553278 0.299443 -0.537687
v -0.447026 0.176126 -0.431435
v -0.644580 0.483612 -0.660143
v -0.709388 0.655080 -0.724951
v -0.572626 0.655080 -0.837188
v -0.521707 0.483612 -0.760983
v -0.758296 0.883043 -0.773843
v -0.771773 1.076555 -0.787320
v -0.621626 1.076555 -0.910542
v -0.611037 0.883043 -0.894695
v -0.755259 1.313622 -0.770812
v -0.715348 1.499690 -0.730901
v -0.577299 1.499690 -0.844194
v -0.608657 1.313622 -0.891125
v -0.635922 1.709792 -0.651499
v -0.548715 1.860071 -0.564291
v -0.446399 1.860071 -0.648259
v -0.514918 1.709792 -0.750805
v -0.418458 2.011225 -0.434063
v -0.297249 2.102849 -0.312854
v -0.248852 2.102849 -0.352572
v -0.344085 2.011225 -0.495099
v -0.297249 0.072248 -0.312854
v -0.418458 0.163871 -0.434063
v -0.344085 0.163871 -0.495099
v -0.248852 0.072248 -0.352572
v -0.548715 0.315026 -0.564291
v -0.635922 0.465304 -0.651499
v -0.514918 0.465304 -0.750805
v -0.446399 0.315026 -0.648259
v -0.715348 0.675407 -0.730901
v -0.755259 0.861475 -0.770812
v -0.608657 0.861475 -0.891125
v -0.577299 0.675407 -0.844194
v -0.771773 1.098542 -0.787320
v -0.758296 1.292054 -0.773843
v -0.611037 1.292054 -0.894695
v -0.621626 1.098542 -0.910542
v -0.709388 1.520017 -0.724951
v -0.644580 1.691485 -0.660143
v -0.521707 1.691485 -0.760983
v -0.572626 1.520017 -0.837188
v -0.537687 1.875654 -0.553278
v -0.431435 1.998971 -0.447027
v -0.354268 1.998971 -0.510356
v -0.437749 1.875654 -0.635295
v -0.151311 0.007383 -0.166927
v -0.282821 0.063800 -0.298437
v -0.237526 0.063800 -0.335609
v -0.134200 0.007383 -0.180970
v -0.282821 2.111296 -0.298437
v -0.151312 2.167714 -0.166927
v -0.134200 2.167714 -0.180970
v -0.237526 2.111296 -0.335609
v -0.431435 0.176126 -0.447027
v -0.537687 0.299443 -0.553278
v -0.437749 0.299443 -0.635295
v -0.354268 0.176126 -0.510356
v -0.503407 0.483612 -0.773211
v -0.554326 0.655080 -0.849416
v -0.398296 0.655080 -0.932816
v -0.363222 0.483612 -0.848141
v -0.592756 0.883043 -0.906910
v -0.603345 1.076555 -0.922758
v -0.432044 1.076555 -1.014320
v -0.424750 0.883043 -0.996711
v -0.590369 1.313622 -0.903345
v -0.559011 1.499690 -0.856414
v -0.401512 1.499690 -0.940599
v -0.423112 1.313622 -0.992745
v -0.496602 1.709792 -0.763043
v -0.428083 1.860071 -0.660498
v -0.311353 1.860071 -0.722891
v -0.358549 1.709792 -0.836834
v -0.325736 2.011225 -0.507360
v -0.230503 2.102849 -0.364833
v -0.175287 2.102849 -0.394346
v -0.240885 2.011225 -0.552714
v -0.230503 0.072248 -0.364833
v -0.325736 0.163871 -0.507360
v -0.240885 0.163871 -0.552714
v -0.175287 0.072248 -0.394346
v -0.428083 0.315026 -0.660498
v -0.496602 0.465304 -0.763043
v -0.358549 0.465304 -0.836834
v -0.311353 0.315026 -0.722891
v -0.559011 0.675407 -0.856414
v -0.590369 0.861475 -0.903345
v -0.423112 0.861475 -0.992745
v -0.401512 0.675407 -0.940599
v -0.603345 1.098542 -0.922758
v -0.592756 1.292054 -0.906910
v -0.424750 1.292054 -0.996711
v -0.432044 1.098542 -1.014320
v -0.554326 1.520017 -0.849416
v -0.503407 1.691485 -0.773211
v -0.363222 1.691485 -0.848141
v -0.398296 1.520017 -0.932816
v -0.419416 1.875654 -0.647544
v -0.335935 1.998971 -0.522606
v -0.247895 1.998971 -0.569664
v -0.305398 1.875654 -0.708488
v -0.115838 0.007383 -0.193239
v -0.219165 0.063800 -0.347878
v -0.167488 0.063800 -0.375500
v -0.096316 0.007383 -0.203674
v -0.219165 2.111296 -0.347878
v -0.115838 2.167714 -0.193239
v -0.096316 2.167714 -0.203674
v -0.167488 2.111296 -0.375500
v -0.335935 0.176126 -0.522606
v -0.419416 0.299443 -0.647544
v -0.305398 0.299443 -0.708488
v -0.247895 0.176126 -0.569664
v -0.342888 0.483612 -0.856563
v -0.377962 0.655080 -0.941238
v -0.208660 0.655080 -0.992596
v -0.190779 0.483612 -0.902705
v -0.404437 0.883043 -1.005125
v -0.411731 1.076555 -1.022734
v -0.225858 1.076555 -1.079118
v -0.222140 0.883043 -1.060424
v -0.402791 1.313622 -1.001162
v -0.381191 1.499690 -0.949016
v -0.210295 1.499690 -1.000857
v -0.221307 1.313622 -1.056215
v -0.338198 1.709792 -0.845264
v -0.291001 1.860071 -0.731321
v -0.164341 1.860071 -0.769743
v -0.188402 1.709792 -0.890704
v -0.220496 2.011225 -0.561159
v -0.154898 2.102849 -0.402792
v -0.094985 2.102849 -0.420966
v -0.128427 2.011225 -0.589088
v -0.154898 0.072248 -0.402792
v -0.220496 0.163871 -0.561159
v -0.128427 0.163871 -0.589088
v -0.094985 0.072248 -0.420966
v -0.291001 0.315026 -0.731321
v -0.338198 0.465304 -0.845264
v -0.188402 0.465304 -0.890704
v -0.164341 0.315026 -0.769743
v -0.381192 0.675407 -0.949016
v -0.402791 0.861475 -1.001162
v -0.221307 0.861475 -1.056215
v -0.210295 0.675407 -1.000857
v -0.411731 1.098542 -1.022734
v -0.404437 1.292054 -1.005125
v -0.222140 1.292054 -1.060424
v -0.225858 1.098542 -1.079118
v -0.377962 1.520017 -0.941238
v -0.342888 1.691485 -0.856563
v -0.190779 1.691485 -0.902705
v -0.208660 1.520017 -0.992596
v -0.285027 1.875654 -0.716926
v -0.227524 1.998971 -0.578102
v -0.131996 1.998971 -0.607080
v -0.161311 1.875654 -0.754455
v -0.075913 0.007383 -0.212125
v -0.147086 0.063800 -0.383951
v -0.091013 0.063800 -0.400960
v -0.054730 0.007383 -0.218551
v -0.147086 2.111296 -0.383951
v -0.075913 2.167714 -0.212125
v -0.054730 2.167714 -0.218551
v -0.091014 2.111296 -0.400960
v -0.227524 0.176126 -0.578102
v -0.285027 0.299443 -0.716926
v -0.161311 0.299443 -0.754455
v -0.131996 0.176126 -0.607080
v -0.169193 0.483612 -0.906999
v -0.187073 0.655080 -0.996890
v -0.011004 0.655080 -1.014231
v -0.011004 0.483612 -0.922579
v -0.200576 0.883043 -1.064714
v -0.204294 1.076555 -1.083407
v -0.010993 1.076555 -1.102445
v -0.010993 0.883043 -1.083386
v -0.199735 1.313622 -1.060506
v -0.188723 1.499690 -1.005147
v -0.010997 1.499690 -1.022652
v -0.010997 1.313622 -1.079095
v -0.166796 1.709792 -0.895001
v -0.142736 1.860071 -0.774041
v -0.011014 1.860071 -0.787014
v -0.011014 1.709792 -0.910344
v -0.106783 2.011225 -0.593393
v -0.073341 2.102849 -0.425271
v -0.011034 2.102849 -0.431408
v -0.011034 2.011225 -0.602824
v -0.073341 0.072248 -0.425271
v -0.106783 0.163871 -0.593393
v -0.011034 0.163871 -0.602824
v -0.011034 0.072248 -0.431408
v -0.142736 0.315026 -0.774041
v -0.166796 0.465304 -0.895001
v -0.011014 0.465304 -0.910344
v -0.011014 0.315026 -0.787014
v -0.188723 0.675407 -1.005147
v -0.199735 0.861475 -1.060506
v -0.010997 0.861475 -1.079095
v -0.010997 0.675407 -1.022652
v -0.204294 1.098542 -1.083407
v -0.200576 1.292054 -1.064714
v -0.010993 1.292054 -1.083386
v -0.010993 1.098542 -1.102445
v -0.187073 1.520017 -0.996890
v -0.169193 1.691485 -0.906999
v -0.011004 1.691485 -0.922579
v -0.011004 1.520017 -1.014231
v -0.139685 1.875654 -0.758757
v -0.110370 1.998971 -0.611382
v -0.011024 1.998971 -0.621167
v -0.011024 1.875654 -0.771429
v -0.033071 0.007383 -0.222859
v -0.069355 0.063800 -0.405268
v -0.011041 0.063800 -0.411011
v -0.011041 0.007383 -0.225029
v -0.069355 2.111296 -0.405268
v -0.033071 2.167714 -0.222859
v -0.011041 2.167714 -0.225029
v -0.011041 2.111296 -0.411012
v -0.110370 0.176126 -0.611382
v -0.139685 0.299443 -0.758757
v -0.011024 0.299443 -0.771429
v -0.011024 0.176126 -0.621166
v 0.011005 0.483612 -0.922579
v 0.011005 0.655080 -1.014231
v 0.187074 0.655080 -0.996890
v 0.169193 0.483612 -0.906999
v 0.010994 0.883043 -1.083386
v 0.010994 1.076555 -1.102445
v 0.204295 1.076555 -1.083407
v 0.200576 0.883043 -1.064714
v 0.010998 1.313622 -1.079095
v 0.010998 1.499690 -1.022652
v 0.188724 1.499690 -1.005147
v 0.199735 1.313622 -1.060506
v 0.011015 1.709792 -0.910344
v 0.011015 1.860071 -0.787014
v 0.142737 1.860071 -0.774041
v 0.166797 1.709792 -0.895001
v 0.011035 2.011225 -0.602824
v 0.011035 2.102849 -0.431408
v 0.073342 2.102849 -0.425271
v 0.106783 2.011225 -0.593393
v 0.011035 0.072248 -0.431408
v 0.011035 0.163871 -0.602824
v 0.106783 0.163871 -0.593393
v 0.073342 0.072248 -0.425271
v 0.011015 0.315026 -0.787014
v 0.011015 0.465304 -0.910344
v 0.166797 0.465304 -0.895001
v 0.142737 0.315026 -0.774041
v 0.010998 0.675407 -1.022652
v 0.010998 0.861475 -1.079095
v 0.199735 0.861475 -1.060506
v 0.188724 0.675407 -1.005147
v 0.010994 1.098542 -1.102445
v 0.010994 1.292054 -1.083386
v 0.200576 1.292054 -1.064714
v 0.204295 1.098542 -1.083407
v 0.011005 1.520017 -1.014231
v 0.011005 1.691485 -0.922579
v 0.169193 1.691485 -0.906999
v 0.187074 1.520017 -0.996890
v 0.011025 1.875654 -0.771429
v 0.011025 1.998971 -0.621167
v 0.110371 1.998971 -0.611382
v 0.139686 1.875654 -0.758757
v 0.011042 0.007383 -0.225029
v 0.011042 0.063800 -0.411011
v 0.069355 0.063800 -0.405268
v 0.033072 0.007383 -0.222859
v 0.011042 2.111296 -0.411012
v 0.011042 2.167714 -0.225029
v 0.033072 2.167714 -0.222859
v 0.069355 2.111296 -0.405268
v 0.011025 0.176126 -0.621166
v 0.011025 0.299443 -0.771429
v 0.139686 0.299443 -0.758757
v 0.110371 0.176126 -0.611382
v 0.190780 0.483612 -0.902705
v 0.208660 0.655080 -0.992596
v 0.377963 0.655080 -0.941238
v 0.342889 0.483612 -0.856563
v 0.222141 0.883043 -1.060424
v 0.225859 1.076555 -1.079117
v 0.411731 1.076555 -1.022734
v 0.404438 0.883043 -1.005125
v 0.221307 1.313622 -1.056215
v 0.210296 1.499690 -1.000857
v 0.381192 1.499690 -0.949016
v 0.402792 1.313622 -1.001162
v 0.188402 1.709792 -0.890704
v 0.164342 1.860071 -0.769743
v 0.291002 1.860071 -0.731321
v 0.338198 1.709792 -0.845263
v 0.128428 2.011225 -0.589088
v 0.094986 2.102849 -0.420966
v 0.154899 2.102849 -0.402792
v 0.220497 2.011225 -0.561159
v 0.094986 0.072248 -0.420966
v 0.128428 0.163871 -0.589088
v 0.220497 0.163871 -0.561159
v 0.154899 0.072248 -0.402791
v 0.164342 0.315026 -0.769743
v 0.188402 0.465304 -0.890704
v 0.338198 0.465304 -0.845263
v 0.291002 0.315026 -0.731321
v 0.210296 0.675407 -1.000857
v 0.221307 0.861475 -1.056215
v 0.402792 0.861475 -1.001162
v 0.381192 0.675407 -0.949016
v 0.225859 1.098542 -1.079117
v 0.222141 1.292054 -1.060424
v 0.404438 1.292054 -1.005125
v 0.411731 1.098542 -1.022734
v 0.208660 1.520017 -0.992596
v 0.190780 1.691485 -0.902705
v 0.342889 1.691485 -0.856563
v 0.377963 1.520017 -0.941238
v 0.161311 1.875654 -0.754455
v 0.131997 1.998971 -0.607080
v 0.227525 1.998971 -0.578102
v 0.285028 1.875654 -0.716926
v 0.054731 0.007383 -0.218551
v 0.091014 0.063800 -0.400960
v 0.147087 0.063800 -0.383950
v 0.075914 0.007383 -0.212125
v 0.091014 2.111296 -0.400960
v 0.054731 2.167714 -0.218551
v 0.075914 2.167714 -0.212125
v 0.147087 2.111296 -0.383951
v 0.131997 0.176126 -0.607080
v 0.161311 0.299443 -0.754455
v 0.285028 0.299443 -0.716926
v 0.227525 0.176126 -0.578102
v 0.363223 0.483612 -0.848141
v 0.398297 0.655080 -0.932816
v 0.554327 0.655080 -0.849416
v 0.503408 0.483612 -0.773210
v 0.424751 0.883043 -0.996711
v 0.432045 1.076555 -1.014320
v 0.603346 1.076555 -0.922757
v 0.592757 0.883043 -0.906910
v 0.423112 1.313622 -0.992745
v 0.401513 1.499690 -0.940599
v 0.559011 1.499690 -0.856414
v 0.590369 1.313622 -0.903344
v 0.358550 1.709792 -0.836833
v 0.311354 1.860071 -0.722891
v 0.428084 1.860071 -0.660498
v 0.496603 1.709792 -0.763043
v 0.240885 2.011225 -0.552714
v 0.175287 2.102849 -0.394346
v 0.230503 2.102849 -0.364833
v 0.325737 2.011225 -0.507360
v 0.175287 0.072248 -0.394346
v 0.240885 0.163871 -0.552714
v 0.325737 0.163871 -0.507360
v 0.230503 0.072248 -0.364833
v 0.311354 0.315026 -0.722891
v 0.358550 0.465304 -0.836833
v 0.496603 0.465304 -0.763043
v 0.428084 0.315026 -0.660498
v 0.401513 0.675407 -0.940599
v 0.423112 0.861475 -0.992745
v 0.590369 0.861475 -0.903344
v 0.559011 0.675407 -0.856414
v 0.432045 1.098542 -1.014320
v 0.424751 1.292054 -0.996711
v 0.592757 1.292054 -0.906910
v 0.603346 1.098542 -0.922757
v 0.398297 1.520017 -0.932816
v 0.363223 1.691485 -0.848141
v 0.503408 1.691485 -0.773210
v 0.554327 1.520017 -0.849416
v 0.305399 1.875654 -0.708488
v 0.247896 1.998971 -0.569664
v 0.335935 1.998971 -0.522606
v 0.419417 1.875654 -0.647544
v 0.096316 0.007383 -0.203674
v 0.167489 0.063800 -0.375500
v 0.219165 0.063800 -0.347878
v 0.115839 0.007383 -0.193239
v 0.167489 2.111296 -0.375500
v 0.096316 2.167714 -0.203674
v 0.115839 2.167714 -0.193239
v 0.219165 2.111296 -0.347878
v 0.247896 0.176126 -0.569664
v 0.305399 0.299443 -0.708488
v 0.419417 0.299443 -0.647544
v 0.335935 0.176126 -0.522606
v 0.521708 0.483612 -0.760983
v 0.572627 0.655080 -0.837188
v 0.709388 0.655080 -0.724951
v 0.644581 0.483612 -0.660143
v 0.611038 0.883043 -0.894695
v 0.621627 1.076555 -0.910542
v 0.771774 1.076555 -0.787320
v 0.758296 0.883043 -0.773843
v 0.608657 1.313622 -0.891125
v 0.577299 1.499690 -0.844194
v 0.715348 1.499690 -0.730901
v 0.755259 1.313622 -0.770812
v 0.514919 1.709792 -0.750804
v 0.446400 1.860071 -0.648259
v 0.548715 1.860071 -0.564291
v 0.635923 1.709792 -0.651499
v 0.344086 2.011225 -0.495099
v 0.248852 2.102849 -0.352572
v 0.297250 2.102849 -0.312854
v 0.418459 2.011225 -0.434063
v 0.248852 0.072248 -0.352572
v 0.344086 0.163871 -0.495099
v 0.418459 0.163871 -0.434063
v 0.297249 0.072248 -0.312854
v 0.446400 0.315026 -0.648259
v 0.514919 0.465304 -0.750804
v 0.635923 0.465304 -0.651499
v 0.548715 0.315026 -0.564291
v 0.577299 0.675407 -0.844194
v 0.608657 0.861475 -0.891125
v 0.755259 0.861475 -0.770812
v 0.715348 0.675407 -0.730901
v 0.621627 1.098542 -0.910542
v 0.611038 1.292054 -0.894695
v 0.758296 1.292054 -0.773843
v 0.771774 1.098542 -0.787320
v 0.572627 1.520017 -0.837188
v 0.521708 1.691485 -0.760983
v 0.644581 1.691485 -0.660143
v 0.709388 1.520017 -0.724951
v 0.437750 1.875654 -0.635295
v 0.354269 1.998971 -0.510356
v 0.431436 1.998971 -0.447027
v 0.537687 1.875654 -0.553278
v 0.134200 0.007383 -0.180970
v 0.237527 0.063800 -0.335609
v 0.282822 0.063800 -0.298436
v 0.151312 0.007383 -0.166927
v 0.237527 2.111296 -0.335609
v 0.134200 2.167714 -0.180970
v 0.151312 2.167714 -0.166927
v 0.282822 2.111296 -0.298437
v 0.354269 0.176126 -0.510356
v 0.437750 0.299443 -0.635295
v 0.537687 0.299443 -0.553278
v 0.431436 0.176126 -0.447026
v 0.660144 0.483612 -0.644580
v 0.724951 0.655080 -0.709388
v 0.837189 0.655080 -0.572627
v 0.760983 0.483612 -0.521707
v 0.773843 0.883043 -0.758296
v 0.787321 1.076555 -0.771773
v 0.910543 1.076555 -0.621626
v 0.894695 0.883043 -0.611037
v 0.770812 1.313622 -0.755259
v 0.730901 1.499690 -0.715348
v 0.844195 1.499690 -0.577299
v 0.891125 1.313622 -0.608657
v 0.651499 1.709792 -0.635922
v 0.564292 1.860071 -0.548715
v 0.648260 1.860071 -0.446400
v 0.750805 1.709792 -0.514918
v 0.434064 2.011225 -0.418458
v 0.312854 2.102849 -0.297249
v 0.352573 2.102849 -0.248852
v 0.495100 2.011225 -0.344085
v 0.312854 0.072248 -0.297249
v 0.434063 0.163871 -0.418458
v 0.495100 0.163871 -0.344085
v 0.352573 0.072248 -0.248852
v 0.564292 0.315026 -0.548715
v 0.651499 0.465304 -0.635922
v 0.750805 0.465304 -0.514918
v 0.648260 0.315026 -0.446400
v 0.730901 0.675407 -0.715348
v 0.770812 0.861475 -0.755259
v 0.891125 0.861475 -0.608657
v 0.844195 0.675407 -0.577299
v 0.787321 1.098542 -0.771773
v 0.773843 1.292054 -0.758296
v 0.894695 1.292054 -0.611037
v 0.910543 1.098542 -0.621626
v 0.724951 1.520017 -0.709388
v 0.660144 1.691485 -0.644580
v 0.760983 1.691485 -0.521707
v 0.837189 1.520017 -0.572627
v 0.553278 1.875654 -0.537687
v 0.447027 1.998971 -0.431435
v 0.510356 1.998971 -0.354268
v 0.635295 1.875654 -0.437749
v 0.166927 0.007383 -0.151312
v 0.298437 0.063800 -0.282821
v 0.335610 0.063800 -0.237526
v 0.180970 0.007383 -0.134200
v 0.298437 2.111296 -0.282821
v 0.166927 2.167714 -0.151312
v 0.180971 2.167714 -0.134200
v 0.335610 2.111296 -0.237526
v 0.447027 0.176126 -0.431435
v 0.553278 0.299443 -0.537687
v 0.635295 0.299443 -0.437749
v 0.510356 0.176126 -0.354268
v 0.773211 0.483612 -0.503407
v 0.849416 0.655080 -0.554326
v 0.932816 0.655080 -0.398296
v 0.848141 0.483612 -0.363223
v 0.906910 0.883043 -0.592756
v 0.922758 1.076555 -0.603345
v 1.014320 1.076555 -0.432044
v 0.996711 0.883043 -0.424750
v 0.903345 1.313622 -0.590369
v 0.856414 1.499690 -0.559011
v 0.940599 1.499690 -0.401512
v 0.992746 1.313622 -0.423112
v 0.763043 1.709792 -0.496602
v 0.660498 1.860071 -0.428084
v 0.722892 1.860071 -0.311353
v 0.836834 1.709792 -0.358549
v 0.507360 2.011225 -0.325736
v 0.364833 2.102849 -0.230503
v 0.394347 2.102849 -0.175287
v 0.552714 2.011225 -0.240885
v 0.364833 0.072248 -0.230503
v 0.507360 0.163871 -0.325736
v 0.552714 0.163871 -0.240885
v 0.394347 0.072248 -0.175287
v 0.660498 0.315026 -0.428084
v 0.763043 0.465304 -0.496602
v 0.836834 0.465304 -0.358549
v 0.722892 0.315026 -0.311353
v 0.856414 0.675407 -0.559011
v 0.903345 0.861475 -0.590369
v 0.992746 0.861475 -0.423112
v 0.940599 0.675407 -0.401512
v 0.922758 1.098542 -0.603345
v 0.906910 1.292054 -0.592756
v 0.996711 1.292054 -0.424750
v 1.014320 1.098542 -0.432044
v 0.849416 1.520017 -0.554326
v 0.773211 1.691485 -0.503407
v 0.848141 1.691485 -0.363223
v 0.932816 1.520017 -0.398296
v 0.647545 1.875654 -0.419416
v 0.522606 1.998971 -0.335935
v 0.569664 1.998971 -0.247895
v 0.708489 1.875654 -0.305398
v 0.193239 0.007383 -0.115838
v 0.347878 0.063800 -0.219165
v 0.375500 0.063800 -0.167488
v 0.203674 0.007383 -0.096316
v 0.347878 2.111296 -0.219165
v 0.193239 2.167714 -0.115838
v 0.203675 2.167714 -0.096316
v 0.375500 2.111296 -0.167488
v 0.522606 0.176126 -0.335935
v 0.647545 0.299443 -0.419416
v 0.708489 0.299443 -0.305398
v 0.569664 0.176126 -0.247895
v 0.856564 0.483612 -0.342889
v 0.941239 0.655080 -0.377962
v 0.992596 0.655080 -0.208660
v 0.902705 0.483612 -0.190779
v 1.005125 0.883043 -0.404437
v 1.022734 1.076555 -0.411731
v 1.079118 1.076555 -0.225858
v 1.060425 0.883043 -0.222140
v 1.001163 1.313622 -0.402791
v 0.949016 1.499690 -0.381192
v 1.000857 1.499690 -0.210295
v 1.056215 1.313622 -0.221307
v 0.845264 1.709792 -0.338198
v 0.731322 1.860071 -0.291001
v 0.769744 1.860071 -0.164341
v 0.890704 1.709792 -0.188402
v 0.561160 2.011225 -0.220496
v 0.402792 2.102849 -0.154898
v 0.420966 2.102849 -0.094986
v 0.589088 2.011225 -0.128427
v 0.402792 0.072248 -0.154898
v 0.561159 0.163871 -0.220496
v 0.589088 0.163871 -0.128427
v 0.420966 0.072248 -0.094986
v 0.731322 0.315026 -0.291001
v 0.845264 0.465304 -0.338198
v 0.890704 0.465304 -0.188402
v 0.769744 0.315026 -0.164341
v 0.949016 0.675407 -0.381192
v 1.001163 0.861475 -0.402791
v 1.056215 0.861475 -0.221307
v 1.000857 0.675407 -0.210295
v 1.022734 1.098542 -0.411731
v 1.005125 1.292054 -0.404437
v 1.060425 1.292054 -0.222140
v 1.079118 1.098542 -0.225858
v 0.941239 1.520017 -0.377962
v 0.856564 1.691485 -0.342889
v 0.902705 1.691485 -0.190779
v 0.992596 1.520017 -0.208660
v 0.716926 1.875654 -0.285027
v 0.578102 1.998971 -0.227525
v 0.607081 1.998971 -0.131996
v 0.754455 1.875654 -0.161311
v 0.212125 0.007383 -0.075914
v 0.383951 0.063800 -0.147086
v 0.400960 0.063800 -0.091014
v 0.218551 0.007383 -0.054730
v 0.383951 2.111296 -0.147086
v 0.212125 2.167714 -0.075914
v 0.218551 2.167714 -0.054730
v 0.400960 2.111296 -0.091014
v 0.578102 0.176126 -0.227525
v 0.716926 0.299443 -0.285027
v 0.754455 0.299443 -0.161311
v 0.607080 0.176126 -0.131996
v 0.906999 0.483612 -0.169193
v 0.996890 0.655080 -0.187073
v 1.014231 0.655080 -0.011005
v 0.922579 0.483612 -0.011004
v 1.064714 0.883043 -0.200576
v 1.083407 1.076555 -0.204294
v 1.102446 1.076555 -0.010993
v 1.083386 0.883043 -0.010993
v 1.060506 1.313622 -0.199735
v 1.005148 1.499690 -0.188723
v 1.022652 1.499690 -0.010997
v 1.079095 1.313622 -0.010997
v 0.895001 1.709792 -0.166797
v 0.774041 1.860071 -0.142736
v 0.787014 1.860071 -0.011014
v 0.910344 1.709792 -0.011014
v 0.593394 2.011225 -0.106783
v 0.425272 2.102849 -0.073341
v 0.431408 2.102849 -0.011034
v 0.602824 2.011225 -0.011034
v 0.425272 0.072248 -0.073341
v 0.593394 0.163871 -0.106783
v 0.602824 0.163871 -0.011034
v 0.431408 0.072248 -0.011034
v 0.774041 0.315026 -0.142736
v 0.895001 0.465304 -0.166797
v 0.910344 0.465304 -0.011014
v 0.787014 0.315026 -0.011014
v 1.005148 0.675407 -0.188723
v 1.060506 0.861475 -0.199735
v 1.079095 0.861475 -0.010997
v 1.022652 0.675407 -0.010997
v 1.083407 1.098542 -0.204294
v 1.064714 1.292054 -0.200576
v 1.083386 1.292054 -0.010993
v 1.102446 1.098542 -0.010993
v 0.996890 1.520017 -0.187073
v 0.906999 1.691485 -0.169193
v 0.922579 1.691485 -0.011004
v 1.014231 1.520017 -0.011005
v 0.758757 1.875654 -0.139685
v 0.611382 1.998971 -0.110371
v 0.621167 1.998971 -0.011024
v 0.771429 1.875654 -0.011024
v 0.222859 0.007383 -0.033071
v 0.405268 0.063800 -0.069355
v 0.411012 0.063800 -0.011041
v 0.225029 0.007383 -0.011041
v 0.405269 2.111296 -0.069355
v 0.222859 2.167714 -0.033071
v 0.225029 2.167714 -0.011041
v 0.411012 2.111296 -0.011041
v 0.611382 0.176126 -0.110371
v 0.758757 0.299443 -0.139685
v 0.771429 0.299443 -0.011024
v 0.621167 0.176126 -0.011024
v 0.922579 0.483612 0.011005
v 1.014231 0.655080 0.011005
v 0.996890 0.655080 0.187073
v 0.906999 0.483612 0.169193
v 1.083386 0.883043 0.010994
v 1.102446 1.076555 0.010994
v 1.083407 1.076555 0.204294
v 1.064714 0.883043 0.200576
v 1.079095 1.313622 0.010998
v 1.022652 1.499690 0.010997
v 1.005148 1.499690 0.188724
v 1.060506 1.313622 0.199735
v 0.910344 1.709792 0.011014
v 0.787014 1.860071 0.011014
v 0.774041 1.860071 0.142736
v 0.895001 1.709792 0.166797
v 0.602824 2.011225 0.011034
v 0.431408 2.102849 0.011034
v 0.425272 2.102849 0.073341
v 0.593394 2.011225 0.106783
v 0.431408 0.072248 0.011034
v 0.602824 0.163871 0.011034
v 0.593394 0.163871 0.106783
v 0.425271 0.072248 0.073341
v 0.787014 0.315026 0.011014
v 0.910344 0.465304 0.011014
v 0.895001 0.465304 0.166797
v 0.774041 0.315026 0.142736
v 1.022652 0.675407 0.010997
v 1.079095 0.861475 0.010998
v 1.060506 0.861475 0.199735
v 1.005148 0.675407 0.188724
v 1.102446 1.098542 0.010994
v 1.083386 1.292054 0.010994
v 1.064714 1.292054 0.200576
v 1.083407 1.098542 0.204294
v 1.014231 1.520017 0.011005
v 0.922579 1.691485 0.011005
v 0.906999 1.691485 0.169193
v 0.996890 1.520017 0.187073
v 0.771429 1.875654 0.011025
v 0.621167 1.998971 0.011025
v 0.611382 1.998971 0.110371
v 0.758757 1.875654 0.139686
v 0.225029 0.007383 0.011042
v 0.411012 0.063800 0.011042
v 0.405268 0.063800 0.069355
v 0.222859 0.007383 0.033072
v 0.411012 2.111296 0.011042
v 0.225029 2.167714 0.011042
v 0.222859 2.167714 0.033072
v 0.405269 2.111296 0.069355
v 0.621167 0.176126 0.011025
v 0.771429 0.299443 0.011025
v 0.758757 0.299443 0.139686
v 0.611382 0.176126 0.110371
v 0.902705 0.483612 0.190780
v 0.992596 0.655080 0.208660
v 0.941239 0.655080 0.377962
v 0.856563 0.483612 0.342889
v 1.060424 0.883043 0.222141
v 1.079118 1.076555 0.225859
v 1.022734 1.076555 0.411731
v 1.005125 0.883043 0.404437
v 1.056215 1.313622 0.221307
v 1.000857 1.499690 0.210296
v 0.949016 1.499690 0.381192
v 1.001162 1.313622 0.402792
v 0.890704 1.709792 0.188402
v 0.769743 1.860071 0.164342
v 0.731321 1.860071 0.291002
v 0.845263 1.709792 0.338198
v 0.589088 2.011225 0.128427
v 0.420966 2.102849 0.094986
v 0.402792 2.102849 0.154898
v 0.561160 2.011225 0.220496
v 0.420966 0.072248 0.094986
v 0.589088 0.163871 0.128427
v 0.561159 0.163871 0.220496
v 0.402792 0.072248 0.154898
v 0.769743 0.315026 0.164342
v 0.890704 0.465304 0.188402
v 0.845263 0.465304 0.338198
v 0.731321 0.315026 0.291002
v 1.000857 0.675407 0.210296
v 1.056215 0.861475 0.221307
v 1.001162 0.861475 0.402792
v 0.949016 0.675407 0.381192
v 1.079118 1.098542 0.225859
v 1.060424 1.292054 0.222141
v 1.005125 1.292054 0.404437
v 1.022734 1.098542 0.411731
v 0.992596 1.520017 0.208660
v 0.902705 1.691485 0.190780
v 0.856563 1.691485 0.342889
v 0.941239 1.520017 0.377962
v 0.754455 1.875654 0.161311
v 0.607081 1.998971 0.131996
v 0.578102 1.998971 0.227525
v 0.716926 1.875654 0.285028
v 0.218551 0.007383 0.054730
v 0.400960 0.063800 0.091014
v 0.383951 0.063800 0.147086
v 0.212125 0.007383 0.075914
v 0.400960 2.111296 0.091014
v 0.218551 2.167714 0.054731
v 0.212125 2.167714 0.075914
v 0.383951 2.111296 0.147086
v 0.607080 0.176126 0.131996
v 0.754455 0.299443 0.161311
v 0.716926 0.299443 0.285028
v 0.578102 0.176126 0.227525
v 0.848141 0.483612 0.363223
v 0.932816 0.655080 0.398296
v 0.849416 0.655080 0.554326
v 0.773210 0.483612 0.503407
v 0.996711 0.883043 0.424751
v 1.014320 1.076555 0.432044
v 0.922758 1.076555 0.603345
v 0.906910 0.883043 0.592756
v 0.992745 1.313622 0.423112
v 0.940599 1.499690 0.401512
v 0.856414 1.499690 0.559011
v 0.903345 1.313622 0.590369
v 0.836834 1.709792 0.358550
v 0.722892 1.860071 0.311353
v 0.660498 1.860071 0.428084
v 0.763043 1.709792 0.496602
v 0.552714 2.011225 0.240885
v 0.394347 2.102849 0.175287
v 0.364833 2.102849 0.230503
v 0.507360 2.011225 0.325736
v 0.394347 0.072248 0.175287
v 0.552714 0.163871 0.240885
v 0.507360 0.163871 0.325736
v 0.364833 0.072248 0.230503
v 0.722892 0.315026 0.311353
v 0.836834 0.465304 0.358550
v 0.763043 0.465304 0.496602
v 0.660498 0.315026 0.428084
v 0.940599 0.675407 0.401512
v 0.992745 0.861475 0.423112
v 0.903345 0.861475 0.590369
v 0.856414 0.675407 0.559011
v 1.014320 1.098542 0.432044
v 0.996711 1.292054 0.424751
v 0.906910 1.292054 0.592756
v 0.922758 1.098542 0.603345
v 0.932816 1.520017 0.398296
v 0.848141 1.691485 0.363223
v 0.773210 1.691485 0.503407
v 0.849416 1.520017 0.554326
v 0.708488 1.875654 0.305398
v 0.569664 1.998971 0.247896
v 0.522606 1.998971 0.335935
v 0.647545 1.875654 0.419416
v 0.203674 0.007383 0.096316
v 0.375500 0.063800 0.167489
v 0.347878 0.063800 0.219165
v 0.193239 0.007383 0.115839
v 0.375500 2.111296 0.167489
v 0.203674 2.167714 0.096316
v 0.193239 2.167714 0.115839
v 0.347878 2.111296 0.219165
v 0.569664 0.176126 0.247896
v 0.708488 0.299443 0.305399
v 0.647545 0.299443 0.419416
v 0.522606 0.176126 0.335935
v 0.760983 0.483612 0.521708
v 0.837189 0.655080 0.572627
v 0.724951 0.655080 0.709388
v 0.660143 0.483612 0.644580
v 0.894695 0.883043 0.611038
v 0.910542 1.076555 0.621627
v 0.787320 1.076555 0.771773
v 0.773843 0.883043 0.758296
v 0.891125 1.313622 0.608657
v 0.844195 1.499690 0.577299
v 0.730901 1.499690 0.715348
v 0.770812 1.313622 0.755259
v 0.750804 1.709792 0.514918
v 0.648259 1.860071 0.446400
v 0.564292 1.860071 0.548715
v 0.651499 1.709792 0.635922
v 0.495100 2.011225 0.344086
v 0.352573 2.102849 0.248852
v 0.312854 2.102849 0.297249
v 0.434064 2.011225 0.418459
v 0.352573 0.072248 0.248852
v 0.495100 0.163871 0.344086
v 0.434063 0.163871 0.418458
v 0.312854 0.072248 0.297249
v 0.648259 0.315026 0.446400
v 0.750804 0.465304 0.514918
v 0.651499 0.465304 0.635922
v 0.564292 0.315026 0.548715
v 0.844195 0.675407 0.577299
v 0.891125 0.861475 0.608657
v 0.770812 0.861475 0.755259
v 0.730901 0.675407 0.715348
v 0.910542 1.098542 0.621627
v 0.894695 1.292054 0.611038
v 0.773843 1.292054 0.758296
v 0.787320 1.098542 0.771773
v 0.837188 1.520017 0.572627
v 0.760983 1.691485 0.521708
v 0.660143 1.691485 0.644580
v 0.724951 1.520017 0.709388
v 0.635295 1.875654 0.437750
v 0.510356 1.998971 0.354268
v 0.447027 1.998971 0.431436
v 0.553278 1.875654 0.537687
v 0.180970 0.007383 0.134200
v 0.335609 0.063800 0.237527
v 0.298437 0.063800 0.282822
v 0.166927 0.007383 0.151312
v 0.335610 2.111296 0.237527
v 0.180971 2.167714 0.134200
v 0.166927 2.167714 0.151312
v 0.298437 2.111296 0.282822
v 0.510356 0.176126 0.354268
v 0.635295 0.299443 0.437750
v 0.553278 0.299443 0.537687
v 0.447027 0.176126 0.431436
v 0.644580 0.483612 0.660143
v 0.709388 0.655080 0.724951
v 0.572627 0.655080 0.837188
v 0.521708 0.483612 0.760983
v 0.758296 0.883043 0.773843
v 0.771773 1.076555 0.787320
v 0.621627 1.076555 0.910542
v 0.611038 0.883043 0.894695
v 0.755259 1.313622 0.770812
v 0.715348 1.499690 0.730900
v 0.577299 1.499690 0.844194
v 0.608657 1.313622 0.891125
v 0.635922 1.709792 0.651499
v 0.548715 1.860071 0.564291
v 0.446400 1.860071 0.648259
v 0.514918 1.709792 0.750804
v 0.418459 2.011225 0.434063
v 0.297249 2.102849 0.312854
v 0.248852 2.102849 0.352572
v 0.344086 2.011225 0.495099
v 0.297249 0.072248 0.312854
v 0.418459 0.163871 0.434063
v 0.344086 0.163871 0.495099
v 0.248852 0.072248 0.352572
v 0.548715 0.315026 0.564291
v 0.635922 0.465304 0.651499
v 0.514918 0.465304 0.750804
v 0.446400 0.315026 0.648259
v 0.715348 0.675407 0.730900
v 0.755259 0.861475 0.770812
v 0.608657 0.861475 0.891125
v 0.577299 0.675407 0.844194
v 0.771773 1.098542 0.787320
v 0.758296 1.292054 0.773843
v 0.611038 1.292054 0.894695
v 0.621627 1.098542 0.910542
v 0.709388 1.520017 0.724951
v 0.644580 1.691485 0.660143
v 0.521708 1.691485 0.760983
v 0.572627 1.520017 0.837188
v 0.537687 1.875654 0.553278
v 0.431436 1.998971 0.447027
v 0.354269 1.998971 0.510356
v 0.437750 1.875654 0.635295
v 0.151312 0.007383 0.166927
v 0.282822 0.063800 0.298437
v 0.237527 0.063800 0.335609
v 0.134200 0.007383 0.180970
v 0.282822 2.111296 0.298437
v 0.151312 2.167714 0.166927
v 0.134200 2.167714 0.180970
v 0.237527 2.111296 0.335609
v 0.431436 0.176126 0.447027
v 0.537687 0.299443 0.553278
v 0.437750 0.299443 0.635295
v 0.354268 0.176126 0.510356
v 0.503407 0.483612 0.773210
v 0.554327 0.655080 0.849416
v 0.398297 0.655080 0.932816
v 0.363223 0.483612 0.848140
v 0.592756 0.883043 0.906910
v 0.603345 1.076555 0.922758
v 0.432044 1.076555 1.014320
v 0.424750 0.883043 0.996711
v 0.590369 1.313622 0.903344
v 0.559011 1.499690 0.856414
v 0.401513 1.499690 0.940599
v 0.423112 1.313622 0.992745
v 0.496602 1.709792 0.763043
v 0.428084 1.860071 0.660498
v 0.311353 1.860071 0.722891
v 0.358550 1.709792 0.836833
v 0.325737 2.011225 0.507360
v 0.230503 2.102849 0.364833
v 0.175287 2.102849 0.394346
v 0.240885 2.011225 0.552714
v 0.230503 0.072248 0.364833
v 0.325736 0.163871 0.507360
v 0.240885 0.163871 0.552714
v 0.175287 0.072248 0.394346
v 0.428084 0.315026 0.660498
v 0.496602 0.465304 0.763043
v 0.358550 0.465304 0.836833
v 0.311353 0.315026 0.722891
v 0.559011 0.675407 0.856414
v 0.590369 0.861475 0.903344
v 0.423112 0.861475 0.992745
v 0.401513 0.675407 0.940599
v 0.603345 1.098542 0.922758
v 0.592756 1.292054 0.906910
v 0.424750 1.292054 0.996711
v 0.432044 1.098542 1.014320
v 0.554327 1.520017 0.849416
v 0.503407 1.691485 0.773210
v 0.363223 1.691485 0.848140
v 0.398297 1.520017 0.932816
v 0.419416 1.875654 0.647544
v 0.335935 1.998971 0.522606
v 0.247896 1.998971 0.569664
v 0.305399 1.875654 0.708488
v 0.115839 0.007383 0.193239
v 0.219165 0.063800 0.347878
v 0.167489 0.063800 0.375500
v 0.096316 0.007383 0.203674
v 0.219165 2.111296 0.347878
v 0.115839 2.167714 0.193239
v 0.096316 2.167714 0.203674
v 0.167489 2.111296 0.375500
v 0.335935 0.176126 0.522606
v 0.419416 0.299443 0.647544
v 0.305399 0.299443 0.708488
v 0.247896 0.176126 0.569664
v 0.342889 0.483612 0.856563
v 0.377963 0.655080 0.941238
v 0.208660 0.655080 0.992596
v 0.190780 0.483612 0.902705
v 0.404437 0.883043 1.005125
v 0.411731 1.076555 1.022734
v 0.225859 1.076555 1.079117
v 0.222140 0.883043 1.060424
v 0.402792 1.313622 1.001162
v 0.381192 1.499690 0.949016
v 0.210296 1.499690 1.000857
v 0.221307 1.313622 1.056215
v 0.338198 1.709792 0.845263
v 0.291002 1.860071 0.731321
v 0.164342 1.860071 0.769743
v 0.188402 1.709792 0.890703
v 0.220497 2.011225 0.561159
v 0.154899 2.102849 0.402792
v 0.094986 2.102849 0.420966
v 0.128428 2.011225 0.589088
v 0.154899 0.072248 0.402792
v 0.220497 0.163871 0.561159
v 0.128428 0.163871 0.589088
v 0.094986 0.072248 0.420966
v 0.291002 0.315026 0.731321
v 0.338198 0.465304 0.845263
v 0.188402 0.465304 0.890703
v 0.164342 0.315026 0.769743
v 0.381192 0.675407 0.949016
v 0.402792 0.861475 1.001162
v 0.221307 0.861475 1.056215
v 0.210296 0.675407 1.000857
v 0.411731 1.098542 1.022734
v 0.404437 1.292054 1.005125
v 0.222140 1.292054 1.060424
v 0.225859 1.098542 1.079117
v 0.377963 1.520017 0.941238
v 0.342889 1.691485 0.856563
v 0.190780 1.691485 0.902705
v 0.208660 1.520017 0.992596
v 0.285028 1.875654 0.716926
v 0.227525 1.998971 0.578102
v 0.131997 1.998971 0.607080
v 0.161311 1.875654 0.754455
v 0.075914 0.007383 0.212125
v 0.147086 0.063800 0.383951
v 0.091014 0.063800 0.400960
v 0.054731 0.007383 0.218551
v 0.147086 2.111296 0.383951
v 0.075914 2.167714 0.212125
v 0.054731 2.167714 0.218551
v 0.091014 2.111296 0.400960
v 0.227525 0.176126 0.578102
v 0.285028 0.299443 0.716926
v 0.161311 0.299443 0.754455
v 0.131997 0.176126 0.607080
v 0.169193 0.483612 0.906999
v 0.187074 0.655080 0.996890
v 0.011005 0.655080 1.014231
v 0.011005 0.483612 0.922579
v 0.200576 0.883043 1.064713
v 0.204294 1.076555 1.083407
v 0.010994 1.076555 1.102445
v 0.010994 0.883043 1.083386
v 0.199735 1.313622 1.060506
v 0.188724 1.499690 1.005148
v 0.010998 1.499690 1.022652
v 0.010997 1.313622 1.079095
v 0.166797 1.709792 0.895001
v 0.142736 1.860071 0.774041
v 0.011014 1.860071 0.787014
v 0.011014 1.709792 0.910344
v 0.106783 2.011225 0.593393
v 0.073342 2.102849 0.425271
v 0.011035 2.102849 0.431408
v 0.011035 2.011225 0.602824
v 0.073342 0.072248 0.425271
v 0.106783 0.163871 0.593393
v 0.011035 0.163871 0.602824
v 0.011034 0.072248 0.431408
v 0.142736 0.315026 0.774041
v 0.166797 0.465304 0.895001
v 0.011014 0.465304 0.910344
v 0.011014 0.315026 0.787014
v 0.188724 0.675407 1.005148
v 0.199735 0.861475 1.060506
v 0.010997 0.861475 1.079095
v 0.010998 0.675407 1.022652
v 0.204294 1.098542 1.083407
v 0.200576 1.292054 1.064713
v 0.010994 1.292054 1.083386
v 0.010994 1.098542 1.102445
v 0.187074 1.520017 0.996890
v 0.169193 1.691485 0.906999
v 0.011005 1.691485 0.922579
v 0.011005 1.520017 1.014231
v 0.139686 1.875654 0.758757
v 0.110371 1.998971 0.611382
v 0.011025 1.998971 0.621167
v 0.011025 1.875654 0.771429
v 0.033072 0.007383 0.222859
v 0.069355 0.063800 0.405268
v 0.011042 0.063800 0.411011
v 0.011042 0.007383 0.225029
v 0.069355 2.111296 0.405268
v 0.033072 2.167714 0.222859
v 0.011042 2.167714 0.225029
v 0.011042 2.111296 0.411012
v 0.110371 0.176126 0.611382
v 0.139686 0.299443 0.758757
v 0.011025 0.299443 0.771429
v 0.011025 0.176126 0.621166
v -0.011005 0.483612 0.922579
v -0.011004 0.655080 1.014231
v -0.187073 0.655080 0.996889
v -0.169193 0.483612 0.906999
v -0.010993 0.883043 1.083386
v -0.010993 1.076555 1.102445
v -0.204294 1.076555 1.083407
v -0.200576 0.883043 1.064713
v -0.010997 1.313622 1.079095
v -0.010997 1.499690 1.022652
v -0.188723 1.499690 1.005147
v -0.199735 1.313622 1.060506
v -0.011014 1.709792 0.910344
v -0.011014 1.860071 0.787014
v -0.142736 1.860071 0.774041
v -0.166797 1.709792 0.895001
v -0.011034 2.011225 0.602824
v -0.011034 2.102849 0.431408
v -0.073341 2.102849 0.425271
v -0.106783 2.011225 0.593393
v -0.011034 0.072248 0.431408
v -0.011034 0.163871 0.602824
v -0.106783 0.163871 0.593393
v -0.073341 0.072248 0.425271
v -0.011014 0.315026 0.787014
v -0.011014 0.465304 0.910344
v -0.166797 0.465304 0.895001
v -0.142736 0.315026 0.774041
v -0.010997 0.675407 1.022652
v -0.010997 0.861475 1.079095
v -0.199735 0.861475 1.060506
v -0.188723 0.675407 1.005147
v -0.010993 1.098542 1.102445
v -0.010993 1.292054 1.083386
v -0.200576 1.292054 1.064713
v -0.204294 1.098542 1.083407
v -0.011004 1.520017 1.014231
v -0.011005 1.691485 0.922579
v -0.169193 1.691485 0.906999
v -0.187073 1.520017 0.996889
v -0.011024 1.875654 0.771429
v -0.011024 1.998971 0.621167
v -0.110370 1.998971 0.611382
v -0.139685 1.875654 0.758757
v -0.011041 0.007383 0.225029
v -0.011041 0.063800 0.411011
v -0.069355 0.063800 0.405268
v -0.033071 0.007383 0.222859
v -0.011041 2.111296 0.411012
v -0.011041 2.167714 0.225029
v -0.033071 2.167714 0.222859
v -0.069355 2.111296 0.405268
v -0.011024 0.176126 0.621166
v -0.011024 0.299443 0.771429
v -0.139685 0.299443 0.758757
v -0.110370 0.176126 0.611382
v -0.190779 0.483612 0.902705
v -0.208659 0.655080 0.992596
v -0.377962 0.655080 0.941238
v -0.342888 0.483612 0.856563
v -0.222140 0.883043 1.060424
v -0.225858 1.076555 1.079117
v -0.411731 1.076555 1.022733
v -0.404437 0.883043 1.005125
v -0.221307 1.313622 1.056215
v -0.210295 1.499690 1.000857
v -0.381191 1.499690 0.949016
v -0.402791 1.313622 1.001162
v -0.188402 1.709792 0.890703
v -0.164341 1.860071 0.769743
v -0.291001 1.860071 0.731321
v -0.338198 1.709792 0.845263
v -0.128427 2.011225 0.589088
v -0.094985 2.102849 0.420966
v -0.154898 2.102849 0.402792
v -0.220496 2.011225 0.561159
v -0.094985 0.072248 0.420966
v -0.128427 0.163871 0.589088
v -0.220496 0.163871 0.561159
v -0.154898 0.072248 0.402791
v -0.164341 0.315026 0.769743
v -0.188402 0.465304 0.890703
v -0.338198 0.465304 0.845263
v -0.291001 0.315026 0.731321
v -0.210295 0.675407 1.000857
v -0.221307 0.861475 1.056215
v -0.402791 0.861475 1.001162
v -0.381191 0.675407 0.949016
v -0.225858 1.098542 1.079117
v -0.222140 1.292054 1.060424
v -0.404437 1.292054 1.005125
v -0.411731 1.098542 1.022733
v -0.208659 1.520017 0.992596
v -0.190779 1.691485 0.902705
v -0.342888 1.691485 0.856563
v -0.377962 1.520017 0.941238
v -0.161311 1.875654 0.754455
v -0.131996 1.998971 0.607080
v -0.227524 1.998971 0.578102
v -0.285027 1.875654 0.716926
v -0.054730 0.007383 0.218551
v -0.091013 0.063800 0.400960
v -0.147086 0.063800 0.383950
v -0.075913 0.007383 0.212125
v -0.091013 2.111296 0.400960
v -0.054730 2.167714 0.218551
v -0.075913 2.167714 0.212125
v -0.147086 2.111296 0.383951
v -0.131996 0.176126 0.607080
v -0.161311 0.299443 0.754455
v -0.285027 0.299443 0.716926
v -0.227524 0.176126 0.578102
v -0.363222 0.483612 0.848140
v -0.398296 0.655080 0.932816
v -0.554326 0.655080 0.849416
v -0.503407 0.483612 0.773210
v -0.424750 0.883043 0.996711
v -0.432044 1.076555 1.014319
v -0.603345 1.076555 0.922757
v -0.592756 0.883043 0.906910
v -0.423112 1.313622 0.992745
v -0.401512 1.499690 0.940599
v -0.559011 1.499690 0.856414
v -0.590369 1.313622 0.903344
v -0.358549 1.709792 0.836833
v -0.311353 1.860071 0.722891
v -0.428083 1.860071 0.660497
v -0.496602 1.709792 0.763042
v -0.240885 2.011225 0.552714
v -0.175287 2.102849 0.394346
v -0.230502 2.102849 0.364833
v -0.325736 2.011225 0.507360
v -0.175287 0.072248 0.394346
v -0.240885 0.163871 0.552714
v -0.325736 0.163871 0.507360
v -0.230502 0.072248 0.364833
v -0.311353 0.315026 0.722891
v -0.358549 0.465304 0.836833
v -0.496602 0.465304 0.763042
v -0.428083 0.315026 0.660497
v -0.401512 0.675407 0.940599
v -0.423112 0.861475 0.992745
v -0.590369 0.861475 0.903344
v -0.559011 0.675407 0.856414
v -0.432044 1.098542 1.014319
v -0.424750 1.292054 0.996711
v -0.592756 1.292054 0.906910
v -0.603345 1.098542 0.922757
v -0.398296 1.520017 0.932816
v -0.363222 1.691485 0.848140
v -0.503407 1.691485 0.773210
v -0.554326 1.520017 0.849416
v -0.305398 1.875654 0.708488
v -0.247895 1.998971 0.569664
v -0.335935 1.998971 0.522606
v -0.419416 1.875654 0.647544
v -0.096315 0.007383 0.203674
v -0.167488 0.063800 0.375500
v -0.219165 0.063800 0.347878
v -0.115838 0.007383 0.193239
v -0.167488 2.111296 0.375500
v -0.096316 2.167714 0.203674
v -0.115838 2.167714 0.193239
v -0.219165 2.111296 0.347878
v -0.247895 0.176126 0.569664
v -0.305398 0.299443 0.708488
v -0.419416 0.299443 0.647544
v -0.335935 0.176126 0.522606
v -0.521707 0.483612 0.760982
v -0.572626 0.655080 0.837188
v -0.709388 0.655080 0.724951
v -0.644580 0.483612 0.660143
v -0.611037 0.883043 0.894694
v -0.621626 1.076555 0.910542
v -0.771773 1.076555 0.787320
v -0.758295 0.883043 0.773843
v -0.608657 1.313622 0.891124
v -0.577299 1.499690 0.844194
v -0.715347 1.499690 0.730900
v -0.755259 1.313622 0.770811
v -0.514918 1.709792 0.750804
v -0.446399 1.860071 0.648259
v -0.548715 1.860071 0.564291
v -0.635922 1.709792 0.651498
v -0.344085 2.011225 0.495099
v -0.248852 2.102849 0.352572
v -0.297249 2.102849 0.312854
v -0.418458 2.011225 0.434063
v -0.248852 0.072248 0.352572
v -0.344085 0.163871 0.495099
v -0.418458 0.163871 0.434063
v -0.297249 0.072248 0.312854
v -0.446399 0.315026 0.648259
v -0.514918 0.465304 0.750804
v -0.635922 0.465304 0.651498
v -0.548715 0.315026 0.564291
v -0.577299 0.675407 0.844194
v -0.608657 0.861475 0.891124
v -0.755259 0.861475 0.770811
v -0.715347 0.675407 0.730900
v -0.621626 1.098542 0.910542
v -0.611037 1.292054 0.894694
v -0.758295 1.292054 0.773843
v -0.771773 1.098542 0.787320
v -0.572626 1.520017 0.837188
v -0.521707 1.691485 0.760982
v -0.644580 1.691485 0.660143
v -0.709388 1.520017 0.724951
v -0.437749 1.875654 0.635294
v -0.354268 1.998971 0.510356
v -0.431435 1.998971 0.447027
v -0.537687 1.875654 0.553278
v -0.134200 0.007383 0.180970
v -0.237526 0.063800 0.335609
v -0.282821 0.063800 0.298437
v -0.151311 0.007383 0.166927
v -0.237526 2.111296 0.335609
v -0.134200 2.167714 0.180970
v -0.151311 2.167714 0.166927
v -0.282821 2.111296 0.298437
v -0.354268 0.176126 0.510356
v -0.437749 0.299443 0.635294
v -0.537687 0.299443 0.553278
v -0.431435 0.176126 0.447026
v -0.660143 0.483612 0.644580
v -0.724950 0.655080 0.709388
v -0.837188 0.655080 0.572626
v -0.760982 0.483612 0.521707
v -0.773843 0.883043 0.758296
v -0.787320 1.076555 0.771773
v -0.910542 1.076555 0.621626
v -0.894694 0.883043 0.611037
v -0.770811 1.313622 0.755259
v -0.730900 1.499690 0.715348
v -0.844194 1.499690 0.577299
v -0.891124 1.313622 0.608657
v -0.651498 1.709792 0.635922
v -0.564291 1.860071 0.548715
v -0.648259 1.860071 0.446400
v -0.750804 1.709792 0.514918
v -0.434063 2.011225 0.418458
v -0.312853 2.102849 0.297249
v -0.352572 2.102849 0.248852
v -0.495099 2.011225 0.344086
v -0.312853 0.072248 0.297249
v -0.434063 0.163871 0.418458
v -0.495099 0.163871 0.344085
v -0.352572 0.072248 0.248852
v -0.564291 0.315026 0.548715
v -0.651498 0.465304 0.635922
v -0.750804 0.465304 0.514918
v -0.648259 0.315026 0.446400
v -0.730900 0.675407 0.715348
v -0.770811 0.861475 0.755259
v -0.891124 0.861475 0.608657
v -0.844194 0.675407 0.577299
v -0.787320 1.098542 0.771773
v -0.773843 1.292054 0.758296
v -0.894694 1.292054 0.611037
v -0.910542 1.098542 0.621626
v -0.724950 1.520017 0.709388
v -0.660143 1.691485 0.644580
v -0.760982 1.691485 0.521707
v -0.837188 1.520017 0.572626
v -0.553278 1.875654 0.537687
v -0.447026 1.998971 0.431435
v -0.510356 1.998971 0.354268
v -0.635294 1.875654 0.437749
v -0.166926 0.007383 0.151312
v -0.298436 0.063800 0.282821
v -0.335609 0.063800 0.237526
v -0.180970 0.007383 0.134200
v -0.298436 2.111296 0.282821
v -0.166927 2.167714 0.151312
v -0.180970 2.167714 0.134200
v -0.335609 2.111296 0.237527
v -0.447026 0.176126 0.431435
v -0.553278 0.299443 0.537687
v -0.635294 0.299443 0.437749
v -0.510356 0.176126 0.354268
v -0.773210 0.483612 0.503407
v -0.849415 0.655080 0.554326
v -0.932815 0.655080 0.398296
v -0.848140 0.483612 0.363222
v -0.906909 0.883043 0.592756
v -0.922757 1.076555 0.603345
v -1.014319 1.076555 0.432044
v -0.996710 0.883043 0.424750
v -0.903344 1.313622 0.590369
v -0.856413 1.499690 0.559011
v -0.940598 1.499690 0.401512
v -0.992744 1.313622 0.423112
v -0.763042 1.709792 0.496602
v -0.660497 1.860071 0.428084
v -0.722891 1.860071 0.311353
v -0.836833 1.709792 0.358549
v -0.507359 2.011225 0.325736
v -0.364832 2.102849 0.230503
v -0.394346 2.102849 0.175287
v -0.552713 2.011225 0.240885
v -0.364832 0.072248 0.230503
v -0.507359 0.163871 0.325736
v -0.552713 0.163871 0.240885
v -0.394346 0.072248 0.175287
v -0.660497 0.315026 0.428084
v -0.763042 0.465304 0.496602
v -0.836833 0.465304 0.358549
v -0.722891 0.315026 0.311353
v -0.856413 0.675407 0.559011
v -0.903344 0.861475 0.590369
v -0.992744 0.861475 0.423112
v -0.940598 0.675407 0.401512
v -0.922757 1.098542 0.603345
v -0.906909 1.292054 0.592756
v -0.996710 1.292054 0.424750
v -1.014319 1.098542 0.432044
v -0.849415 1.520017 0.554326
v -0.773210 1.691485 0.503407
v -0.848140 1.691485 0.363222
v -0.932815 1.520017 0.398296
v -0.647544 1.875654 0.419416
v -0.522606 1.998971 0.335935
v -0.569664 1.998971 0.247895
v -0.708488 1.875654 0.305398
v -0.193238 0.007383 0.115839
v -0.347877 0.063800 0.219165
v -0.375499 0.063800 0.167488
v -0.203673 0.007383 0.096316
v -0.347878 2.111296 0.219165
v -0.193239 2.167714 0.115839
v -0.203674 2.167714 0.096316
v -0.375499 2.111296 0.167488
v -0.522605 0.176126 0.335935
v -0.647544 0.299443 0.419416
v -0.708488 0.299443 0.305398
v -0.569663 0.176126 0.247895
v -0.856563 0.483612 0.342888
v -0.941238 0.655080 0.377962
v -0.992595 0.655080 0.208660
v -0.902704 0.483612 0.190779
v -1.005124 0.883043 0.404437
v -1.022733 1.076555 0.411731
v -1.079117 1.076555 0.225858
v -1.060423 0.883043 0.222140
v -1.001161 1.313622 0.402791
v -0.949015 1.499690 0.381192
v -1.000856 1.499690 0.210296
v -1.056214 1.313622 0.221307
v -0.845263 1.709792 0.338198
v -0.731321 1.860071 0.291001
v -0.769743 1.860071 0.164341
v -0.890703 1.709792 0.188402
v -0.561159 2.011225 0.220496
v -0.402791 2.102849 0.154898
v -0.420965 2.102849 0.094986
v -0.589087 2.011225 0.128427
v -0.402791 0.072248 0.154898
v -0.561158 0.163871 0.220496
v -0.589087 0.163871 0.128427
v -0.420965 0.072248 0.094986
v -0.731321 0.315026 0.291001
v -0.845263 0.465304 0.338198
v -0.890703 0.465304 0.188402
v -0.769743 0.315026 0.164341
v -0.949015 0.675407 0.381192
v -1.001161 0.861475 0.402791
v -1.056214 0.861475 0.221307
v -1.000856 0.675407 0.210296
v -1.022733 1.098542 0.411731
v -1.005124 1.292054 0.404437
v -1.060423 1.292054 0.222140
v -1.079117 1.098542 0.225858
v -0.941238 1.520017 0.377962
v -0.856563 1.691485 0.342888
v -0.902704 1.691485 0.190779
v -0.992595 1.520017 0.208660
v -0.716926 1.875654 0.285027
v -0.578101 1.998971 0.227525
v -0.607080 1.998971 0.131996
v -0.754455 1.875654 0.161311
v -0.212124 0.007383 0.075914
v -0.383950 0.063800 0.147086
v -0.400959 0.063800 0.091014
v -0.218550 0.007383 0.054730
v -0.383950 2.111296 0.147086
v -0.212125 2.167714 0.075914
v -0.218550 2.167714 0.054730
v -0.400959 2.111296 0.091014
v -0.578101 0.176126 0.227525
v -0.716926 0.299443 0.285027
v -0.754455 0.299443 0.161311
v -0.607079 0.176126 0.131996
v -0.112148 -0.005910 -0.011045
v -0.203365 0.003074 -0.011045
v -0.201612 0.003074 -0.028841
v -0.203365 2.172022 -0.011045
v -0.112148 2.181006 -0.011045
v -0.201613 2.172022 -0.028841
v -0.107838 -0.005910 -0.032712
v -0.197303 0.003074 -0.050508
v -0.192112 0.003074 -0.067620
v -0.197303 2.172022 -0.050508
v -0.107838 2.181006 -0.032712
v -0.192112 2.172022 -0.067620
v -0.099384 -0.005910 -0.053122
v -0.183658 0.003074 -0.088029
v -0.175228 0.003074 -0.103800
v -0.183658 2.172022 -0.088029
v -0.099384 2.181006 -0.053122
v -0.175229 2.172022 -0.103800
v -0.087111 -0.005910 -0.071490
v -0.162955 0.003074 -0.122168
v -0.151611 0.003074 -0.135991
v -0.162955 2.172022 -0.122168
v -0.087111 2.181006 -0.071490
v -0.151611 2.172022 -0.135991
v -0.071490 -0.005910 -0.087111
v -0.135990 0.003074 -0.151611
v -0.122168 0.003074 -0.162955
v -0.135991 2.172022 -0.151612
v -0.071490 2.181006 -0.087111
v -0.122168 2.172022 -0.162956
v -0.053122 -0.005910 -0.099384
v -0.103799 0.003074 -0.175229
v -0.088029 0.003074 -0.183658
v -0.103800 2.172022 -0.175229
v -0.053122 2.181006 -0.099384
v -0.088029 2.172022 -0.183658
v -0.032712 -0.005910 -0.107838
v -0.067619 0.003074 -0.192112
v -0.050508 0.003074 -0.197303
v -0.067620 2.172022 -0.192112
v -0.032712 2.181006 -0.107838
v -0.050508 2.172022 -0.197303
v -0.011045 -0.005910 -0.112148
v -0.028841 0.003074 -0.201613
v -0.011045 0.003074 -0.203365
v -0.028841 2.172022 -0.201613
v -0.011045 2.181006 -0.112148
v -0.011045 2.172022 -0.203366
v 0.011046 -0.005910 -0.112148
v 0.011046 0.003074 -0.203365
v 0.028842 0.003074 -0.201613
v 0.011046 2.172022 -0.203366
v 0.011046 2.181006 -0.112148
v 0.028842 2.172022 -0.201613
v 0.032713 -0.005910 -0.107838
v 0.050508 0.003074 -0.197303
v 0.067620 0.003074 -0.192112
v 0.050508 2.172022 -0.197303
v 0.032713 2.181006 -0.107838
v 0.067620 2.172022 -0.192112
v 0.053122 -0.005910 -0.099384
v 0.088030 0.003074 -0.183658
v 0.103800 0.003074 -0.175229
v 0.088030 2.172022 -0.183658
v 0.053122 2.181006 -0.099384
v 0.103800 2.172022 -0.175229
v 0.071490 -0.005910 -0.087111
v 0.122168 0.003074 -0.162955
v 0.135991 0.003074 -0.151611
v 0.122168 2.172022 -0.162956
v 0.071490 2.181006 -0.087111
v 0.135991 2.172022 -0.151612
v 0.087111 -0.005910 -0.071490
v 0.151612 0.003074 -0.135991
v 0.162956 0.003074 -0.122168
v 0.151612 2.172022 -0.135991
v 0.087111 2.181006 -0.071490
v 0.162956 2.172022 -0.122168
v 0.099385 -0.005910 -0.053122
v 0.175229 0.003074 -0.103800
v 0.183659 0.003074 -0.088029
v 0.175229 2.172022 -0.103800
v 0.099384 2.181006 -0.053122
v 0.183659 2.172022 -0.088029
v 0.107838 -0.005910 -0.032712
v 0.192112 0.003074 -0.067620
v 0.197303 0.003074 -0.050508
v 0.192113 2.172022 -0.067620
v 0.107838 2.181006 -0.032712
v 0.197303 2.172022 -0.050508
v 0.112148 -0.005910 -0.011045
v 0.201613 0.003074 -0.028841
v 0.203366 0.003074 -0.011045
v 0.201613 2.172022 -0.028841
v 0.112148 2.181006 -0.011045
v 0.203366 2.172022 -0.011045
v 0.112148 -0.005910 0.011046
v 0.203366 0.003074 0.011046
v 0.201613 0.003074 0.028841
v 0.203366 2.172022 0.011046
v 0.112148 2.181006 0.011046
v 0.201613 2.172022 0.028841
v 0.107838 -0.005910 0.032712
v 0.197303 0.003074 0.050508
v 0.192112 0.003074 0.067620
v 0.197303 2.172022 0.050508
v 0.107838 2.181006 0.032713
v 0.192113 2.172022 0.067620
v 0.099385 -0.005910 0.053122
v 0.183658 0.003074 0.088029
v 0.175229 0.003074 0.103800
v 0.183659 2.172022 0.088030
v 0.099384 2.181006 0.053122
v 0.175229 2.172022 0.103800
v 0.087111 -0.005910 0.071490
v 0.162956 0.003074 0.122168
v 0.151612 0.003074 0.135991
v 0.162956 2.172022 0.122168
v 0.087111 2.181006 0.071490
v 0.151612 2.172022 0.135991
v 0.071490 -0.005910 0.087111
v 0.135991 0.003074 0.151612
v 0.122168 0.003074 0.162956
v 0.135991 2.172022 0.151612
v 0.071490 2.181006 0.087111
v 0.122168 2.172022 0.162956
v 0.053122 -0.005910 0.099384
v 0.103800 0.003074 0.175229
v 0.088030 0.003074 0.183658
v 0.103800 2.172022 0.175229
v 0.053122 2.181006 0.099384
v 0.088030 2.172022 0.183658
v 0.032713 -0.005910 0.107838
v 0.067620 0.003074 0.192112
v 0.050508 0.003074 0.197303
v 0.067620 2.172022 0.192112
v 0.032712 2.181006 0.107838
v 0.050508 2.172022 0.197303
v 0.011046 -0.005910 0.112148
v 0.028842 0.003074 0.201613
v 0.011046 0.003074 0.203365
v 0.028842 2.172022 0.201613
v 0.011046 2.181006 0.112148
v 0.011046 2.172022 0.203366
v -0.011045 -0.005910 0.112148
v -0.011045 0.003074 0.203365
v -0.028841 0.003074 0.201613
v -0.011045 2.172022 0.203366
v -0.011045 2.181006 0.112148
v -0.028841 2.172022 0.201613
v -0.032712 -0.005910 0.107838
v -0.050508 0.003074 0.197303
v -0.067619 0.003074 0.192112
v -0.050508 2.172022 0.197303
v -0.032712 2.181006 0.107838
v -0.067619 2.172022 0.192112
v -0.053122 -0.005910 0.099384
v -0.088029 0.003074 0.183658
v -0.103799 0.003074 0.175229
v -0.088029 2.172022 0.183658
v -0.053122 2.181006 0.099384
v -0.103799 2.172022 0.175229
v -0.071490 -0.005910 0.087111
v -0.122167 0.003074 0.162956
v -0.135990 0.003074 0.151612
v -0.122168 2.172022 0.162956
v -0.071490 2.181006 0.087111
v -0.135990 2.172022 0.151612
v -0.087110 -0.005910 0.071490
v -0.151611 0.003074 0.135991
v -0.162955 0.003074 0.122168
v -0.151611 2.172022 0.135991
v -0.087111 2.181006 0.071490
v -0.162955 2.172022 0.122168
v -0.099384 -0.005910 0.053122
v -0.175228 0.003074 0.103800
v -0.183658 0.003074 0.088029
v -0.175229 2.172022 0.103800
v -0.099384 2.181006 0.053122
v -0.183658 2.172022 0.088030
v -0.107838 -0.005910 0.032712
v -0.192112 0.003074 0.067620
v -0.197302 0.003074 0.050508
v -0.192112 2.172022 0.067620
v -0.107838 2.181006 0.032712
v -0.197303 2.172022 0.050508
v -0.906998 0.483612 0.169193
v -0.996889 0.655080 0.187073
v -1.014231 0.655080 0.011005
v -0.922579 0.483612 0.011005
v -1.064713 0.883043 0.200576
v -1.083406 1.076555 0.204294
v -1.102445 1.076555 0.010994
v -1.083386 0.883043 0.010994
v -1.060505 1.313622 0.199735
v -1.005147 1.499690 0.188723
v -1.022652 1.499690 0.010998
v -1.079095 1.313622 0.010998
v -0.895000 1.709792 0.166797
v -0.774040 1.860071 0.142736
v -0.787014 1.860071 0.011014
v -0.910344 1.709792 0.011014
v -0.112148 -0.005910 0.011046
v -0.201612 0.003074 0.028841
v -0.203365 0.003074 0.011046
v -0.593393 2.011225 0.106783
v -0.425271 2.102849 0.073341
v -0.431408 2.102849 0.011034
v -0.602824 2.011225 0.011034
v -0.425271 0.072248 0.073341
v -0.593393 0.163871 0.106783
v -0.602824 0.163871 0.011034
v -0.431408 0.072248 0.011034
v -0.201613 2.172022 0.028841
v -0.112148 2.181006 0.011046
v -0.203365 2.172022 0.011046
v -0.774040 0.315026 0.142736
v -0.895000 0.465304 0.166797
v -0.910344 0.465304 0.011014
v -0.787014 0.315026 0.011014
v -1.005147 0.675407 0.188723
v -1.060505 0.861475 0.199735
v -1.079095 0.861475 0.010998
v -1.022652 0.675407 0.010998
v -1.083406 1.098542 0.204294
v -1.064713 1.292054 0.200576
v -1.083386 1.292054 0.010994
v -1.102445 1.098542 0.010994
v -0.996889 1.520017 0.187073
v -0.906998 1.691485 0.169193
v -0.922579 1.691485 0.011005
v -1.014231 1.520017 0.011005
v -0.758756 1.875654 0.139685
v -0.611381 1.998971 0.110371
v -0.621166 1.998971 0.011025
v -0.771429 1.875654 0.011025
v -0.222859 0.007383 0.033072
v -0.405268 0.063800 0.069355
v -0.411011 0.063800 0.011042
v -0.225028 0.007383 0.011042
v -0.405268 2.111296 0.069355
v -0.222859 2.167714 0.033072
v -0.225029 2.167714 0.011042
v -0.411011 2.111296 0.011042
v -0.611381 0.176126 0.110371
v -0.758756 0.299443 0.139685
v -0.771429 0.299443 0.011025
v -0.621166 0.176126 0.011025
vt 0.207372 0.666256
vt 0.207121 0.715201
vt 0.208974 0.717804
vt 0.208974 0.663353
vt 0.208974 0.663334
vt 0.208974 0.717780
vt 0.184831 0.715201
vt 0.182978 0.717804
vt 0.182978 0.717780
vt 0.184580 0.666256
vt 0.182978 0.663353
vt 0.182978 0.663334
vt 0.206551 0.775219
vt 0.205588 0.824133
vt 0.208974 0.826703
vt 0.208974 0.772253
vt 0.208974 0.772225
vt 0.208974 0.826672
vt 0.186364 0.824133
vt 0.182978 0.826703
vt 0.182978 0.826672
vt 0.185401 0.775219
vt 0.182978 0.772253
vt 0.182978 0.772225
vt 0.205589 0.175867
vt 0.206551 0.224781
vt 0.208974 0.227747
vt 0.208974 0.173297
vt 0.208974 0.173328
vt 0.208974 0.227775
vt 0.185401 0.224781
vt 0.182978 0.227747
vt 0.182978 0.227775
vt 0.186364 0.175867
vt 0.182978 0.173297
vt 0.182978 0.173328
vt 0.207121 0.284799
vt 0.207372 0.333745
vt 0.208974 0.336647
vt 0.208974 0.282197
vt 0.208974 0.282221
vt 0.208974 0.336666
vt 0.184580 0.333745
vt 0.182978 0.336647
vt 0.182978 0.336666
vt 0.184831 0.284799
vt 0.182978 0.282197
vt 0.182978 0.282221
vt 0.207550 0.393772
vt 0.207625 0.442736
vt 0.208974 0.445549
vt 0.208974 0.391098
vt 0.208974 0.391111
vt 0.208974 0.445555
vt 0.184327 0.442736
vt 0.182978 0.445549
vt 0.182978 0.445556
vt 0.184402 0.393772
vt 0.182978 0.391098
vt 0.182978 0.391111
vt 0.207654 0.502765
vt 0.207631 0.551733
vt 0.208974 0.554451
vt 0.208974 0.500000
vt 0.208974 0.554445
vt 0.184322 0.551733
vt 0.182978 0.554451
vt 0.182978 0.554445
vt 0.184298 0.502765
vt 0.182978 0.500000
vt 0.207538 0.611762
vt 0.207395 0.660719
vt 0.208974 0.608902
vt 0.208974 0.608889
vt 0.184557 0.660719
vt 0.184415 0.611762
vt 0.182978 0.608902
vt 0.182978 0.608889
vt 0.207082 0.720743
vt 0.206625 0.769674
vt 0.185328 0.769674
vt 0.184870 0.720743
vt 0.202483 0.121439
vt 0.205418 0.170319
vt 0.208974 0.118848
vt 0.208974 0.118882
vt 0.186534 0.170319
vt 0.189469 0.121439
vt 0.182978 0.118848
vt 0.182978 0.118881
vt 0.205418 0.829681
vt 0.202483 0.878561
vt 0.208974 0.881152
vt 0.208974 0.881119
vt 0.189469 0.878561
vt 0.182978 0.881152
vt 0.182978 0.881119
vt 0.186534 0.829681
vt 0.206625 0.230326
vt 0.207082 0.279258
vt 0.184870 0.279258
vt 0.185328 0.230326
vt 0.207395 0.339282
vt 0.207538 0.388238
vt 0.184415 0.388238
vt 0.184557 0.339282
vt 0.207631 0.448267
vt 0.207654 0.497235
vt 0.184298 0.497235
vt 0.184322 0.448267
vt 0.207625 0.557264
vt 0.207550 0.606229
vt 0.184402 0.606228
vt 0.184327 0.557264
vt 0.181399 0.339282
vt 0.181542 0.388238
vt 0.158419 0.388238
vt 0.156982 0.391098
vt 0.156982 0.391111
vt 0.158562 0.339282
vt 0.156982 0.336647
vt 0.156982 0.336666
vt 0.181635 0.448267
vt 0.181658 0.497235
vt 0.158303 0.497235
vt 0.156982 0.500000
vt 0.158326 0.448267
vt 0.156982 0.445549
vt 0.156982 0.445555
vt 0.181629 0.557264
vt 0.181555 0.606228
vt 0.158406 0.606228
vt 0.156982 0.608902
vt 0.156982 0.608889
vt 0.158332 0.557264
vt 0.156982 0.554451
vt 0.156982 0.554445
vt 0.181377 0.666256
vt 0.181126 0.715201
vt 0.158835 0.715201
vt 0.156982 0.717803
vt 0.156982 0.717780
vt 0.158584 0.666256
vt 0.156982 0.663353
vt 0.156982 0.663334
vt 0.180555 0.775219
vt 0.179593 0.824133
vt 0.160368 0.824133
vt 0.156982 0.826703
vt 0.156982 0.826672
vt 0.159406 0.775219
vt 0.156982 0.772253
vt 0.156982 0.772225
vt 0.179593 0.175867
vt 0.180555 0.224781
vt 0.159406 0.224781
vt 0.156982 0.227747
vt 0.156982 0.227775
vt 0.160368 0.175867
vt 0.156982 0.173297
vt 0.156983 0.173328
vt 0.181126 0.284799
vt 0.181377 0.333745
vt 0.158584 0.333745
vt 0.158835 0.284799
vt 0.156982 0.282197
vt 0.156982 0.282220
vt 0.181555 0.393772
vt 0.181629 0.442736
vt 0.158332 0.442736
vt 0.158406 0.393772
vt 0.181658 0.502765
vt 0.181635 0.551733
vt 0.158326 0.551733
vt 0.158303 0.502765
vt 0.181542 0.611762
vt 0.181399 0.660719
vt 0.158562 0.660719
vt 0.158419 0.611762
vt 0.181086 0.720743
vt 0.180629 0.769674
vt 0.159332 0.769674
vt 0.158874 0.720743
vt 0.176487 0.121439
vt 0.179422 0.170319
vt 0.160538 0.170319
vt 0.163474 0.121439
vt 0.156983 0.118848
vt 0.156982 0.118881
vt 0.179422 0.829681
vt 0.176487 0.878561
vt 0.163473 0.878561
vt 0.156982 0.881152
vt 0.156982 0.881119
vt 0.160538 0.829681
vt 0.180629 0.230326
vt 0.181086 0.279258
vt 0.158874 0.279258
vt 0.159332 0.230326
vt 0.155403 0.339282
vt 0.155546 0.388238
vt 0.132423 0.388238
vt 0.130987 0.391098
vt 0.130987 0.391111
vt 0.132566 0.339282
vt 0.130987 0.336647
vt 0.130987 0.336666
vt 0.155639 0.448267
vt 0.155662 0.497235
vt 0.132307 0.497235
vt 0.130987 0.500000
vt 0.132330 0.448267
vt 0.130987 0.445549
vt 0.130987 0.445555
vt 0.155633 0.557264
vt 0.155559 0.606228
vt 0.132410 0.606228
vt 0.130987 0.608902
vt 0.130987 0.608889
vt 0.132336 0.557264
vt 0.130987 0.554451
vt 0.130987 0.554445
vt 0.155381 0.666256
vt 0.155130 0.715201
vt 0.132839 0.715201
vt 0.130987 0.717803
vt 0.130987 0.717780
vt 0.132588 0.666256
vt 0.130987 0.663353
vt 0.130987 0.663334
vt 0.154559 0.775219
vt 0.153597 0.824133
vt 0.134372 0.824133
vt 0.130987 0.826703
vt 0.130987 0.826672
vt 0.133410 0.775219
vt 0.130987 0.772253
vt 0.130987 0.772225
vt 0.153597 0.175867
vt 0.154559 0.224781
vt 0.133410 0.224781
vt 0.130987 0.227747
vt 0.130987 0.227775
vt 0.134372 0.175867
vt 0.130987 0.173297
vt 0.130987 0.173328
vt 0.155130 0.284799
vt 0.155381 0.333745
vt 0.132588 0.333745
vt 0.132839 0.284799
vt 0.130987 0.282197
vt 0.130987 0.282220
vt 0.155559 0.393772
vt 0.155633 0.442736
vt 0.132336 0.442736
vt 0.132410 0.393772
vt 0.155662 0.502765
vt 0.155639 0.551733
vt 0.132330 0.551733
vt 0.132307 0.502765
vt 0.155546 0.611762
vt 0.155403 0.660719
vt 0.132566 0.660718
vt 0.132423 0.611762
vt 0.155090 0.720743
vt 0.154633 0.769674
vt 0.133336 0.769674
vt 0.132879 0.720742
vt 0.150491 0.121439
vt 0.153427 0.170319
vt 0.134543 0.170319
vt 0.137478 0.121439
vt 0.130987 0.118848
vt 0.130987 0.118881
vt 0.153427 0.829681
vt 0.150491 0.878561
vt 0.137478 0.878561
vt 0.130986 0.881152
vt 0.130987 0.881119
vt 0.134542 0.829681
vt 0.154633 0.230326
vt 0.155091 0.279258
vt 0.132879 0.279258
vt 0.133336 0.230326
vt 0.129408 0.339282
vt 0.129550 0.388238
vt 0.106427 0.388238
vt 0.104991 0.391098
vt 0.104991 0.391111
vt 0.106570 0.339282
vt 0.104991 0.336647
vt 0.104991 0.336666
vt 0.129643 0.448267
vt 0.129666 0.497235
vt 0.106311 0.497235
vt 0.104991 0.500000
vt 0.106334 0.448267
vt 0.104991 0.445549
vt 0.104991 0.445555
vt 0.129637 0.557264
vt 0.129563 0.606228
vt 0.106415 0.606228
vt 0.104991 0.608902
vt 0.104991 0.608889
vt 0.106340 0.557264
vt 0.104991 0.554451
vt 0.104991 0.554445
vt 0.129385 0.666256
vt 0.129134 0.715201
vt 0.106844 0.715201
vt 0.104991 0.717803
vt 0.104991 0.717780
vt 0.106593 0.666256
vt 0.104991 0.663353
vt 0.104991 0.663334
vt 0.128564 0.775219
vt 0.127601 0.824133
vt 0.108376 0.824133
vt 0.104991 0.826703
vt 0.104991 0.826671
vt 0.107414 0.775219
vt 0.104991 0.772253
vt 0.104991 0.772225
vt 0.127601 0.175867
vt 0.128564 0.224781
vt 0.107414 0.224781
vt 0.104991 0.227747
vt 0.104991 0.227775
vt 0.108376 0.175867
vt 0.104991 0.173297
vt 0.104991 0.173328
vt 0.129134 0.284799
vt 0.129385 0.333745
vt 0.106593 0.333745
vt 0.106844 0.284799
vt 0.104991 0.282197
vt 0.104991 0.282220
vt 0.129563 0.393772
vt 0.129637 0.442736
vt 0.106340 0.442736
vt 0.106415 0.393772
vt 0.129666 0.502765
vt 0.129643 0.551733
vt 0.106334 0.551733
vt 0.106311 0.502765
vt 0.129550 0.611762
vt 0.129408 0.660718
vt 0.106570 0.660718
vt 0.106427 0.611762
vt 0.129095 0.720742
vt 0.128637 0.769674
vt 0.107340 0.769674
vt 0.106883 0.720742
vt 0.124496 0.121439
vt 0.127431 0.170319
vt 0.108547 0.170319
vt 0.111482 0.121439
vt 0.104991 0.118848
vt 0.104991 0.118881
vt 0.127431 0.829681
vt 0.124495 0.878561
vt 0.111482 0.878561
vt 0.104991 0.881152
vt 0.104991 0.881119
vt 0.108547 0.829681
vt 0.128637 0.230326
vt 0.129095 0.279258
vt 0.106883 0.279258
vt 0.107340 0.230326
vt 0.103412 0.339282
vt 0.103554 0.388238
vt 0.080432 0.388238
vt 0.078995 0.391098
vt 0.078995 0.391111
vt 0.080574 0.339282
vt 0.078995 0.336647
vt 0.078995 0.336666
vt 0.103647 0.448267
vt 0.103671 0.497235
vt 0.080315 0.497235
vt 0.078995 0.500000
vt 0.080338 0.448267
vt 0.078995 0.445549
vt 0.078995 0.445555
vt 0.103642 0.557264
vt 0.103567 0.606228
vt 0.080419 0.606228
vt 0.078995 0.608902
vt 0.078995 0.608889
vt 0.080344 0.557264
vt 0.078995 0.554451
vt 0.078995 0.554445
vt 0.103389 0.666256
vt 0.103138 0.715201
vt 0.080848 0.715201
vt 0.078995 0.717803
vt 0.078995 0.717780
vt 0.080597 0.666256
vt 0.078995 0.663353
vt 0.078995 0.663334
vt 0.102568 0.775219
vt 0.101605 0.824133
vt 0.082381 0.824133
vt 0.078995 0.826703
vt 0.078995 0.826672
vt 0.081418 0.775219
vt 0.078995 0.772253
vt 0.078995 0.772225
vt 0.101605 0.175867
vt 0.102568 0.224781
vt 0.081418 0.224781
vt 0.078995 0.227747
vt 0.078995 0.227775
vt 0.082381 0.175867
vt 0.078995 0.173297
vt 0.078995 0.173328
vt 0.103138 0.284799
vt 0.103389 0.333745
vt 0.080597 0.333745
vt 0.080848 0.284799
vt 0.078995 0.282197
vt 0.078995 0.282220
vt 0.103567 0.393772
vt 0.103642 0.442736
vt 0.080344 0.442736
vt 0.080419 0.393772
vt 0.103671 0.502765
vt 0.103647 0.551733
vt 0.080338 0.551733
vt 0.080315 0.502765
vt 0.103554 0.611762
vt 0.103412 0.660718
vt 0.080574 0.660718
vt 0.080432 0.611762
vt 0.103099 0.720742
vt 0.102641 0.769674
vt 0.081345 0.769674
vt 0.080887 0.720742
vt 0.098500 0.121439
vt 0.101435 0.170319
vt 0.082551 0.170319
vt 0.085486 0.121439
vt 0.078995 0.118848
vt 0.078995 0.118881
vt 0.101435 0.829681
vt 0.098500 0.878561
vt 0.085486 0.878561
vt 0.078995 0.881152
vt 0.078995 0.881119
vt 0.082551 0.829681
vt 0.102641 0.230326
vt 0.103099 0.279258
vt 0.080887 0.279258
vt 0.081345 0.230326
vt 0.077416 0.339282
vt 0.077559 0.388238
vt 0.054436 0.388238
vt 0.052999 0.391098
vt 0.052999 0.391111
vt 0.054578 0.339282
vt 0.052999 0.336647
vt 0.052999 0.336666
vt 0.077652 0.448267
vt 0.077675 0.497235
vt 0.054319 0.497235
vt 0.052999 0.500000
vt 0.054343 0.448267
vt 0.052999 0.445549
vt 0.052999 0.445555
vt 0.077646 0.557264
vt 0.077571 0.606228
vt 0.054423 0.606228
vt 0.052999 0.608902
vt 0.052999 0.608889
vt 0.054349 0.557264
vt 0.052999 0.554451
vt 0.052999 0.554445
vt 0.077393 0.666256
vt 0.077142 0.715201
vt 0.054852 0.715201
vt 0.052999 0.717803
vt 0.052999 0.717780
vt 0.054601 0.666256
vt 0.052999 0.663353
vt 0.052999 0.663334
vt 0.076572 0.775219
vt 0.075609 0.824133
vt 0.056385 0.824133
vt 0.052999 0.826703
vt 0.052999 0.826671
vt 0.055422 0.775219
vt 0.052999 0.772253
vt 0.052999 0.772225
vt 0.075609 0.175867
vt 0.076572 0.224781
vt 0.055422 0.224781
vt 0.052999 0.227747
vt 0.052999 0.227775
vt 0.056385 0.175867
vt 0.052999 0.173297
vt 0.052999 0.173328
vt 0.077142 0.284799
vt 0.077393 0.333745
vt 0.054601 0.333745
vt 0.054852 0.284799
vt 0.052999 0.282197
vt 0.052999 0.282220
vt 0.077571 0.393772
vt 0.077646 0.442736
vt 0.054349 0.442736
vt 0.054423 0.393772
vt 0.077675 0.502765
vt 0.077652 0.551733
vt 0.054343 0.551733
vt 0.054319 0.502765
vt 0.077559 0.611762
vt 0.077416 0.660718
vt 0.054578 0.660718
vt 0.054436 0.611762
vt 0.077103 0.720742
vt 0.076645 0.769674
vt 0.055349 0.769674
vt 0.054891 0.720742
vt 0.072504 0.121439
vt 0.075439 0.170319
vt 0.056555 0.170319
vt 0.059490 0.121439
vt 0.052999 0.118848
vt 0.052999 0.118881
vt 0.075439 0.829681
vt 0.072504 0.878561
vt 0.059490 0.878561
vt 0.052999 0.881152
vt 0.052999 0.881119
vt 0.056555 0.829680
vt 0.076646 0.230326
vt 0.077103 0.279258
vt 0.054891 0.279258
vt 0.055349 0.230326
vt 0.051420 0.339282
vt 0.051563 0.388238
vt 0.028440 0.388238
vt 0.027004 0.391098
vt 0.027004 0.391111
vt 0.028583 0.339282
vt 0.027004 0.336647
vt 0.027004 0.336666
vt 0.051656 0.448267
vt 0.051679 0.497235
vt 0.028324 0.497235
vt 0.027004 0.500000
vt 0.028347 0.448267
vt 0.027004 0.445549
vt 0.027004 0.445555
vt 0.051650 0.557264
vt 0.051576 0.606228
vt 0.028427 0.606228
vt 0.027004 0.608902
vt 0.027004 0.608889
vt 0.028353 0.557264
vt 0.027004 0.554451
vt 0.027004 0.554445
vt 0.051397 0.666256
vt 0.051146 0.715201
vt 0.028856 0.715201
vt 0.027004 0.717803
vt 0.027003 0.717780
vt 0.028605 0.666256
vt 0.027004 0.663353
vt 0.027004 0.663334
vt 0.050576 0.775219
vt 0.049614 0.824133
vt 0.030389 0.824133
vt 0.027003 0.826703
vt 0.027003 0.826671
vt 0.029427 0.775219
vt 0.027003 0.772253
vt 0.027003 0.772225
vt 0.049614 0.175867
vt 0.050576 0.224781
vt 0.029427 0.224781
vt 0.027004 0.227747
vt 0.027004 0.227775
vt 0.030389 0.175867
vt 0.027004 0.173297
vt 0.027003 0.173328
vt 0.051146 0.284799
vt 0.051397 0.333745
vt 0.028605 0.333745
vt 0.028856 0.284799
vt 0.027004 0.282197
vt 0.027004 0.282220
vt 0.051576 0.393772
vt 0.051650 0.442736
vt 0.028353 0.442736
vt 0.028427 0.393772
vt 0.051679 0.502765
vt 0.051656 0.551733
vt 0.028347 0.551733
vt 0.028324 0.502765
vt 0.051563 0.611762
vt 0.051420 0.660718
vt 0.028583 0.660718
vt 0.028440 0.611762
vt 0.051107 0.720742
vt 0.050650 0.769674
vt 0.029353 0.769674
vt 0.028895 0.720742
vt 0.046508 0.121439
vt 0.049443 0.170319
vt 0.030559 0.170319
vt 0.033495 0.121439
vt 0.027004 0.118848
vt 0.027003 0.118881
vt 0.049443 0.829680
vt 0.046508 0.878561
vt 0.033494 0.878561
vt 0.027003 0.881152
vt 0.027003 0.881119
vt 0.030559 0.829680
vt 0.050650 0.230326
vt 0.051107 0.279258
vt 0.028895 0.279258
vt 0.029353 0.230326
vt 0.025424 0.339282
vt 0.025567 0.388238
vt 0.002444 0.388238
vt 0.001008 0.391098
vt 0.001008 0.391111
vt 0.834309 0.388238
vt 0.834452 0.339282
vt 0.832873 0.336647
vt 0.832873 0.391098
vt 0.832873 0.391111
vt 0.832873 0.336666
vt 0.857290 0.339282
vt 0.858869 0.336647
vt 0.858869 0.336666
vt 0.025660 0.448267
vt 0.025683 0.497235
vt 0.857549 0.497235
vt 0.834193 0.497235
vt 0.832873 0.500000
vt 0.858869 0.500000
vt 0.834216 0.448267
vt 0.832873 0.445549
vt 0.832873 0.445555
vt 0.857525 0.448267
vt 0.858869 0.445549
vt 0.858869 0.445555
vt 0.025654 0.557264
vt 0.025580 0.606228
vt 0.857445 0.606228
vt 0.834297 0.606228
vt 0.832873 0.608902
vt 0.858869 0.608902
vt 0.858869 0.608889
vt 0.832873 0.608889
vt 0.834222 0.557264
vt 0.832873 0.554451
vt 0.832873 0.554445
vt 0.857520 0.557264
vt 0.858869 0.554451
vt 0.858869 0.554445
vt 0.025402 0.666255
vt 0.025151 0.715201
vt 0.857016 0.715201
vt 0.834726 0.715201
vt 0.832873 0.717803
vt 0.858869 0.717803
vt 0.858869 0.717780
vt 0.832873 0.717780
vt 0.834475 0.666255
vt 0.832873 0.663353
vt 0.832873 0.663334
vt 0.857267 0.666255
vt 0.858869 0.663353
vt 0.858869 0.663334
vt 0.024580 0.775219
vt 0.023618 0.824133
vt 0.855483 0.824133
vt 0.836258 0.824133
vt 0.832873 0.826703
vt 0.858869 0.826703
vt 0.858869 0.826671
vt 0.832873 0.826672
vt 0.835296 0.775219
vt 0.832873 0.772253
vt 0.832873 0.772225
vt 0.856446 0.775219
vt 0.858869 0.772253
vt 0.858869 0.772225
vt 0.023618 0.175867
vt 0.024580 0.224781
vt 0.856446 0.224781
vt 0.835296 0.224781
vt 0.832873 0.227747
vt 0.858869 0.227747
vt 0.858869 0.227775
vt 0.832873 0.227775
vt 0.836259 0.175867
vt 0.832873 0.173297
vt 0.832873 0.173328
vt 0.855483 0.175867
vt 0.858869 0.173297
vt 0.858869 0.173328
vt 0.025151 0.284799
vt 0.025402 0.333745
vt 0.857267 0.333745
vt 0.834475 0.333745
vt 0.834726 0.284799
vt 0.832873 0.282197
vt 0.832873 0.282220
vt 0.857016 0.284799
vt 0.858869 0.282197
vt 0.858869 0.282220
vt 0.025580 0.393772
vt 0.025654 0.442736
vt 0.857520 0.442736
vt 0.834222 0.442736
vt 0.834297 0.393772
vt 0.002431 0.393772
vt 0.025683 0.502765
vt 0.025660 0.551733
vt 0.857525 0.551733
vt 0.834216 0.551733
vt 0.834193 0.502765
vt 0.857549 0.502765
vt 0.025567 0.611762
vt 0.025424 0.660718
vt 0.857290 0.660718
vt 0.834452 0.660718
vt 0.834309 0.611762
vt 0.857432 0.611762
vt 0.025112 0.720742
vt 0.024654 0.769674
vt 0.856519 0.769674
vt 0.835222 0.769674
vt 0.834765 0.720742
vt 0.856977 0.720742
vt 0.020512 0.121439
vt 0.023448 0.170319
vt 0.855313 0.170319
vt 0.836429 0.170319
vt 0.839364 0.121439
vt 0.832873 0.118848
vt 0.832873 0.118882
vt 0.852378 0.121439
vt 0.858869 0.118848
vt 0.858869 0.118881
vt 0.023448 0.829680
vt 0.020512 0.878561
vt 0.852377 0.878561
vt 0.839364 0.878561
vt 0.832873 0.881152
vt 0.858869 0.881152
vt 0.858868 0.881119
vt 0.832873 0.881118
vt 0.836429 0.829680
vt 0.855313 0.829680
vt 0.024654 0.230326
vt 0.025112 0.279258
vt 0.856977 0.279258
vt 0.834765 0.279258
vt 0.835222 0.230326
vt 0.856519 0.230326
vt 0.831294 0.339282
vt 0.831437 0.388238
vt 0.808314 0.388238
vt 0.806877 0.391098
vt 0.806877 0.391111
vt 0.808456 0.339282
vt 0.806877 0.336647
vt 0.806877 0.336666
vt 0.831529 0.448267
vt 0.831553 0.497235
vt 0.808197 0.497235
vt 0.806877 0.500000
vt 0.808221 0.448267
vt 0.806877 0.445549
vt 0.806877 0.445555
vt 0.831524 0.557264
vt 0.831449 0.606228
vt 0.808301 0.606228
vt 0.806877 0.608902
vt 0.806877 0.608889
vt 0.808226 0.557264
vt 0.806877 0.554451
vt 0.806877 0.554445
vt 0.831271 0.666255
vt 0.831020 0.715201
vt 0.808730 0.715201
vt 0.806877 0.717803
vt 0.806877 0.717780
vt 0.808479 0.666255
vt 0.806877 0.663353
vt 0.806877 0.663334
vt 0.830450 0.775219
vt 0.829487 0.824133
vt 0.810263 0.824133
vt 0.806877 0.826703
vt 0.806877 0.826671
vt 0.809300 0.775219
vt 0.806877 0.772253
vt 0.806877 0.772225
vt 0.829487 0.175867
vt 0.830450 0.224781
vt 0.809300 0.224781
vt 0.806877 0.227747
vt 0.806877 0.227775
vt 0.810263 0.175867
vt 0.806877 0.173297
vt 0.806877 0.173329
vt 0.831020 0.284799
vt 0.831271 0.333745
vt 0.808479 0.333745
vt 0.808730 0.284799
vt 0.806877 0.282197
vt 0.806877 0.282220
vt 0.831449 0.393772
vt 0.831524 0.442736
vt 0.808226 0.442736
vt 0.808301 0.393772
vt 0.831553 0.502765
vt 0.831529 0.551733
vt 0.808221 0.551733
vt 0.808197 0.502765
vt 0.831437 0.611762
vt 0.831294 0.660718
vt 0.808456 0.660718
vt 0.808314 0.611762
vt 0.830981 0.720742
vt 0.830523 0.769674
vt 0.809227 0.769674
vt 0.808769 0.720742
vt 0.826382 0.121439
vt 0.829317 0.170319
vt 0.810433 0.170319
vt 0.813368 0.121439
vt 0.806877 0.118848
vt 0.806877 0.118881
vt 0.829317 0.829680
vt 0.826382 0.878561
vt 0.813368 0.878561
vt 0.806877 0.881151
vt 0.806877 0.881118
vt 0.810433 0.829680
vt 0.830523 0.230326
vt 0.830981 0.279258
vt 0.808769 0.279258
vt 0.809227 0.230326
vt 0.805298 0.339282
vt 0.805441 0.388238
vt 0.782318 0.388238
vt 0.780881 0.391098
vt 0.780881 0.391111
vt 0.782461 0.339282
vt 0.780881 0.336647
vt 0.780881 0.336666
vt 0.805534 0.448267
vt 0.805557 0.497235
vt 0.782202 0.497235
vt 0.780881 0.500000
vt 0.782225 0.448267
vt 0.780881 0.445549
vt 0.780881 0.445555
vt 0.805528 0.557264
vt 0.805453 0.606228
vt 0.782305 0.606228
vt 0.780881 0.608902
vt 0.780881 0.608889
vt 0.782231 0.557264
vt 0.780881 0.554451
vt 0.780881 0.554445
vt 0.805275 0.666255
vt 0.805024 0.715201
vt 0.782734 0.715201
vt 0.780881 0.717803
vt 0.780881 0.717780
vt 0.782483 0.666255
vt 0.780881 0.663353
vt 0.780881 0.663334
vt 0.804454 0.775219
vt 0.803491 0.824133
vt 0.784267 0.824133
vt 0.780881 0.826703
vt 0.780881 0.826671
vt 0.783304 0.775219
vt 0.780881 0.772253
vt 0.780881 0.772225
vt 0.803491 0.175867
vt 0.804454 0.224781
vt 0.783304 0.224781
vt 0.780881 0.227747
vt 0.780881 0.227775
vt 0.784267 0.175867
vt 0.780881 0.173297
vt 0.780881 0.173329
vt 0.805024 0.284799
vt 0.805275 0.333745
vt 0.782483 0.333745
vt 0.782734 0.284799
vt 0.780881 0.282197
vt 0.780881 0.282220
vt 0.805453 0.393772
vt 0.805528 0.442736
vt 0.782231 0.442736
vt 0.782305 0.393772
vt 0.805557 0.502765
vt 0.805534 0.551733
vt 0.782225 0.551733
vt 0.782202 0.502765
vt 0.805441 0.611762
vt 0.805298 0.660718
vt 0.782461 0.660718
vt 0.782318 0.611762
vt 0.804985 0.720742
vt 0.804528 0.769674
vt 0.783231 0.769674
vt 0.782773 0.720742
vt 0.800386 0.121439
vt 0.803321 0.170319
vt 0.784437 0.170319
vt 0.787372 0.121439
vt 0.780881 0.118848
vt 0.780881 0.118881
vt 0.803321 0.829680
vt 0.800386 0.878561
vt 0.787372 0.878561
vt 0.780881 0.881151
vt 0.780881 0.881118
vt 0.784437 0.829680
vt 0.804528 0.230326
vt 0.804985 0.279258
vt 0.782773 0.279258
vt 0.783231 0.230326
vt 0.779302 0.339282
vt 0.779445 0.388238
vt 0.756322 0.388238
vt 0.754886 0.391098
vt 0.754886 0.391111
vt 0.756465 0.339282
vt 0.754886 0.336647
vt 0.754886 0.336666
vt 0.779538 0.448267
vt 0.779561 0.497235
vt 0.756206 0.497235
vt 0.754886 0.500000
vt 0.756229 0.448267
vt 0.754886 0.445549
vt 0.754886 0.445555
vt 0.779532 0.557264
vt 0.779458 0.606228
vt 0.756309 0.606228
vt 0.754886 0.608902
vt 0.754886 0.608889
vt 0.756235 0.557264
vt 0.754886 0.554451
vt 0.754886 0.554445
vt 0.779280 0.666255
vt 0.779029 0.715201
vt 0.756738 0.715201
vt 0.754886 0.717803
vt 0.754886 0.717780
vt 0.756487 0.666255
vt 0.754886 0.663353
vt 0.754886 0.663334
vt 0.778458 0.775219
vt 0.777496 0.824133
vt 0.758271 0.824133
vt 0.754886 0.826703
vt 0.754886 0.826671
vt 0.757309 0.775219
vt 0.754886 0.772253
vt 0.754886 0.772225
vt 0.777496 0.175867
vt 0.778458 0.224781
vt 0.757309 0.224781
vt 0.754886 0.227747
vt 0.754886 0.227775
vt 0.758271 0.175867
vt 0.754886 0.173297
vt 0.754886 0.173329
vt 0.779029 0.284799
vt 0.779280 0.333745
vt 0.756487 0.333745
vt 0.756738 0.284799
vt 0.754886 0.282197
vt 0.754886 0.282220
vt 0.779458 0.393772
vt 0.779532 0.442736
vt 0.756235 0.442736
vt 0.756309 0.393772
vt 0.779561 0.502765
vt 0.779538 0.551733
vt 0.756229 0.551733
vt 0.756206 0.502765
vt 0.779445 0.611762
vt 0.779302 0.660718
vt 0.756465 0.660718
vt 0.756322 0.611762
vt 0.778989 0.720742
vt 0.778532 0.769674
vt 0.757235 0.769674
vt 0.756778 0.720742
vt 0.774390 0.121439
vt 0.777325 0.170319
vt 0.758441 0.170319
vt 0.761377 0.121439
vt 0.754885 0.118848
vt 0.754886 0.118882
vt 0.777325 0.829680
vt 0.774390 0.878561
vt 0.761377 0.878561
vt 0.754885 0.881151
vt 0.754885 0.881118
vt 0.758441 0.829680
vt 0.778532 0.230326
vt 0.778989 0.279258
vt 0.756778 0.279258
vt 0.757235 0.230326
vt 0.753306 0.339282
vt 0.753449 0.388238
vt 0.730326 0.388238
vt 0.728890 0.391098
vt 0.728890 0.391111
vt 0.730469 0.339282
vt 0.728890 0.336647
vt 0.728890 0.336666
vt 0.753542 0.448267
vt 0.753565 0.497235
vt 0.730210 0.497235
vt 0.728890 0.500000
vt 0.730233 0.448267
vt 0.728890 0.445549
vt 0.728890 0.445555
vt 0.753536 0.557264
vt 0.753462 0.606228
vt 0.730314 0.606228
vt 0.728890 0.608902
vt 0.728890 0.608889
vt 0.730239 0.557264
vt 0.728890 0.554451
vt 0.728890 0.554445
vt 0.753284 0.666255
vt 0.753033 0.715201
vt 0.730743 0.715201
vt 0.728890 0.717803
vt 0.728890 0.717780
vt 0.730492 0.666255
vt 0.728890 0.663353
vt 0.728890 0.663334
vt 0.752462 0.775219
vt 0.751500 0.824133
vt 0.732275 0.824133
vt 0.728890 0.826703
vt 0.728890 0.826671
vt 0.731313 0.775219
vt 0.728890 0.772253
vt 0.728890 0.772225
vt 0.751500 0.175867
vt 0.752462 0.224781
vt 0.731313 0.224781
vt 0.728890 0.227747
vt 0.728890 0.227775
vt 0.732275 0.175867
vt 0.728890 0.173297
vt 0.728890 0.173329
vt 0.753033 0.284799
vt 0.753284 0.333745
vt 0.730492 0.333745
vt 0.730743 0.284799
vt 0.728890 0.282197
vt 0.728890 0.282220
vt 0.753462 0.393772
vt 0.753536 0.442736
vt 0.730239 0.442736
vt 0.730314 0.393772
vt 0.753565 0.502765
vt 0.753542 0.551733
vt 0.730233 0.551733
vt 0.730210 0.502765
vt 0.753449 0.611762
vt 0.753306 0.660718
vt 0.730469 0.660718
vt 0.730326 0.611762
vt 0.752994 0.720742
vt 0.752536 0.769674
vt 0.731239 0.769674
vt 0.730782 0.720742
vt 0.748394 0.121439
vt 0.751330 0.170319
vt 0.732446 0.170319
vt 0.735381 0.121439
vt 0.728890 0.118848
vt 0.728890 0.118882
vt 0.751330 0.829680
vt 0.748394 0.878561
vt 0.735381 0.878561
vt 0.728890 0.881151
vt 0.728890 0.881118
vt 0.732446 0.829680
vt 0.752536 0.230326
vt 0.752994 0.279258
vt 0.730782 0.279258
vt 0.731239 0.230326
vt 0.727311 0.339282
vt 0.727453 0.388238
vt 0.704331 0.388238
vt 0.702894 0.391098
vt 0.702894 0.391111
vt 0.704473 0.339282
vt 0.702894 0.336647
vt 0.702894 0.336666
vt 0.727546 0.448267
vt 0.727570 0.497235
vt 0.704214 0.497235
vt 0.702894 0.500000
vt 0.704237 0.448267
vt 0.702894 0.445549
vt 0.702894 0.445555
vt 0.727541 0.557264
vt 0.727466 0.606228
vt 0.704318 0.606228
vt 0.702894 0.608902
vt 0.702894 0.608889
vt 0.704243 0.557264
vt 0.702894 0.554451
vt 0.702894 0.554445
vt 0.727288 0.666255
vt 0.727037 0.715201
vt 0.704747 0.715201
vt 0.702894 0.717803
vt 0.702894 0.717780
vt 0.704496 0.666255
vt 0.702894 0.663353
vt 0.702894 0.663334
vt 0.726467 0.775219
vt 0.725504 0.824133
vt 0.706280 0.824133
vt 0.702894 0.826703
vt 0.702894 0.826671
vt 0.705317 0.775219
vt 0.702894 0.772253
vt 0.702894 0.772225
vt 0.725504 0.175867
vt 0.726467 0.224781
vt 0.705317 0.224781
vt 0.702894 0.227747
vt 0.702894 0.227775
vt 0.706280 0.175867
vt 0.702894 0.173297
vt 0.702894 0.173329
vt 0.727037 0.284799
vt 0.727288 0.333745
vt 0.704496 0.333745
vt 0.704747 0.284799
vt 0.702894 0.282197
vt 0.702894 0.282220
vt 0.727466 0.393772
vt 0.727541 0.442736
vt 0.704243 0.442736
vt 0.704318 0.393772
vt 0.727570 0.502765
vt 0.727546 0.551733
vt 0.704237 0.551733
vt 0.704214 0.502765
vt 0.727453 0.611762
vt 0.727311 0.660718
vt 0.704473 0.660718
vt 0.704331 0.611762
vt 0.726998 0.720742
vt 0.726540 0.769674
vt 0.705244 0.769674
vt 0.704786 0.720742
vt 0.722399 0.121439
vt 0.725334 0.170319
vt 0.706450 0.170319
vt 0.709385 0.121439
vt 0.702894 0.118848
vt 0.702894 0.118882
vt 0.725334 0.829680
vt 0.722399 0.878561
vt 0.709385 0.878561
vt 0.702894 0.881151
vt 0.702894 0.881118
vt 0.706450 0.829680
vt 0.726540 0.230326
vt 0.726998 0.279258
vt 0.704786 0.279258
vt 0.705244 0.230326
vt 0.701315 0.339282
vt 0.701458 0.388238
vt 0.678335 0.388238
vt 0.676898 0.391098
vt 0.676898 0.391111
vt 0.678477 0.339282
vt 0.676898 0.336647
vt 0.676898 0.336666
vt 0.701551 0.448267
vt 0.701574 0.497235
vt 0.678218 0.497235
vt 0.676898 0.500000
vt 0.678242 0.448267
vt 0.676898 0.445549
vt 0.676898 0.445555
vt 0.701545 0.557264
vt 0.701470 0.606228
vt 0.678322 0.606228
vt 0.676898 0.608902
vt 0.676898 0.608889
vt 0.678248 0.557264
vt 0.676898 0.554451
vt 0.676898 0.554445
vt 0.701292 0.666255
vt 0.701041 0.715201
vt 0.678751 0.715201
vt 0.676898 0.717803
vt 0.676898 0.717780
vt 0.678500 0.666255
vt 0.676898 0.663353
vt 0.676898 0.663334
vt 0.700471 0.775219
vt 0.699508 0.824133
vt 0.680284 0.824133
vt 0.676898 0.826703
vt 0.676898 0.826671
vt 0.679321 0.775219
vt 0.676898 0.772253
vt 0.676898 0.772225
vt 0.699508 0.175867
vt 0.700471 0.224781
vt 0.679321 0.224781
vt 0.676898 0.227747
vt 0.676898 0.227775
vt 0.680284 0.175867
vt 0.676898 0.173297
vt 0.676898 0.173329
vt 0.701041 0.284799
vt 0.701292 0.333745
vt 0.678500 0.333744
vt 0.678751 0.284799
vt 0.676898 0.282197
vt 0.676898 0.282220
vt 0.701470 0.393772
vt 0.701545 0.442736
vt 0.678248 0.442736
vt 0.678322 0.393772
vt 0.701574 0.502765
vt 0.701551 0.551733
vt 0.678242 0.551733
vt 0.678218 0.502765
vt 0.701458 0.611762
vt 0.701315 0.660718
vt 0.678477 0.660718
vt 0.678335 0.611762
vt 0.701002 0.720742
vt 0.700544 0.769674
vt 0.679248 0.769674
vt 0.678790 0.720742
vt 0.696403 0.121439
vt 0.699338 0.170319
vt 0.680454 0.170319
vt 0.683389 0.121439
vt 0.676898 0.118848
vt 0.676898 0.118882
vt 0.699338 0.829680
vt 0.696403 0.878561
vt 0.683389 0.878561
vt 0.676898 0.881151
vt 0.676898 0.881118
vt 0.680454 0.829680
vt 0.700544 0.230326
vt 0.701002 0.279258
vt 0.678790 0.279258
vt 0.679248 0.230326
vt 0.675319 0.339282
vt 0.675462 0.388238
vt 0.652339 0.388238
vt 0.650903 0.391098
vt 0.650903 0.391111
vt 0.652482 0.339282
vt 0.650903 0.336647
vt 0.650902 0.336666
vt 0.675555 0.448267
vt 0.675578 0.497235
vt 0.652223 0.497235
vt 0.650903 0.500000
vt 0.650902 0.500000
vt 0.652246 0.448267
vt 0.650903 0.445549
vt 0.650903 0.445555
vt 0.675549 0.557264
vt 0.675475 0.606228
vt 0.652326 0.606228
vt 0.650903 0.608902
vt 0.650903 0.608889
vt 0.652252 0.557264
vt 0.650903 0.554451
vt 0.650903 0.554445
vt 0.675296 0.666255
vt 0.675045 0.715201
vt 0.652755 0.715201
vt 0.650903 0.717803
vt 0.650902 0.717779
vt 0.652504 0.666256
vt 0.650903 0.663353
vt 0.650903 0.663334
vt 0.674475 0.775219
vt 0.673513 0.824133
vt 0.654288 0.824133
vt 0.650903 0.826703
vt 0.650902 0.826671
vt 0.653326 0.775219
vt 0.650903 0.772253
vt 0.650903 0.772225
vt 0.673513 0.175867
vt 0.674475 0.224781
vt 0.653326 0.224781
vt 0.650903 0.227747
vt 0.650902 0.227775
vt 0.654288 0.175867
vt 0.650903 0.173297
vt 0.650902 0.173329
vt 0.675045 0.284799
vt 0.675296 0.333745
vt 0.652504 0.333744
vt 0.652755 0.284799
vt 0.650903 0.282197
vt 0.650902 0.282221
vt 0.675475 0.393772
vt 0.675549 0.442736
vt 0.652252 0.442736
vt 0.652326 0.393772
vt 0.675578 0.502765
vt 0.675555 0.551733
vt 0.652246 0.551733
vt 0.652223 0.502765
vt 0.675462 0.611762
vt 0.675319 0.660718
vt 0.652482 0.660718
vt 0.652339 0.611762
vt 0.675006 0.720742
vt 0.674549 0.769674
vt 0.653252 0.769674
vt 0.652794 0.720742
vt 0.670407 0.121439
vt 0.673342 0.170319
vt 0.654458 0.170319
vt 0.657393 0.121439
vt 0.650903 0.118848
vt 0.650902 0.118882
vt 0.673342 0.829680
vt 0.670407 0.878561
vt 0.657394 0.878561
vt 0.650903 0.881151
vt 0.650902 0.881118
vt 0.654458 0.829680
vt 0.674549 0.230326
vt 0.675006 0.279258
vt 0.652794 0.279258
vt 0.653252 0.230326
vt 0.649323 0.339282
vt 0.649466 0.388238
vt 0.626343 0.388238
vt 0.624907 0.391098
vt 0.624907 0.391111
vt 0.626486 0.339282
vt 0.624907 0.336647
vt 0.624907 0.336666
vt 0.649559 0.448267
vt 0.649582 0.497235
vt 0.626227 0.497235
vt 0.624907 0.500000
vt 0.626250 0.448267
vt 0.624907 0.445549
vt 0.624907 0.445555
vt 0.649553 0.557264
vt 0.649479 0.606228
vt 0.626330 0.606228
vt 0.624907 0.608902
vt 0.624907 0.608889
vt 0.626256 0.557264
vt 0.624907 0.554451
vt 0.624907 0.554445
vt 0.649301 0.666256
vt 0.649050 0.715201
vt 0.626759 0.715201
vt 0.624907 0.717803
vt 0.624907 0.717779
vt 0.626508 0.666256
vt 0.624907 0.663353
vt 0.624907 0.663334
vt 0.648479 0.775219
vt 0.647517 0.824133
vt 0.628292 0.824133
vt 0.624907 0.826703
vt 0.624907 0.826671
vt 0.627330 0.775219
vt 0.624907 0.772253
vt 0.624907 0.772225
vt 0.647517 0.175867
vt 0.648479 0.224781
vt 0.627330 0.224781
vt 0.624907 0.227747
vt 0.624907 0.227775
vt 0.628292 0.175867
vt 0.624907 0.173297
vt 0.624907 0.173329
vt 0.649050 0.284799
vt 0.649301 0.333745
vt 0.626508 0.333744
vt 0.626759 0.284799
vt 0.624907 0.282197
vt 0.624907 0.282221
vt 0.649479 0.393772
vt 0.649553 0.442736
vt 0.626256 0.442736
vt 0.626330 0.393772
vt 0.649582 0.502765
vt 0.649559 0.551733
vt 0.626250 0.551733
vt 0.626227 0.502765
vt 0.649466 0.611762
vt 0.649323 0.660718
vt 0.626486 0.660718
vt 0.626343 0.611762
vt 0.649011 0.720742
vt 0.648553 0.769674
vt 0.627256 0.769674
vt 0.626799 0.720742
vt 0.644411 0.121439
vt 0.647347 0.170319
vt 0.628463 0.170319
vt 0.631398 0.121439
vt 0.624907 0.118848
vt 0.624907 0.118882
vt 0.647347 0.829680
vt 0.644411 0.878561
vt 0.631398 0.878561
vt 0.624907 0.881151
vt 0.624907 0.881118
vt 0.628463 0.829680
vt 0.648553 0.230326
vt 0.649011 0.279258
vt 0.626799 0.279258
vt 0.627256 0.230326
vt 0.623327 0.339282
vt 0.623470 0.388238
vt 0.600347 0.388238
vt 0.598911 0.391098
vt 0.598911 0.391111
vt 0.600490 0.339282
vt 0.598911 0.336647
vt 0.598911 0.336666
vt 0.623563 0.448267
vt 0.623586 0.497235
vt 0.600231 0.497235
vt 0.598911 0.500000
vt 0.600254 0.448267
vt 0.598911 0.445549
vt 0.598911 0.445555
vt 0.623557 0.557264
vt 0.623483 0.606228
vt 0.600335 0.606228
vt 0.598911 0.608902
vt 0.598911 0.608889
vt 0.600260 0.557264
vt 0.598911 0.554451
vt 0.598911 0.554445
vt 0.623305 0.666256
vt 0.623054 0.715201
vt 0.600764 0.715201
vt 0.598911 0.717803
vt 0.598911 0.717780
vt 0.600513 0.666256
vt 0.598911 0.663353
vt 0.598911 0.663334
vt 0.622484 0.775219
vt 0.621521 0.824133
vt 0.602297 0.824133
vt 0.598911 0.826703
vt 0.598911 0.826671
vt 0.601334 0.775219
vt 0.598911 0.772253
vt 0.598911 0.772225
vt 0.621521 0.175867
vt 0.622484 0.224781
vt 0.601334 0.224781
vt 0.598911 0.227747
vt 0.598911 0.227775
vt 0.602296 0.175867
vt 0.598911 0.173297
vt 0.598911 0.173328
vt 0.623054 0.284799
vt 0.623305 0.333744
vt 0.600513 0.333744
vt 0.600764 0.284799
vt 0.598911 0.282197
vt 0.598911 0.282221
vt 0.623483 0.393772
vt 0.623557 0.442736
vt 0.600260 0.442736
vt 0.600335 0.393772
vt 0.623586 0.502765
vt 0.623563 0.551733
vt 0.600254 0.551733
vt 0.600231 0.502765
vt 0.623470 0.611762
vt 0.623328 0.660718
vt 0.600490 0.660718
vt 0.600347 0.611762
vt 0.623015 0.720742
vt 0.622557 0.769674
vt 0.601260 0.769674
vt 0.600803 0.720742
vt 0.618416 0.121439
vt 0.621351 0.170319
vt 0.602467 0.170319
vt 0.605402 0.121439
vt 0.598911 0.118848
vt 0.598911 0.118882
vt 0.621351 0.829680
vt 0.618416 0.878561
vt 0.605402 0.878561
vt 0.598911 0.881151
vt 0.598911 0.881118
vt 0.602467 0.829680
vt 0.622557 0.230326
vt 0.623015 0.279258
vt 0.600803 0.279258
vt 0.601260 0.230326
vt 0.597332 0.339282
vt 0.597474 0.388238
vt 0.574352 0.388238
vt 0.572915 0.391098
vt 0.572915 0.391111
vt 0.574494 0.339282
vt 0.572915 0.336647
vt 0.572915 0.336666
vt 0.597567 0.448267
vt 0.597591 0.497235
vt 0.574235 0.497235
vt 0.572915 0.500000
vt 0.574259 0.448267
vt 0.572915 0.445549
vt 0.572915 0.445555
vt 0.597562 0.557264
vt 0.597487 0.606228
vt 0.574339 0.606228
vt 0.572915 0.608902
vt 0.572915 0.608889
vt 0.574264 0.557264
vt 0.572915 0.554451
vt 0.572915 0.554445
vt 0.597309 0.666256
vt 0.597058 0.715201
vt 0.574768 0.715201
vt 0.572915 0.717803
vt 0.572915 0.717780
vt 0.574517 0.666256
vt 0.572915 0.663353
vt 0.572915 0.663334
vt 0.596488 0.775219
vt 0.595525 0.824133
vt 0.576301 0.824133
vt 0.572915 0.826703
vt 0.572915 0.826671
vt 0.575338 0.775219
vt 0.572915 0.772253
vt 0.572915 0.772225
vt 0.595525 0.175867
vt 0.596488 0.224781
vt 0.575338 0.224781
vt 0.572915 0.227747
vt 0.572915 0.227775
vt 0.576301 0.175867
vt 0.572915 0.173297
vt 0.572915 0.173328
vt 0.597058 0.284799
vt 0.597309 0.333744
vt 0.574517 0.333744
vt 0.574768 0.284799
vt 0.572915 0.282197
vt 0.572915 0.282220
vt 0.597487 0.393772
vt 0.597562 0.442736
vt 0.574264 0.442736
vt 0.574339 0.393772
vt 0.597591 0.502765
vt 0.597567 0.551733
vt 0.574259 0.551733
vt 0.574235 0.502765
vt 0.597474 0.611762
vt 0.597332 0.660718
vt 0.574494 0.660718
vt 0.574352 0.611762
vt 0.597019 0.720742
vt 0.596561 0.769674
vt 0.575265 0.769674
vt 0.574807 0.720742
vt 0.592420 0.121439
vt 0.595355 0.170319
vt 0.576471 0.170319
vt 0.579406 0.121439
vt 0.572915 0.118848
vt 0.572915 0.118882
vt 0.595355 0.829680
vt 0.592420 0.878561
vt 0.579406 0.878561
vt 0.572915 0.881151
vt 0.572915 0.881118
vt 0.576471 0.829680
vt 0.596561 0.230326
vt 0.597019 0.279258
vt 0.574807 0.279258
vt 0.575265 0.230326
vt 0.571336 0.339282
vt 0.571479 0.388238
vt 0.548356 0.388238
vt 0.546919 0.391098
vt 0.546919 0.391111
vt 0.548498 0.339282
vt 0.546919 0.336647
vt 0.546919 0.336666
vt 0.571572 0.448267
vt 0.571595 0.497235
vt 0.548240 0.497235
vt 0.546919 0.500000
vt 0.548263 0.448267
vt 0.546919 0.445549
vt 0.546919 0.445555
vt 0.571566 0.557264
vt 0.571491 0.606228
vt 0.548343 0.606228
vt 0.546919 0.608902
vt 0.546919 0.608889
vt 0.548269 0.557264
vt 0.546919 0.554451
vt 0.546919 0.554445
vt 0.571313 0.666256
vt 0.571062 0.715201
vt 0.548772 0.715201
vt 0.546919 0.717803
vt 0.546919 0.717780
vt 0.548521 0.666256
vt 0.546919 0.663353
vt 0.546919 0.663334
vt 0.570492 0.775219
vt 0.569530 0.824133
vt 0.550305 0.824133
vt 0.546919 0.826703
vt 0.546919 0.826671
vt 0.549343 0.775219
vt 0.546919 0.772253
vt 0.546919 0.772225
vt 0.569530 0.175867
vt 0.570492 0.224781
vt 0.549342 0.224781
vt 0.546919 0.227747
vt 0.546919 0.227775
vt 0.550305 0.175867
vt 0.546919 0.173297
vt 0.546919 0.173328
vt 0.571062 0.284799
vt 0.571313 0.333744
vt 0.548521 0.333744
vt 0.548772 0.284799
vt 0.546919 0.282197
vt 0.546919 0.282220
vt 0.571491 0.393772
vt 0.571566 0.442736
vt 0.548269 0.442736
vt 0.548343 0.393772
vt 0.571595 0.502765
vt 0.571572 0.551733
vt 0.548263 0.551733
vt 0.548240 0.502765
vt 0.571479 0.611762
vt 0.571336 0.660718
vt 0.548498 0.660718
vt 0.548356 0.611762
vt 0.571023 0.720742
vt 0.570566 0.769674
vt 0.549269 0.769674
vt 0.548811 0.720742
vt 0.566424 0.121439
vt 0.569359 0.170319
vt 0.550475 0.170319
vt 0.553410 0.121439
vt 0.546919 0.118848
vt 0.546919 0.118882
vt 0.569359 0.829680
vt 0.566424 0.878561
vt 0.553411 0.878561
vt 0.546919 0.881151
vt 0.546920 0.881118
vt 0.550475 0.829680
vt 0.570566 0.230326
vt 0.571023 0.279258
vt 0.548811 0.279258
vt 0.549269 0.230326
vt 0.545340 0.339282
vt 0.545483 0.388238
vt 0.522360 0.388238
vt 0.520923 0.391098
vt 0.520923 0.391111
vt 0.522503 0.339282
vt 0.520923 0.336647
vt 0.520923 0.336666
vt 0.545576 0.448267
vt 0.545599 0.497235
vt 0.522244 0.497235
vt 0.520923 0.500000
vt 0.522267 0.448267
vt 0.520923 0.445549
vt 0.520923 0.445555
vt 0.545570 0.557264
vt 0.545496 0.606228
vt 0.522347 0.606228
vt 0.520924 0.608902
vt 0.520924 0.608889
vt 0.522273 0.557264
vt 0.520923 0.554451
vt 0.520923 0.554445
vt 0.545318 0.666256
vt 0.545067 0.715201
vt 0.522776 0.715201
vt 0.520924 0.717803
vt 0.520924 0.717780
vt 0.522525 0.666256
vt 0.520923 0.663353
vt 0.520923 0.663334
vt 0.544496 0.775219
vt 0.543534 0.824133
vt 0.524309 0.824133
vt 0.520924 0.826703
vt 0.520924 0.826671
vt 0.523347 0.775219
vt 0.520924 0.772253
vt 0.520924 0.772225
vt 0.543534 0.175867
vt 0.544496 0.224781
vt 0.523347 0.224781
vt 0.520923 0.227747
vt 0.520923 0.227775
vt 0.524309 0.175867
vt 0.520923 0.173297
vt 0.520923 0.173328
vt 0.545067 0.284799
vt 0.545318 0.333744
vt 0.522525 0.333744
vt 0.522776 0.284799
vt 0.520923 0.282197
vt 0.520923 0.282220
vt 0.545496 0.393772
vt 0.545570 0.442736
vt 0.522273 0.442736
vt 0.522347 0.393772
vt 0.545599 0.502765
vt 0.545576 0.551733
vt 0.522267 0.551733
vt 0.522244 0.502765
vt 0.545483 0.611762
vt 0.545340 0.660718
vt 0.522503 0.660719
vt 0.522360 0.611762
vt 0.545027 0.720742
vt 0.544570 0.769674
vt 0.523273 0.769674
vt 0.522816 0.720742
vt 0.540428 0.121439
vt 0.543363 0.170319
vt 0.524479 0.170319
vt 0.527415 0.121439
vt 0.520924 0.118848
vt 0.520924 0.118882
vt 0.543364 0.829680
vt 0.540428 0.878561
vt 0.527415 0.878561
vt 0.520924 0.881152
vt 0.520924 0.881118
vt 0.524480 0.829680
vt 0.544570 0.230326
vt 0.545027 0.279258
vt 0.522816 0.279258
vt 0.523273 0.230326
vt 0.519344 0.339282
vt 0.519487 0.388238
vt 0.496364 0.388238
vt 0.494928 0.391098
vt 0.494928 0.391111
vt 0.496507 0.339282
vt 0.494928 0.336647
vt 0.494928 0.336666
vt 0.519580 0.448267
vt 0.519603 0.497235
vt 0.496248 0.497235
vt 0.494928 0.500000
vt 0.496271 0.448267
vt 0.494928 0.445549
vt 0.494928 0.445555
vt 0.519574 0.557264
vt 0.519500 0.606228
vt 0.496351 0.606228
vt 0.494928 0.608902
vt 0.494928 0.608889
vt 0.496277 0.557264
vt 0.494928 0.554451
vt 0.494928 0.554445
vt 0.519322 0.666256
vt 0.519071 0.715201
vt 0.496781 0.715201
vt 0.494928 0.717803
vt 0.494928 0.717780
vt 0.496530 0.666256
vt 0.494928 0.663353
vt 0.494928 0.663334
vt 0.518501 0.775219
vt 0.517538 0.824133
vt 0.498313 0.824133
vt 0.494928 0.826703
vt 0.494928 0.826672
vt 0.497351 0.775219
vt 0.494928 0.772253
vt 0.494928 0.772225
vt 0.517538 0.175867
vt 0.518500 0.224781
vt 0.497351 0.224781
vt 0.494928 0.227747
vt 0.494928 0.227775
vt 0.498313 0.175867
vt 0.494928 0.173297
vt 0.494928 0.173328
vt 0.519071 0.284799
vt 0.519322 0.333744
vt 0.496530 0.333744
vt 0.496781 0.284799
vt 0.494928 0.282197
vt 0.494928 0.282220
vt 0.519500 0.393772
vt 0.519574 0.442736
vt 0.496277 0.442736
vt 0.496351 0.393772
vt 0.519603 0.502765
vt 0.519580 0.551733
vt 0.496271 0.551733
vt 0.496248 0.502765
vt 0.519487 0.611762
vt 0.519344 0.660719
vt 0.496507 0.660719
vt 0.496364 0.611762
vt 0.519032 0.720742
vt 0.518574 0.769674
vt 0.497277 0.769674
vt 0.496820 0.720742
vt 0.514432 0.121439
vt 0.517368 0.170319
vt 0.498484 0.170319
vt 0.501419 0.121439
vt 0.494928 0.118848
vt 0.494928 0.118882
vt 0.517368 0.829680
vt 0.514433 0.878561
vt 0.501419 0.878561
vt 0.494928 0.881152
vt 0.494928 0.881118
vt 0.498484 0.829681
vt 0.518574 0.230326
vt 0.519032 0.279258
vt 0.496820 0.279258
vt 0.497277 0.230326
vt 0.493349 0.339282
vt 0.493491 0.388238
vt 0.470369 0.388238
vt 0.468932 0.391098
vt 0.468932 0.391111
vt 0.470511 0.339282
vt 0.468932 0.336647
vt 0.468932 0.336666
vt 0.493584 0.448267
vt 0.493608 0.497235
vt 0.470252 0.497235
vt 0.468932 0.500000
vt 0.470275 0.448267
vt 0.468932 0.445549
vt 0.468932 0.445555
vt 0.493578 0.557264
vt 0.493504 0.606228
vt 0.470356 0.606228
vt 0.468932 0.608902
vt 0.468932 0.608889
vt 0.470281 0.557264
vt 0.468932 0.554451
vt 0.468932 0.554445
vt 0.493326 0.666256
vt 0.493075 0.715201
vt 0.470785 0.715201
vt 0.468932 0.717803
vt 0.468932 0.717780
vt 0.470534 0.666256
vt 0.468932 0.663353
vt 0.468932 0.663334
vt 0.492505 0.775219
vt 0.491542 0.824133
vt 0.472318 0.824133
vt 0.468932 0.826703
vt 0.468932 0.826672
vt 0.471355 0.775219
vt 0.468932 0.772253
vt 0.468932 0.772225
vt 0.491542 0.175867
vt 0.492505 0.224781
vt 0.471355 0.224781
vt 0.468932 0.227747
vt 0.468932 0.227775
vt 0.472318 0.175867
vt 0.468932 0.173297
vt 0.468932 0.173328
vt 0.493075 0.284799
vt 0.493326 0.333744
vt 0.470534 0.333744
vt 0.470785 0.284799
vt 0.468932 0.282197
vt 0.468932 0.282220
vt 0.493504 0.393772
vt 0.493578 0.442736
vt 0.470281 0.442736
vt 0.470356 0.393772
vt 0.493608 0.502765
vt 0.493584 0.551733
vt 0.470275 0.551733
vt 0.470252 0.502765
vt 0.493491 0.611762
vt 0.493349 0.660719
vt 0.470511 0.660719
vt 0.470369 0.611762
vt 0.493036 0.720742
vt 0.492578 0.769674
vt 0.471282 0.769674
vt 0.470824 0.720742
vt 0.488437 0.121439
vt 0.491372 0.170319
vt 0.472488 0.170319
vt 0.475423 0.121439
vt 0.468932 0.118848
vt 0.468932 0.118882
vt 0.491372 0.829681
vt 0.488437 0.878561
vt 0.475423 0.878561
vt 0.468932 0.881152
vt 0.468932 0.881119
vt 0.472488 0.829681
vt 0.492578 0.230326
vt 0.493036 0.279258
vt 0.470824 0.279258
vt 0.471281 0.230326
vt 0.467353 0.339282
vt 0.467496 0.388238
vt 0.444373 0.388238
vt 0.442936 0.391098
vt 0.442936 0.391111
vt 0.444515 0.339282
vt 0.442936 0.336647
vt 0.442936 0.336666
vt 0.467589 0.448267
vt 0.467612 0.497235
vt 0.444256 0.497235
vt 0.442936 0.500000
vt 0.444280 0.448267
vt 0.442936 0.445549
vt 0.442936 0.445555
vt 0.467583 0.557264
vt 0.467508 0.606228
vt 0.444360 0.606228
vt 0.442936 0.608902
vt 0.442936 0.608889
vt 0.444285 0.557264
vt 0.442936 0.554451
vt 0.442936 0.554445
vt 0.467330 0.666256
vt 0.467079 0.715201
vt 0.444789 0.715201
vt 0.442936 0.717803
vt 0.442936 0.717780
vt 0.444538 0.666256
vt 0.442936 0.663353
vt 0.442936 0.663334
vt 0.466509 0.775219
vt 0.465547 0.824133
vt 0.446322 0.824133
vt 0.442936 0.826703
vt 0.442936 0.826672
vt 0.445359 0.775219
vt 0.442936 0.772253
vt 0.442936 0.772225
vt 0.465546 0.175867
vt 0.466509 0.224781
vt 0.445359 0.224781
vt 0.442936 0.227747
vt 0.442936 0.227775
vt 0.446322 0.175867
vt 0.442936 0.173297
vt 0.442936 0.173328
vt 0.467079 0.284799
vt 0.467330 0.333744
vt 0.444538 0.333744
vt 0.444789 0.284799
vt 0.442936 0.282197
vt 0.442936 0.282221
vt 0.467508 0.393772
vt 0.467583 0.442736
vt 0.444285 0.442736
vt 0.444360 0.393772
vt 0.467612 0.502765
vt 0.467589 0.551733
vt 0.444280 0.551733
vt 0.444256 0.502765
vt 0.467496 0.611762
vt 0.467353 0.660719
vt 0.444515 0.660719
vt 0.444373 0.611762
vt 0.467040 0.720742
vt 0.466582 0.769674
vt 0.445286 0.769674
vt 0.444828 0.720742
vt 0.462441 0.121439
vt 0.465376 0.170319
vt 0.446492 0.170319
vt 0.449427 0.121439
vt 0.442936 0.118848
vt 0.442936 0.118882
vt 0.465376 0.829681
vt 0.462441 0.878561
vt 0.449427 0.878561
vt 0.442937 0.881152
vt 0.442936 0.881119
vt 0.446492 0.829681
vt 0.466582 0.230326
vt 0.467040 0.279258
vt 0.444828 0.279258
vt 0.445286 0.230326
vt 0.441357 0.339282
vt 0.441500 0.388238
vt 0.418377 0.388238
vt 0.416940 0.391098
vt 0.416940 0.391111
vt 0.418519 0.339282
vt 0.416940 0.336647
vt 0.416940 0.336666
vt 0.441593 0.448267
vt 0.441616 0.497235
vt 0.418261 0.497235
vt 0.416940 0.500000
vt 0.418284 0.448267
vt 0.416940 0.445549
vt 0.416940 0.445555
vt 0.441587 0.557264
vt 0.441513 0.606228
vt 0.418364 0.606228
vt 0.416940 0.608902
vt 0.416940 0.608889
vt 0.418290 0.557264
vt 0.416940 0.554451
vt 0.416940 0.554445
vt 0.441334 0.666256
vt 0.441083 0.715201
vt 0.418793 0.715201
vt 0.416940 0.717804
vt 0.416940 0.717780
vt 0.418542 0.666256
vt 0.416940 0.663353
vt 0.416940 0.663334
vt 0.440513 0.775219
vt 0.439551 0.824133
vt 0.420326 0.824133
vt 0.416941 0.826703
vt 0.416941 0.826672
vt 0.419364 0.775219
vt 0.416940 0.772253
vt 0.416940 0.772225
vt 0.439551 0.175867
vt 0.440513 0.224781
vt 0.419364 0.224781
vt 0.416940 0.227747
vt 0.416940 0.227775
vt 0.420326 0.175867
vt 0.416940 0.173297
vt 0.416940 0.173328
vt 0.441083 0.284799
vt 0.441334 0.333744
vt 0.418542 0.333744
vt 0.418793 0.284799
vt 0.416940 0.282197
vt 0.416940 0.282221
vt 0.441512 0.393772
vt 0.441587 0.442736
vt 0.418290 0.442736
vt 0.418364 0.393772
vt 0.441616 0.502765
vt 0.441593 0.551733
vt 0.418284 0.551733
vt 0.418261 0.502765
vt 0.441500 0.611762
vt 0.441357 0.660719
vt 0.418519 0.660719
vt 0.418377 0.611762
vt 0.441044 0.720742
vt 0.440587 0.769674
vt 0.419290 0.769674
vt 0.418832 0.720742
vt 0.436445 0.121439
vt 0.439380 0.170319
vt 0.420496 0.170319
vt 0.423432 0.121439
vt 0.416941 0.118848
vt 0.416941 0.118882
vt 0.439380 0.829681
vt 0.436445 0.878561
vt 0.423432 0.878561
vt 0.416941 0.881152
vt 0.416941 0.881119
vt 0.420496 0.829681
vt 0.440587 0.230326
vt 0.441044 0.279258
vt 0.418832 0.279258
vt 0.419290 0.230326
vt 0.415361 0.339282
vt 0.415504 0.388238
vt 0.392381 0.388238
vt 0.390945 0.391098
vt 0.390945 0.391111
vt 0.392524 0.339282
vt 0.390945 0.336647
vt 0.390945 0.336666
vt 0.415597 0.448267
vt 0.415620 0.497235
vt 0.392265 0.497235
vt 0.390945 0.500000
vt 0.392288 0.448267
vt 0.390945 0.445549
vt 0.390945 0.445555
vt 0.415591 0.557264
vt 0.415517 0.606228
vt 0.392368 0.606229
vt 0.390945 0.608902
vt 0.390945 0.608889
vt 0.392294 0.557264
vt 0.390945 0.554451
vt 0.390945 0.554445
vt 0.415339 0.666256
vt 0.415088 0.715201
vt 0.392797 0.715201
vt 0.390945 0.717804
vt 0.390945 0.717780
vt 0.392546 0.666256
vt 0.390945 0.663353
vt 0.390945 0.663334
vt 0.414517 0.775219
vt 0.413555 0.824133
vt 0.394330 0.824133
vt 0.390945 0.826703
vt 0.390945 0.826672
vt 0.393368 0.775219
vt 0.390945 0.772253
vt 0.390945 0.772225
vt 0.413555 0.175867
vt 0.414517 0.224781
vt 0.393368 0.224781
vt 0.390945 0.227747
vt 0.390945 0.227775
vt 0.394330 0.175867
vt 0.390945 0.173297
vt 0.390945 0.173328
vt 0.415088 0.284799
vt 0.415339 0.333744
vt 0.392546 0.333744
vt 0.392797 0.284799
vt 0.390945 0.282197
vt 0.390945 0.282220
vt 0.415517 0.393772
vt 0.415591 0.442736
vt 0.392294 0.442736
vt 0.392368 0.393772
vt 0.415620 0.502765
vt 0.415597 0.551733
vt 0.392288 0.551733
vt 0.392265 0.502765
vt 0.415504 0.611762
vt 0.415361 0.660719
vt 0.392524 0.660719
vt 0.392381 0.611762
vt 0.415048 0.720743
vt 0.414591 0.769674
vt 0.393294 0.769674
vt 0.392837 0.720743
vt 0.410449 0.121439
vt 0.413385 0.170319
vt 0.394501 0.170319
vt 0.397436 0.121439
vt 0.390945 0.118848
vt 0.390945 0.118881
vt 0.413385 0.829681
vt 0.410450 0.878561
vt 0.397436 0.878561
vt 0.390945 0.881152
vt 0.390945 0.881119
vt 0.394501 0.829681
vt 0.414591 0.230326
vt 0.415048 0.279258
vt 0.392837 0.279258
vt 0.393294 0.230326
vt 0.389365 0.339282
vt 0.389508 0.388238
vt 0.366385 0.388238
vt 0.364949 0.391098
vt 0.364949 0.391111
vt 0.366528 0.339282
vt 0.364949 0.336647
vt 0.364949 0.336666
vt 0.389601 0.448267
vt 0.389624 0.497235
vt 0.366269 0.497235
vt 0.364949 0.500000
vt 0.366292 0.448267
vt 0.364949 0.445549
vt 0.364949 0.445555
vt 0.389595 0.557264
vt 0.389521 0.606229
vt 0.366373 0.606229
vt 0.364949 0.608902
vt 0.364949 0.608889
vt 0.366298 0.557264
vt 0.364949 0.554451
vt 0.364949 0.554445
vt 0.389343 0.666256
vt 0.389092 0.715201
vt 0.366802 0.715201
vt 0.364949 0.717803
vt 0.364949 0.717780
vt 0.366551 0.666256
vt 0.364949 0.663353
vt 0.364949 0.663334
vt 0.388522 0.775219
vt 0.387559 0.824133
vt 0.368334 0.824133
vt 0.364949 0.826703
vt 0.364949 0.826672
vt 0.367372 0.775219
vt 0.364949 0.772253
vt 0.364949 0.772225
vt 0.387559 0.175867
vt 0.388522 0.224781
vt 0.367372 0.224781
vt 0.364949 0.227747
vt 0.364949 0.227775
vt 0.368334 0.175867
vt 0.364949 0.173297
vt 0.364949 0.173328
vt 0.389092 0.284799
vt 0.389343 0.333744
vt 0.366551 0.333744
vt 0.366802 0.284799
vt 0.364949 0.282197
vt 0.364949 0.282220
vt 0.389521 0.393772
vt 0.389595 0.442736
vt 0.366298 0.442736
vt 0.366373 0.393772
vt 0.389624 0.502765
vt 0.389601 0.551733
vt 0.366292 0.551733
vt 0.366269 0.502765
vt 0.389508 0.611762
vt 0.389365 0.660719
vt 0.366528 0.660719
vt 0.366385 0.611762
vt 0.389053 0.720743
vt 0.388595 0.769674
vt 0.367298 0.769674
vt 0.366841 0.720743
vt 0.384454 0.121439
vt 0.387389 0.170319
vt 0.368505 0.170319
vt 0.371440 0.121439
vt 0.364949 0.118848
vt 0.364949 0.118881
vt 0.387389 0.829681
vt 0.384454 0.878561
vt 0.371440 0.878561
vt 0.364949 0.881152
vt 0.364949 0.881119
vt 0.368505 0.829681
vt 0.388595 0.230326
vt 0.389053 0.279258
vt 0.366841 0.279258
vt 0.367298 0.230326
vt 0.363370 0.339282
vt 0.363512 0.388238
vt 0.340390 0.388238
vt 0.338953 0.391098
vt 0.338953 0.391111
vt 0.340532 0.339282
vt 0.338953 0.336647
vt 0.338953 0.336666
vt 0.363605 0.448267
vt 0.363629 0.497235
vt 0.340273 0.497235
vt 0.338953 0.500000
vt 0.340296 0.448267
vt 0.338953 0.445549
vt 0.338953 0.445555
vt 0.363600 0.557264
vt 0.363525 0.606229
vt 0.340377 0.606229
vt 0.338953 0.608902
vt 0.338953 0.608889
vt 0.340302 0.557264
vt 0.338953 0.554451
vt 0.338953 0.554445
vt 0.363347 0.666256
vt 0.363096 0.715201
vt 0.340806 0.715201
vt 0.338953 0.717804
vt 0.338953 0.717780
vt 0.340555 0.666256
vt 0.338953 0.663353
vt 0.338953 0.663334
vt 0.362526 0.775219
vt 0.361563 0.824133
vt 0.342339 0.824133
vt 0.338953 0.826703
vt 0.338953 0.826672
vt 0.341376 0.775219
vt 0.338953 0.772253
vt 0.338953 0.772225
vt 0.361563 0.175867
vt 0.362526 0.224781
vt 0.341376 0.224781
vt 0.338953 0.227747
vt 0.338953 0.227775
vt 0.342339 0.175867
vt 0.338953 0.173297
vt 0.338953 0.173328
vt 0.363096 0.284799
vt 0.363347 0.333744
vt 0.340555 0.333744
vt 0.340806 0.284799
vt 0.338953 0.282197
vt 0.338953 0.282220
vt 0.363525 0.393772
vt 0.363600 0.442736
vt 0.340302 0.442736
vt 0.340377 0.393772
vt 0.363629 0.502765
vt 0.363605 0.551733
vt 0.340296 0.551733
vt 0.340273 0.502765
vt 0.363512 0.611762
vt 0.363370 0.660719
vt 0.340532 0.660719
vt 0.340390 0.611762
vt 0.363057 0.720743
vt 0.362599 0.769674
vt 0.341303 0.769674
vt 0.340845 0.720743
vt 0.358458 0.121439
vt 0.361393 0.170319
vt 0.342509 0.170319
vt 0.345444 0.121439
vt 0.338953 0.118848
vt 0.338953 0.118881
vt 0.361393 0.829681
vt 0.358458 0.878561
vt 0.345444 0.878561
vt 0.338953 0.881152
vt 0.338953 0.881119
vt 0.342509 0.829681
vt 0.362599 0.230326
vt 0.363057 0.279258
vt 0.340845 0.279258
vt 0.341303 0.230326
vt 0.337374 0.339282
vt 0.337517 0.388238
vt 0.314394 0.388238
vt 0.312957 0.391098
vt 0.312957 0.391111
vt 0.314536 0.339282
vt 0.312957 0.336647
vt 0.312957 0.336666
vt 0.337610 0.448267
vt 0.337633 0.497235
vt 0.314277 0.497235
vt 0.312957 0.500000
vt 0.314301 0.448267
vt 0.312957 0.445549
vt 0.312957 0.445555
vt 0.337604 0.557264
vt 0.337529 0.606229
vt 0.314381 0.606229
vt 0.312957 0.608902
vt 0.312957 0.608889
vt 0.314306 0.557264
vt 0.312957 0.554451
vt 0.312957 0.554445
vt 0.337351 0.666256
vt 0.337100 0.715201
vt 0.314810 0.715201
vt 0.312957 0.717804
vt 0.312957 0.717780
vt 0.314559 0.666256
vt 0.312957 0.663353
vt 0.312957 0.663334
vt 0.336530 0.775219
vt 0.335568 0.824133
vt 0.316343 0.824133
vt 0.312957 0.826703
vt 0.312957 0.826672
vt 0.315380 0.775219
vt 0.312957 0.772253
vt 0.312957 0.772225
vt 0.335567 0.175867
vt 0.336530 0.224781
vt 0.315380 0.224781
vt 0.312957 0.227747
vt 0.312957 0.227775
vt 0.316343 0.175867
vt 0.312957 0.173297
vt 0.312957 0.173328
vt 0.337100 0.284799
vt 0.337351 0.333744
vt 0.314559 0.333744
vt 0.314810 0.284799
vt 0.312957 0.282197
vt 0.312957 0.282220
vt 0.337529 0.393772
vt 0.337604 0.442736
vt 0.314306 0.442736
vt 0.314381 0.393772
vt 0.337633 0.502765
vt 0.337610 0.551733
vt 0.314301 0.551733
vt 0.314277 0.502765
vt 0.337517 0.611762
vt 0.337374 0.660719
vt 0.314536 0.660719
vt 0.314394 0.611762
vt 0.337061 0.720743
vt 0.336604 0.769674
vt 0.315307 0.769674
vt 0.314849 0.720743
vt 0.332462 0.121439
vt 0.335397 0.170319
vt 0.316513 0.170319
vt 0.319448 0.121439
vt 0.312957 0.118848
vt 0.312957 0.118881
vt 0.335397 0.829681
vt 0.332462 0.878561
vt 0.319448 0.878561
vt 0.312957 0.881152
vt 0.312957 0.881119
vt 0.316513 0.829681
vt 0.336604 0.230326
vt 0.337061 0.279258
vt 0.314849 0.279258
vt 0.315307 0.230326
vt 0.311378 0.339282
vt 0.311521 0.388238
vt 0.288398 0.388238
vt 0.286961 0.391098
vt 0.286961 0.391111
vt 0.288541 0.339282
vt 0.286961 0.336647
vt 0.286961 0.336666
vt 0.311614 0.448267
vt 0.311637 0.497235
vt 0.288282 0.497235
vt 0.286961 0.500000
vt 0.288305 0.448267
vt 0.286961 0.445549
vt 0.286961 0.445555
vt 0.311608 0.557264
vt 0.311534 0.606229
vt 0.288385 0.606229
vt 0.286961 0.608902
vt 0.286961 0.608889
vt 0.288311 0.557264
vt 0.286961 0.554451
vt 0.286961 0.554445
vt 0.311355 0.666256
vt 0.311104 0.715201
vt 0.288814 0.715201
vt 0.286961 0.717804
vt 0.286961 0.717780
vt 0.288563 0.666256
vt 0.286961 0.663353
vt 0.286961 0.663334
vt 0.310534 0.775219
vt 0.309572 0.824133
vt 0.290347 0.824133
vt 0.286961 0.826703
vt 0.286961 0.826672
vt 0.289385 0.775219
vt 0.286961 0.772254
vt 0.286961 0.772225
vt 0.309572 0.175867
vt 0.310534 0.224781
vt 0.289385 0.224781
vt 0.286961 0.227747
vt 0.286961 0.227775
vt 0.290347 0.175867
vt 0.286961 0.173297
vt 0.286961 0.173328
vt 0.311104 0.284799
vt 0.311355 0.333744
vt 0.288563 0.333744
vt 0.288814 0.284799
vt 0.286961 0.282197
vt 0.286961 0.282220
vt 0.311534 0.393772
vt 0.311608 0.442736
vt 0.288311 0.442736
vt 0.288385 0.393772
vt 0.311637 0.502765
vt 0.311614 0.551733
vt 0.288305 0.551733
vt 0.288282 0.502765
vt 0.311521 0.611762
vt 0.311378 0.660719
vt 0.288541 0.660719
vt 0.288398 0.611762
vt 0.311065 0.720743
vt 0.310608 0.769674
vt 0.289311 0.769674
vt 0.288853 0.720743
vt 0.306466 0.121439
vt 0.309401 0.170319
vt 0.290517 0.170319
vt 0.293453 0.121439
vt 0.286962 0.118848
vt 0.286961 0.118881
vt 0.309401 0.829681
vt 0.306466 0.878561
vt 0.293453 0.878561
vt 0.286962 0.881152
vt 0.286961 0.881119
vt 0.290517 0.829681
vt 0.310608 0.230326
vt 0.311065 0.279258
vt 0.288853 0.279258
vt 0.289311 0.230326
vt 0.285382 0.339282
vt 0.285525 0.388238
vt 0.262402 0.388238
vt 0.260966 0.391098
vt 0.260966 0.391111
vt 0.262545 0.339281
vt 0.260966 0.336647
vt 0.260966 0.336666
vt 0.285618 0.448267
vt 0.285641 0.497235
vt 0.262286 0.497235
vt 0.260966 0.500000
vt 0.262309 0.448267
vt 0.260966 0.445549
vt 0.260966 0.445555
vt 0.285612 0.557264
vt 0.285538 0.606229
vt 0.262389 0.606229
vt 0.260966 0.608902
vt 0.260966 0.608889
vt 0.262315 0.557264
vt 0.260966 0.554451
vt 0.260966 0.554445
vt 0.285360 0.666256
vt 0.285109 0.715201
vt 0.262818 0.715201
vt 0.260966 0.717804
vt 0.260966 0.717780
vt 0.262567 0.666256
vt 0.260966 0.663353
vt 0.260966 0.663334
vt 0.284538 0.775219
vt 0.283576 0.824133
vt 0.264351 0.824133
vt 0.260966 0.826703
vt 0.260966 0.826672
vt 0.263389 0.775219
vt 0.260966 0.772254
vt 0.260966 0.772225
vt 0.283576 0.175867
vt 0.284538 0.224781
vt 0.263389 0.224781
vt 0.260966 0.227746
vt 0.260966 0.227775
vt 0.264351 0.175867
vt 0.260966 0.173297
vt 0.260966 0.173328
vt 0.285109 0.284799
vt 0.285360 0.333744
vt 0.262567 0.333744
vt 0.262818 0.284799
vt 0.260966 0.282197
vt 0.260966 0.282220
vt 0.285538 0.393772
vt 0.285612 0.442736
vt 0.262315 0.442736
vt 0.262389 0.393772
vt 0.285641 0.502765
vt 0.285618 0.551733
vt 0.262309 0.551733
vt 0.262286 0.502765
vt 0.285525 0.611762
vt 0.285382 0.660719
vt 0.262545 0.660719
vt 0.262402 0.611762
vt 0.285070 0.720743
vt 0.284612 0.769674
vt 0.263315 0.769674
vt 0.262858 0.720743
vt 0.280470 0.121439
vt 0.283406 0.170319
vt 0.264522 0.170319
vt 0.267457 0.121439
vt 0.260966 0.118848
vt 0.260966 0.118881
vt 0.283406 0.829681
vt 0.280470 0.878561
vt 0.267457 0.878561
vt 0.260966 0.881152
vt 0.260966 0.881119
vt 0.264522 0.829681
vt 0.284612 0.230326
vt 0.285070 0.279258
vt 0.262858 0.279258
vt 0.263315 0.230326
vt 0.259386 0.339281
vt 0.259529 0.388238
vt 0.236406 0.388238
vt 0.234970 0.391098
vt 0.234970 0.391111
vt 0.236549 0.339281
vt 0.234970 0.336647
vt 0.234970 0.336666
vt 0.259622 0.448267
vt 0.259645 0.497235
vt 0.236290 0.497235
vt 0.234970 0.500000
vt 0.236313 0.448267
vt 0.234970 0.445549
vt 0.234970 0.445555
vt 0.259616 0.557264
vt 0.259542 0.606229
vt 0.236394 0.606229
vt 0.234970 0.608902
vt 0.234970 0.608889
vt 0.236319 0.557264
vt 0.234970 0.554451
vt 0.234970 0.554445
vt 0.259364 0.666256
vt 0.259113 0.715201
vt 0.236823 0.715201
vt 0.234970 0.717804
vt 0.234970 0.717780
vt 0.236572 0.666256
vt 0.234970 0.663353
vt 0.234970 0.663334
vt 0.258543 0.775219
vt 0.257580 0.824133
vt 0.238355 0.824133
vt 0.234970 0.826703
vt 0.234970 0.826672
vt 0.237393 0.775220
vt 0.234970 0.772254
vt 0.234970 0.772225
vt 0.257580 0.175867
vt 0.258543 0.224781
vt 0.237393 0.224781
vt 0.234970 0.227746
vt 0.234970 0.227774
vt 0.238355 0.175867
vt 0.234970 0.173297
vt 0.234970 0.173328
vt 0.259113 0.284799
vt 0.259364 0.333744
vt 0.236572 0.333744
vt 0.236823 0.284799
vt 0.234970 0.282196
vt 0.234970 0.282220
vt 0.259542 0.393772
vt 0.259616 0.442736
vt 0.236319 0.442736
vt 0.236394 0.393772
vt 0.259645 0.502765
vt 0.259622 0.551733
vt 0.236313 0.551733
vt 0.236290 0.502765
vt 0.259529 0.611762
vt 0.259386 0.660719
vt 0.236549 0.660719
vt 0.236406 0.611762
vt 0.259074 0.720743
vt 0.258616 0.769674
vt 0.237319 0.769674
vt 0.236862 0.720743
vt 0.254475 0.121439
vt 0.257410 0.170319
vt 0.238526 0.170319
vt 0.241461 0.121439
vt 0.234970 0.118848
vt 0.234970 0.118881
vt 0.257410 0.829681
vt 0.254475 0.878561
vt 0.241461 0.878561
vt 0.234970 0.881152
vt 0.234970 0.881119
vt 0.238526 0.829681
vt 0.258616 0.230326
vt 0.259074 0.279258
vt 0.236862 0.279258
vt 0.237319 0.230326
vt 0.195976 0.092895
vt 0.201790 0.115895
vt 0.577404 0.064417
vt 0.576202 0.064417
vt 0.190162 0.115895
vt 0.201790 0.884105
vt 0.195976 0.907105
vt 0.584638 0.935583
vt 0.587169 0.935583
vt 0.190162 0.884105
vt 0.169980 0.092895
vt 0.175794 0.115895
vt 0.164166 0.115895
vt 0.988848 0.118848
vt 0.988848 0.118881
vt 0.175794 0.884105
vt 0.169980 0.907105
vt 1.001845 0.907105
vt 0.996031 0.884105
vt 0.988848 0.881152
vt 0.988847 0.881119
vt 0.164166 0.884105
vt 0.975850 0.092895
vt 0.981664 0.115895
vt 0.149799 0.115895
vt 0.138171 0.115895
vt 0.970036 0.115895
vt 0.962852 0.118848
vt 0.962852 0.118881
vt 0.981664 0.884105
vt 0.975850 0.907105
vt 0.970036 0.884105
vt 0.962852 0.881152
vt 0.962852 0.881119
vt 0.138170 0.884105
vt 0.149798 0.884105
vt 0.949854 0.092895
vt 0.955668 0.115895
vt 0.123803 0.115895
vt 0.112175 0.115895
vt 0.944040 0.115895
vt 0.936856 0.118848
vt 0.936856 0.118881
vt 0.955668 0.884105
vt 0.949854 0.907105
vt 0.944040 0.884105
vt 0.936856 0.881152
vt 0.936856 0.881119
vt 0.112175 0.884105
vt 0.123803 0.884105
vt 0.923858 0.092895
vt 0.929672 0.115895
vt 0.097807 0.115895
vt 0.086179 0.115895
vt 0.918044 0.115895
vt 0.910860 0.118848
vt 0.910860 0.118881
vt 0.929672 0.884105
vt 0.923858 0.907105
vt 0.918044 0.884105
vt 0.910860 0.881152
vt 0.910860 0.881119
vt 0.086179 0.884105
vt 0.097807 0.884105
vt 0.897862 0.092895
vt 0.903676 0.115895
vt 0.071811 0.115895
vt 0.060183 0.115895
vt 0.892048 0.115895
vt 0.884864 0.118848
vt 0.884865 0.118881
vt 0.903676 0.884105
vt 0.897862 0.907105
vt 0.892048 0.884105
vt 0.884864 0.881152
vt 0.884864 0.881119
vt 0.060183 0.884105
vt 0.071811 0.884105
vt 0.871866 0.092895
vt 0.877681 0.115895
vt 0.045815 0.115895
vt 0.034187 0.115895
vt 0.866053 0.115895
vt 0.877680 0.884105
vt 0.871866 0.907105
vt 0.866052 0.884105
vt 0.034187 0.884105
vt 0.045815 0.884105
vt 0.845871 0.092895
vt 0.851685 0.115895
vt 0.840057 0.115895
vt 0.851685 0.884105
vt 0.845870 0.907105
vt 0.840057 0.884105
vt 0.819875 0.092895
vt 0.825689 0.115895
vt 0.814061 0.115895
vt 0.825689 0.884105
vt 0.819875 0.907105
vt 0.814061 0.884105
vt 0.793879 0.092895
vt 0.799693 0.115895
vt 0.788065 0.115895
vt 0.799693 0.884105
vt 0.793879 0.907105
vt 0.788065 0.884105
vt 0.767883 0.092895
vt 0.773697 0.115895
vt 0.762069 0.115895
vt 0.773697 0.884105
vt 0.767883 0.907105
vt 0.762069 0.884105
vt 0.741887 0.092895
vt 0.747702 0.115895
vt 0.736073 0.115895
vt 0.747702 0.884105
vt 0.741888 0.907105
vt 0.736073 0.884105
vt 0.715892 0.092895
vt 0.721706 0.115895
vt 0.710078 0.115895
vt 0.721706 0.884105
vt 0.715892 0.907105
vt 0.710078 0.884105
vt 0.689896 0.092895
vt 0.695710 0.115895
vt 0.684082 0.115895
vt 0.695710 0.884105
vt 0.689896 0.907105
vt 0.684082 0.884105
vt 0.663900 0.092895
vt 0.669714 0.115895
vt 0.658086 0.115895
vt 0.669714 0.884105
vt 0.663900 0.907105
vt 0.658086 0.884105
vt 0.637904 0.092895
vt 0.643718 0.115895
vt 0.632091 0.115895
vt 0.643719 0.884105
vt 0.637905 0.907105
vt 0.632091 0.884105
vt 0.611909 0.092895
vt 0.617723 0.115895
vt 0.606095 0.115895
vt 0.617723 0.884105
vt 0.611909 0.907105
vt 0.606095 0.884105
vt 0.585913 0.092895
vt 0.591727 0.115895
vt 0.580099 0.115895
vt 0.591727 0.884105
vt 0.585913 0.907105
vt 0.580099 0.884105
vt 0.559917 0.092895
vt 0.565731 0.115895
vt 0.554103 0.115895
vt 0.565731 0.884105
vt 0.559917 0.907105
vt 0.554103 0.884105
vt 0.533922 0.092895
vt 0.539735 0.115895
vt 0.528107 0.115895
vt 0.539736 0.884105
vt 0.533922 0.907105
vt 0.528108 0.884105
vt 0.507926 0.092895
vt 0.513740 0.115895
vt 0.502112 0.115895
vt 0.513740 0.884105
vt 0.507926 0.907105
vt 0.502112 0.884105
vt 0.481930 0.092895
vt 0.487744 0.115895
vt 0.476116 0.115895
vt 0.487744 0.884105
vt 0.481930 0.907105
vt 0.476116 0.884105
vt 0.455934 0.092895
vt 0.461748 0.115895
vt 0.450120 0.115895
vt 0.461748 0.884105
vt 0.455934 0.907105
vt 0.450120 0.884105
vt 0.429939 0.092895
vt 0.435752 0.115895
vt 0.424124 0.115895
vt 0.435753 0.884105
vt 0.429939 0.907105
vt 0.424125 0.884105
vt 0.403943 0.092895
vt 0.409757 0.115895
vt 0.398129 0.115895
vt 0.409757 0.884105
vt 0.403943 0.907105
vt 0.398129 0.884105
vt 0.377947 0.092895
vt 0.383761 0.115895
vt 0.372133 0.115895
vt 0.383761 0.884105
vt 0.377947 0.907105
vt 0.372133 0.884105
vt 0.351951 0.092895
vt 0.357765 0.115895
vt 0.346137 0.115895
vt 0.357765 0.884105
vt 0.351951 0.907105
vt 0.346137 0.884105
vt 0.325955 0.092895
vt 0.331769 0.115895
vt 0.320141 0.115895
vt 0.331769 0.884105
vt 0.325955 0.907105
vt 0.320141 0.884105
vt 0.299960 0.092895
vt 0.305773 0.115895
vt 0.294145 0.115895
vt 0.305773 0.884105
vt 0.299960 0.907105
vt 0.294145 0.884105
vt 0.273964 0.092895
vt 0.279778 0.115895
vt 0.268150 0.115895
vt 0.279778 0.884105
vt 0.273964 0.907105
vt 0.268150 0.884105
vt 0.247968 0.092895
vt 0.253782 0.115895
vt 0.242154 0.115895
vt 0.253782 0.884105
vt 0.247968 0.907105
vt 0.242154 0.884105
vt 0.233391 0.339281
vt 0.233533 0.388238
vt 0.210411 0.388238
vt 0.210553 0.339282
vt 0.233626 0.448267
vt 0.233650 0.497235
vt 0.210294 0.497235
vt 0.210317 0.448267
vt 0.233621 0.557264
vt 0.233546 0.606229
vt 0.210398 0.606229
vt 0.210323 0.557264
vt 0.233368 0.666256
vt 0.233117 0.715201
vt 0.210827 0.715201
vt 0.210576 0.666256
vt 0.221972 0.092895
vt 0.227786 0.115895
vt 0.216158 0.115895
vt 0.232547 0.775219
vt 0.231584 0.824133
vt 0.212360 0.824133
vt 0.211397 0.775219
vt 0.231584 0.175867
vt 0.232547 0.224781
vt 0.211397 0.224781
vt 0.212360 0.175867
vt 0.227786 0.884105
vt 0.221972 0.907105
vt 0.216158 0.884105
vt 0.233117 0.284799
vt 0.233368 0.333744
vt 0.210576 0.333745
vt 0.210827 0.284799
vt 0.233546 0.393772
vt 0.233621 0.442736
vt 0.210323 0.442736
vt 0.210398 0.393772
vt 0.233650 0.502765
vt 0.233626 0.551733
vt 0.210317 0.551733
vt 0.210294 0.502765
vt 0.233533 0.611762
vt 0.233391 0.660719
vt 0.210553 0.660719
vt 0.210411 0.611762
vt 0.233078 0.720743
vt 0.232620 0.769674
vt 0.211324 0.769674
vt 0.210866 0.720743
vt 0.228479 0.121439
vt 0.231414 0.170319
vt 0.212530 0.170319
vt 0.215465 0.121439
vt 0.231414 0.829681
vt 0.228479 0.878561
vt 0.215465 0.878561
vt 0.212530 0.829681
vt 0.232620 0.230326
vt 0.233078 0.279258
vt 0.210866 0.279258
vt 0.211324 0.230326
usemtl None
s 1
f 965/1 966/2 7/3 9/4
f 966/2 965/1 10/5 8/6
f 966/2 967/7 37/8 7/3
f 967/7 966/2 8/6 38/9
f 967/7 968/10 39/11 37/8
f 968/10 967/7 38/9 40/12
f 968/10 965/1 9/4 39/11
f 965/1 968/10 40/12 10/5
f 969/13 970/14 3/15 5/16
f 970/14 969/13 6/17 4/18
f 970/14 971/19 33/20 3/15
f 971/19 970/14 4/18 34/21
f 971/19 972/22 35/23 33/20
f 972/22 971/19 34/21 36/24
f 972/22 969/13 5/16 35/23
f 969/13 972/22 36/24 6/17
f 973/25 974/26 25/27 27/28
f 974/26 973/25 28/29 26/30
f 974/26 975/31 55/32 25/27
f 975/31 974/26 26/30 56/33
f 975/31 976/34 57/35 55/32
f 976/34 975/31 56/33 58/36
f 976/34 973/25 27/28 57/35
f 973/25 976/34 58/36 28/29
f 977/37 978/38 21/39 23/40
f 978/38 977/37 24/41 22/42
f 978/38 979/43 51/44 21/39
f 979/43 978/38 22/42 52/45
f 979/43 980/46 53/47 51/44
f 980/46 979/43 52/45 54/48
f 980/46 977/37 23/40 53/47
f 977/37 980/46 54/48 24/41
f 981/49 982/50 17/51 19/52
f 982/50 981/49 20/53 18/54
f 982/50 983/55 47/56 17/51
f 983/55 982/50 18/54 48/57
f 983/55 984/58 49/59 47/56
f 984/58 983/55 48/57 50/60
f 984/58 981/49 19/52 49/59
f 981/49 984/58 50/60 20/53
f 985/61 986/62 13/63 15/64
f 986/62 985/61 16/64 14/65
f 986/62 987/66 43/67 13/63
f 987/66 986/62 14/65 44/68
f 987/66 988/69 45/70 43/67
f 988/69 987/66 44/68 46/70
f 988/69 985/61 15/64 45/70
f 985/61 988/69 46/70 16/64
f 989/71 990/72 9/4 11/73
f 990/72 989/71 12/74 10/5
f 990/72 991/75 39/11 9/4
f 991/75 990/72 10/5 40/12
f 991/75 992/76 41/77 39/11
f 992/76 991/75 40/12 42/78
f 992/76 989/71 11/73 41/77
f 989/71 992/76 42/78 12/74
f 993/79 994/80 5/16 7/3
f 994/80 993/79 8/6 6/17
f 994/80 995/81 35/23 5/16
f 995/81 994/80 6/17 36/24
f 995/81 996/82 37/8 35/23
f 996/82 995/81 36/24 38/9
f 996/82 993/79 7/3 37/8
f 993/79 996/82 38/9 8/6
f 997/83 998/84 27/28 29/85
f 998/84 997/83 30/86 28/29
f 998/84 999/87 57/35 27/28
f 999/87 998/84 28/29 58/36
f 999/87 1000/88 59/89 57/35
f 1000/88 999/87 58/36 60/90
f 1000/88 997/83 29/85 59/89
f 997/83 1000/88 60/90 30/86
f 1001/91 1002/92 1/93 3/15
f 1002/92 1001/91 4/18 2/94
f 1002/92 1003/95 31/96 1/93
f 1003/95 1002/92 2/94 32/97
f 1003/95 1004/98 33/20 31/96
f 1004/98 1003/95 32/97 34/21
f 1004/98 1001/91 3/15 33/20
f 1001/91 1004/98 34/21 4/18
f 1005/99 1006/100 23/40 25/27
f 1006/100 1005/99 26/30 24/41
f 1006/100 1007/101 53/47 23/40
f 1007/101 1006/100 24/41 54/48
f 1007/101 1008/102 55/32 53/47
f 1008/102 1007/101 54/48 56/33
f 1008/102 1005/99 25/27 55/32
f 1005/99 1008/102 56/33 26/30
f 1009/103 1010/104 19/52 21/39
f 1010/104 1009/103 22/42 20/53
f 1010/104 1011/105 49/59 19/52
f 1011/105 1010/104 20/53 50/60
f 1011/105 1012/106 51/44 49/59
f 1012/106 1011/105 50/60 52/45
f 1012/106 1009/103 21/39 51/44
f 1009/103 1012/106 52/45 22/42
f 1013/107 1014/108 15/64 17/51
f 1014/108 1013/107 18/54 16/64
f 1014/108 1015/109 45/70 15/64
f 1015/109 1014/108 16/64 46/70
f 1015/109 1016/110 47/56 45/70
f 1016/110 1015/109 46/70 48/57
f 1016/110 1013/107 17/51 47/56
f 1013/107 1016/110 48/57 18/54
f 1017/111 1018/112 11/73 13/63
f 1018/112 1017/111 14/65 12/74
f 1018/112 1019/113 41/77 11/73
f 1019/113 1018/112 12/74 42/78
f 1019/113 1020/114 43/67 41/77
f 1020/114 1019/113 42/78 44/68
f 1020/114 1017/111 13/63 43/67
f 1017/111 1020/114 44/68 14/65
f 1021/115 1022/116 49/59 51/44
f 1022/116 1021/115 52/45 50/60
f 1022/116 1023/117 79/118 49/59
f 1023/117 1022/116 50/60 80/119
f 1023/117 1024/120 81/121 79/118
f 1024/120 1023/117 80/119 82/122
f 1024/120 1021/115 51/44 81/121
f 1021/115 1024/120 82/122 52/45
f 1025/123 1026/124 45/70 47/56
f 1026/124 1025/123 48/57 46/70
f 1026/124 1027/125 75/126 45/70
f 1027/125 1026/124 46/70 76/126
f 1027/125 1028/127 77/128 75/126
f 1028/127 1027/125 76/126 78/129
f 1028/127 1025/123 47/56 77/128
f 1025/123 1028/127 78/129 48/57
f 1029/130 1030/131 41/77 43/67
f 1030/131 1029/130 44/68 42/78
f 1030/131 1031/132 71/133 41/77
f 1031/132 1030/131 42/78 72/134
f 1031/132 1032/135 73/136 71/133
f 1032/135 1031/132 72/134 74/137
f 1032/135 1029/130 43/67 73/136
f 1029/130 1032/135 74/137 44/68
f 1033/138 1034/139 37/8 39/11
f 1034/139 1033/138 40/12 38/9
f 1034/139 1035/140 67/141 37/8
f 1035/140 1034/139 38/9 68/142
f 1035/140 1036/143 69/144 67/141
f 1036/143 1035/140 68/142 70/145
f 1036/143 1033/138 39/11 69/144
f 1033/138 1036/143 70/145 40/12
f 1037/146 1038/147 33/20 35/23
f 1038/147 1037/146 36/24 34/21
f 1038/147 1039/148 63/149 33/20
f 1039/148 1038/147 34/21 64/150
f 1039/148 1040/151 65/152 63/149
f 1040/151 1039/148 64/150 66/153
f 1040/151 1037/146 35/23 65/152
f 1037/146 1040/151 66/153 36/24
f 1041/154 1042/155 55/32 57/35
f 1042/155 1041/154 58/36 56/33
f 1042/155 1043/156 85/157 55/32
f 1043/156 1042/155 56/33 86/158
f 1043/156 1044/159 87/160 85/157
f 1044/159 1043/156 86/158 88/161
f 1044/159 1041/154 57/35 87/160
f 1041/154 1044/159 88/161 58/36
f 1045/162 1046/163 51/44 53/47
f 1046/163 1045/162 54/48 52/45
f 1046/163 1047/164 81/121 51/44
f 1047/164 1046/163 52/45 82/122
f 1047/164 1048/165 83/166 81/121
f 1048/165 1047/164 82/122 84/167
f 1048/165 1045/162 53/47 83/166
f 1045/162 1048/165 84/167 54/48
f 1049/168 1050/169 47/56 49/59
f 1050/169 1049/168 50/60 48/57
f 1050/169 1051/170 77/128 47/56
f 1051/170 1050/169 48/57 78/129
f 1051/170 1052/171 79/118 77/128
f 1052/171 1051/170 78/129 80/119
f 1052/171 1049/168 49/59 79/118
f 1049/168 1052/171 80/119 50/60
f 1053/172 1054/173 43/67 45/70
f 1054/173 1053/172 46/70 44/68
f 1054/173 1055/174 73/136 43/67
f 1055/174 1054/173 44/68 74/137
f 1055/174 1056/175 75/126 73/136
f 1056/175 1055/174 74/137 76/126
f 1056/175 1053/172 45/70 75/126
f 1053/172 1056/175 76/126 46/70
f 1057/176 1058/177 39/11 41/77
f 1058/177 1057/176 42/78 40/12
f 1058/177 1059/178 69/144 39/11
f 1059/178 1058/177 40/12 70/145
f 1059/178 1060/179 71/133 69/144
f 1060/179 1059/178 70/145 72/134
f 1060/179 1057/176 41/77 71/133
f 1057/176 1060/179 72/134 42/78
f 1061/180 1062/181 35/23 37/8
f 1062/181 1061/180 38/9 36/24
f 1062/181 1063/182 65/152 35/23
f 1063/182 1062/181 36/24 66/153
f 1063/182 1064/183 67/141 65/152
f 1064/183 1063/182 66/153 68/142
f 1064/183 1061/180 37/8 67/141
f 1061/180 1064/183 68/142 38/9
f 1065/184 1066/185 57/35 59/89
f 1066/185 1065/184 60/90 58/36
f 1066/185 1067/186 87/160 57/35
f 1067/186 1066/185 58/36 88/161
f 1067/186 1068/187 89/188 87/160
f 1068/187 1067/186 88/161 90/189
f 1068/187 1065/184 59/89 89/188
f 1065/184 1068/187 90/189 60/90
f 1069/190 1070/191 31/96 33/20
f 1070/191 1069/190 34/21 32/97
f 1070/191 1071/192 61/193 31/96
f 1071/192 1070/191 32/97 62/194
f 1071/192 1072/195 63/149 61/193
f 1072/195 1071/192 62/194 64/150
f 1072/195 1069/190 33/20 63/149
f 1069/190 1072/195 64/150 34/21
f 1073/196 1074/197 53/47 55/32
f 1074/197 1073/196 56/33 54/48
f 1074/197 1075/198 83/166 53/47
f 1075/198 1074/197 54/48 84/167
f 1075/198 1076/199 85/157 83/166
f 1076/199 1075/198 84/167 86/158
f 1076/199 1073/196 55/32 85/157
f 1073/196 1076/199 86/158 56/33
f 1077/200 1078/201 79/118 81/121
f 1078/201 1077/200 82/122 80/119
f 1078/201 1079/202 109/203 79/118
f 1079/202 1078/201 80/119 110/204
f 1079/202 1080/205 111/206 109/203
f 1080/205 1079/202 110/204 112/207
f 1080/205 1077/200 81/121 111/206
f 1077/200 1080/205 112/207 82/122
f 1081/208 1082/209 75/126 77/128
f 1082/209 1081/208 78/129 76/126
f 1082/209 1083/210 105/211 75/126
f 1083/210 1082/209 76/126 106/211
f 1083/210 1084/212 107/213 105/211
f 1084/212 1083/210 106/211 108/214
f 1084/212 1081/208 77/128 107/213
f 1081/208 1084/212 108/214 78/129
f 1085/215 1086/216 71/133 73/136
f 1086/216 1085/215 74/137 72/134
f 1086/216 1087/217 101/218 71/133
f 1087/217 1086/216 72/134 102/219
f 1087/217 1088/220 103/221 101/218
f 1088/220 1087/217 102/219 104/222
f 1088/220 1085/215 73/136 103/221
f 1085/215 1088/220 104/222 74/137
f 1089/223 1090/224 67/141 69/144
f 1090/224 1089/223 70/145 68/142
f 1090/224 1091/225 97/226 67/141
f 1091/225 1090/224 68/142 98/227
f 1091/225 1092/228 99/229 97/226
f 1092/228 1091/225 98/227 100/230
f 1092/228 1089/223 69/144 99/229
f 1089/223 1092/228 100/230 70/145
f 1093/231 1094/232 63/149 65/152
f 1094/232 1093/231 66/153 64/150
f 1094/232 1095/233 93/234 63/149
f 1095/233 1094/232 64/150 94/235
f 1095/233 1096/236 95/237 93/234
f 1096/236 1095/233 94/235 96/238
f 1096/236 1093/231 65/152 95/237
f 1093/231 1096/236 96/238 66/153
f 1097/239 1098/240 85/157 87/160
f 1098/240 1097/239 88/161 86/158
f 1098/240 1099/241 115/242 85/157
f 1099/241 1098/240 86/158 116/243
f 1099/241 1100/244 117/245 115/242
f 1100/244 1099/241 116/243 118/246
f 1100/244 1097/239 87/160 117/245
f 1097/239 1100/244 118/246 88/161
f 1101/247 1102/248 81/121 83/166
f 1102/248 1101/247 84/167 82/122
f 1102/248 1103/249 111/206 81/121
f 1103/249 1102/248 82/122 112/207
f 1103/249 1104/250 113/251 111/206
f 1104/250 1103/249 112/207 114/252
f 1104/250 1101/247 83/166 113/251
f 1101/247 1104/250 114/252 84/167
f 1105/253 1106/254 77/128 79/118
f 1106/254 1105/253 80/119 78/129
f 1106/254 1107/255 107/213 77/128
f 1107/255 1106/254 78/129 108/214
f 1107/255 1108/256 109/203 107/213
f 1108/256 1107/255 108/214 110/204
f 1108/256 1105/253 79/118 109/203
f 1105/253 1108/256 110/204 80/119
f 1109/257 1110/258 73/136 75/126
f 1110/258 1109/257 76/126 74/137
f 1110/258 1111/259 103/221 73/136
f 1111/259 1110/258 74/137 104/222
f 1111/259 1112/260 105/211 103/221
f 1112/260 1111/259 104/222 106/211
f 1112/260 1109/257 75/126 105/211
f 1109/257 1112/260 106/211 76/126
f 1113/261 1114/262 69/144 71/133
f 1114/262 1113/261 72/134 70/145
f 1114/262 1115/263 99/229 69/144
f 1115/263 1114/262 70/145 100/230
f 1115/263 1116/264 101/218 99/229
f 1116/264 1115/263 100/230 102/219
f 1116/264 1113/261 71/133 101/218
f 1113/261 1116/264 102/219 72/134
f 1117/265 1118/266 65/152 67/141
f 1118/266 1117/265 68/142 66/153
f 1118/266 1119/267 95/237 65/152
f 1119/267 1118/266 66/153 96/238
f 1119/267 1120/268 97/226 95/237
f 1120/268 1119/267 96/238 98/227
f 1120/268 1117/265 67/141 97/226
f 1117/265 1120/268 98/227 68/142
f 1121/269 1122/270 87/160 89/188
f 1122/270 1121/269 90/189 88/161
f 1122/270 1123/271 117/245 87/160
f 1123/271 1122/270 88/161 118/246
f 1123/271 1124/272 119/273 117/245
f 1124/272 1123/271 118/246 120/274
f 1124/272 1121/269 89/188 119/273
f 1121/269 1124/272 120/274 90/189
f 1125/275 1126/276 61/193 63/149
f 1126/276 1125/275 64/150 62/194
f 1126/276 1127/277 91/278 61/193
f 1127/277 1126/276 62/194 92/279
f 1127/277 1128/280 93/234 91/278
f 1128/280 1127/277 92/279 94/235
f 1128/280 1125/275 63/149 93/234
f 1125/275 1128/280 94/235 64/150
f 1129/281 1130/282 83/166 85/157
f 1130/282 1129/281 86/158 84/167
f 1130/282 1131/283 113/251 83/166
f 1131/283 1130/282 84/167 114/252
f 1131/283 1132/284 115/242 113/251
f 1132/284 1131/283 114/252 116/243
f 1132/284 1129/281 85/157 115/242
f 1129/281 1132/284 116/243 86/158
f 1133/285 1134/286 109/203 111/206
f 1134/286 1133/285 112/207 110/204
f 1134/286 1135/287 139/288 109/203
f 1135/287 1134/286 110/204 140/289
f 1135/287 1136/290 141/291 139/288
f 1136/290 1135/287 140/289 142/292
f 1136/290 1133/285 111/206 141/291
f 1133/285 1136/290 142/292 112/207
f 1137/293 1138/294 105/211 107/213
f 1138/294 1137/293 108/214 106/211
f 1138/294 1139/295 135/296 105/211
f 1139/295 1138/294 106/211 136/296
f 1139/295 1140/297 137/298 135/296
f 1140/297 1139/295 136/296 138/299
f 1140/297 1137/293 107/213 137/298
f 1137/293 1140/297 138/299 108/214
f 1141/300 1142/301 101/218 103/221
f 1142/301 1141/300 104/222 102/219
f 1142/301 1143/302 131/303 101/218
f 1143/302 1142/301 102/219 132/304
f 1143/302 1144/305 133/306 131/303
f 1144/305 1143/302 132/304 134/307
f 1144/305 1141/300 103/221 133/306
f 1141/300 1144/305 134/307 104/222
f 1145/308 1146/309 97/226 99/229
f 1146/309 1145/308 100/230 98/227
f 1146/309 1147/310 127/311 97/226
f 1147/310 1146/309 98/227 128/312
f 1147/310 1148/313 129/314 127/311
f 1148/313 1147/310 128/312 130/315
f 1148/313 1145/308 99/229 129/314
f 1145/308 1148/313 130/315 100/230
f 1149/316 1150/317 93/234 95/237
f 1150/317 1149/316 96/238 94/235
f 1150/317 1151/318 123/319 93/234
f 1151/318 1150/317 94/235 124/320
f 1151/318 1152/321 125/322 123/319
f 1152/321 1151/318 124/320 126/323
f 1152/321 1149/316 95/237 125/322
f 1149/316 1152/321 126/323 96/238
f 1153/324 1154/325 115/242 117/245
f 1154/325 1153/324 118/246 116/243
f 1154/325 1155/326 145/327 115/242
f 1155/326 1154/325 116/243 146/328
f 1155/326 1156/329 147/330 145/327
f 1156/329 1155/326 146/328 148/331
f 1156/329 1153/324 117/245 147/330
f 1153/324 1156/329 148/331 118/246
f 1157/332 1158/333 111/206 113/251
f 1158/333 1157/332 114/252 112/207
f 1158/333 1159/334 141/291 111/206
f 1159/334 1158/333 112/207 142/292
f 1159/334 1160/335 143/336 141/291
f 1160/335 1159/334 142/292 144/337
f 1160/335 1157/332 113/251 143/336
f 1157/332 1160/335 144/337 114/252
f 1161/338 1162/339 107/213 109/203
f 1162/339 1161/338 110/204 108/214
f 1162/339 1163/340 137/298 107/213
f 1163/340 1162/339 108/214 138/299
f 1163/340 1164/341 139/288 137/298
f 1164/341 1163/340 138/299 140/289
f 1164/341 1161/338 109/203 139/288
f 1161/338 1164/341 140/289 110/204
f 1165/342 1166/343 103/221 105/211
f 1166/343 1165/342 106/211 104/222
f 1166/343 1167/344 133/306 103/221
f 1167/344 1166/343 104/222 134/307
f 1167/344 1168/345 135/296 133/306
f 1168/345 1167/344 134/307 136/296
f 1168/345 1165/342 105/211 135/296
f 1165/342 1168/345 136/296 106/211
f 1169/346 1170/347 99/229 101/218
f 1170/347 1169/346 102/219 100/230
f 1170/347 1171/348 129/314 99/229
f 1171/348 1170/347 100/230 130/315
f 1171/348 1172/349 131/303 129/314
f 1172/349 1171/348 130/315 132/304
f 1172/349 1169/346 101/218 131/303
f 1169/346 1172/349 132/304 102/219
f 1173/350 1174/351 95/237 97/226
f 1174/351 1173/350 98/227 96/238
f 1174/351 1175/352 125/322 95/237
f 1175/352 1174/351 96/238 126/323
f 1175/352 1176/353 127/311 125/322
f 1176/353 1175/352 126/323 128/312
f 1176/353 1173/350 97/226 127/311
f 1173/350 1176/353 128/312 98/227
f 1177/354 1178/355 117/245 119/273
f 1178/355 1177/354 120/274 118/246
f 1178/355 1179/356 147/330 117/245
f 1179/356 1178/355 118/246 148/331
f 1179/356 1180/357 149/358 147/330
f 1180/357 1179/356 148/331 150/359
f 1180/357 1177/354 119/273 149/358
f 1177/354 1180/357 150/359 120/274
f 1181/360 1182/361 91/278 93/234
f 1182/361 1181/360 94/235 92/279
f 1182/361 1183/362 121/363 91/278
f 1183/362 1182/361 92/279 122/364
f 1183/362 1184/365 123/319 121/363
f 1184/365 1183/362 122/364 124/320
f 1184/365 1181/360 93/234 123/319
f 1181/360 1184/365 124/320 94/235
f 1185/366 1186/367 113/251 115/242
f 1186/367 1185/366 116/243 114/252
f 1186/367 1187/368 143/336 113/251
f 1187/368 1186/367 114/252 144/337
f 1187/368 1188/369 145/327 143/336
f 1188/369 1187/368 144/337 146/328
f 1188/369 1185/366 115/242 145/327
f 1185/366 1188/369 146/328 116/243
f 1189/370 1190/371 139/288 141/291
f 1190/371 1189/370 142/292 140/289
f 1190/371 1191/372 169/373 139/288
f 1191/372 1190/371 140/289 170/374
f 1191/372 1192/375 171/376 169/373
f 1192/375 1191/372 170/374 172/377
f 1192/375 1189/370 141/291 171/376
f 1189/370 1192/375 172/377 142/292
f 1193/378 1194/379 135/296 137/298
f 1194/379 1193/378 138/299 136/296
f 1194/379 1195/380 165/381 135/296
f 1195/380 1194/379 136/296 166/381
f 1195/380 1196/382 167/383 165/381
f 1196/382 1195/380 166/381 168/384
f 1196/382 1193/378 137/298 167/383
f 1193/378 1196/382 168/384 138/299
f 1197/385 1198/386 131/303 133/306
f 1198/386 1197/385 134/307 132/304
f 1198/386 1199/387 161/388 131/303
f 1199/387 1198/386 132/304 162/389
f 1199/387 1200/390 163/391 161/388
f 1200/390 1199/387 162/389 164/392
f 1200/390 1197/385 133/306 163/391
f 1197/385 1200/390 164/392 134/307
f 1201/393 1202/394 127/311 129/314
f 1202/394 1201/393 130/315 128/312
f 1202/394 1203/395 157/396 127/311
f 1203/395 1202/394 128/312 158/397
f 1203/395 1204/398 159/399 157/396
f 1204/398 1203/395 158/397 160/400
f 1204/398 1201/393 129/314 159/399
f 1201/393 1204/398 160/400 130/315
f 1205/401 1206/402 123/319 125/322
f 1206/402 1205/401 126/323 124/320
f 1206/402 1207/403 153/404 123/319
f 1207/403 1206/402 124/320 154/405
f 1207/403 1208/406 155/407 153/404
f 1208/406 1207/403 154/405 156/408
f 1208/406 1205/401 125/322 155/407
f 1205/401 1208/406 156/408 126/323
f 1209/409 1210/410 145/327 147/330
f 1210/410 1209/409 148/331 146/328
f 1210/410 1211/411 175/412 145/327
f 1211/411 1210/410 146/328 176/413
f 1211/411 1212/414 177/415 175/412
f 1212/414 1211/411 176/413 178/416
f 1212/414 1209/409 147/330 177/415
f 1209/409 1212/414 178/416 148/331
f 1213/417 1214/418 141/291 143/336
f 1214/418 1213/417 144/337 142/292
f 1214/418 1215/419 171/376 141/291
f 1215/419 1214/418 142/292 172/377
f 1215/419 1216/420 173/421 171/376
f 1216/420 1215/419 172/377 174/422
f 1216/420 1213/417 143/336 173/421
f 1213/417 1216/420 174/422 144/337
f 1217/423 1218/424 137/298 139/288
f 1218/424 1217/423 140/289 138/299
f 1218/424 1219/425 167/383 137/298
f 1219/425 1218/424 138/299 168/384
f 1219/425 1220/426 169/373 167/383
f 1220/426 1219/425 168/384 170/374
f 1220/426 1217/423 139/288 169/373
f 1217/423 1220/426 170/374 140/289
f 1221/427 1222/428 133/306 135/296
f 1222/428 1221/427 136/296 134/307
f 1222/428 1223/429 163/391 133/306
f 1223/429 1222/428 134/307 164/392
f 1223/429 1224/430 165/381 163/391
f 1224/430 1223/429 164/392 166/381
f 1224/430 1221/427 135/296 165/381
f 1221/427 1224/430 166/381 136/296
f 1225/431 1226/432 129/314 131/303
f 1226/432 1225/431 132/304 130/315
f 1226/432 1227/433 159/399 129/314
f 1227/433 1226/432 130/315 160/400
f 1227/433 1228/434 161/388 159/399
f 1228/434 1227/433 160/400 162/389
f 1228/434 1225/431 131/303 161/388
f 1225/431 1228/434 162/389 132/304
f 1229/435 1230/436 125/322 127/311
f 1230/436 1229/435 128/312 126/323
f 1230/436 1231/437 155/407 125/322
f 1231/437 1230/436 126/323 156/408
f 1231/437 1232/438 157/396 155/407
f 1232/438 1231/437 156/408 158/397
f 1232/438 1229/435 127/311 157/396
f 1229/435 1232/438 158/397 128/312
f 1233/439 1234/440 147/330 149/358
f 1234/440 1233/439 150/359 148/331
f 1234/440 1235/441 177/415 147/330
f 1235/441 1234/440 148/331 178/416
f 1235/441 1236/442 179/443 177/415
f 1236/442 1235/441 178/416 180/444
f 1236/442 1233/439 149/358 179/443
f 1233/439 1236/442 180/444 150/359
f 1237/445 1238/446 121/363 123/319
f 1238/446 1237/445 124/320 122/364
f 1238/446 1239/447 151/448 121/363
f 1239/447 1238/446 122/364 152/449
f 1239/447 1240/450 153/404 151/448
f 1240/450 1239/447 152/449 154/405
f 1240/450 1237/445 123/319 153/404
f 1237/445 1240/450 154/405 124/320
f 1241/451 1242/452 143/336 145/327
f 1242/452 1241/451 146/328 144/337
f 1242/452 1243/453 173/421 143/336
f 1243/453 1242/452 144/337 174/422
f 1243/453 1244/454 175/412 173/421
f 1244/454 1243/453 174/422 176/413
f 1244/454 1241/451 145/327 175/412
f 1241/451 1244/454 176/413 146/328
f 1245/455 1246/456 169/373 171/376
f 1246/456 1245/455 172/377 170/374
f 1246/456 1247/457 199/458 169/373
f 1247/457 1246/456 170/374 200/459
f 1247/457 1248/460 201/461 199/458
f 1248/460 1247/457 200/459 202/462
f 1248/460 1245/455 171/376 201/461
f 1245/455 1248/460 202/462 172/377
f 1249/463 1250/464 165/381 167/383
f 1250/464 1249/463 168/384 166/381
f 1250/464 1251/465 195/466 165/381
f 1251/465 1250/464 166/381 196/466
f 1251/465 1252/467 197/468 195/466
f 1252/467 1251/465 196/466 198/469
f 1252/467 1249/463 167/383 197/468
f 1249/463 1252/467 198/469 168/384
f 1253/470 1254/471 161/388 163/391
f 1254/471 1253/470 164/392 162/389
f 1254/471 1255/472 191/473 161/388
f 1255/472 1254/471 162/389 192/474
f 1255/472 1256/475 193/476 191/473
f 1256/475 1255/472 192/474 194/477
f 1256/475 1253/470 163/391 193/476
f 1253/470 1256/475 194/477 164/392
f 1257/478 1258/479 157/396 159/399
f 1258/479 1257/478 160/400 158/397
f 1258/479 1259/480 187/481 157/396
f 1259/480 1258/479 158/397 188/482
f 1259/480 1260/483 189/484 187/481
f 1260/483 1259/480 188/482 190/485
f 1260/483 1257/478 159/399 189/484
f 1257/478 1260/483 190/485 160/400
f 1261/486 1262/487 153/404 155/407
f 1262/487 1261/486 156/408 154/405
f 1262/487 1263/488 183/489 153/404
f 1263/488 1262/487 154/405 184/490
f 1263/488 1264/491 185/492 183/489
f 1264/491 1263/488 184/490 186/493
f 1264/491 1261/486 155/407 185/492
f 1261/486 1264/491 186/493 156/408
f 1265/494 1266/495 175/412 177/415
f 1266/495 1265/494 178/416 176/413
f 1266/495 1267/496 205/497 175/412
f 1267/496 1266/495 176/413 206/498
f 1267/496 1268/499 207/500 205/497
f 1268/499 1267/496 206/498 208/501
f 1268/499 1265/494 177/415 207/500
f 1265/494 1268/499 208/501 178/416
f 1269/502 1270/503 171/376 173/421
f 1270/503 1269/502 174/422 172/377
f 1270/503 1271/504 201/461 171/376
f 1271/504 1270/503 172/377 202/462
f 1271/504 1272/505 203/506 201/461
f 1272/505 1271/504 202/462 204/507
f 1272/505 1269/502 173/421 203/506
f 1269/502 1272/505 204/507 174/422
f 1273/508 1274/509 167/383 169/373
f 1274/509 1273/508 170/374 168/384
f 1274/509 1275/510 197/468 167/383
f 1275/510 1274/509 168/384 198/469
f 1275/510 1276/511 199/458 197/468
f 1276/511 1275/510 198/469 200/459
f 1276/511 1273/508 169/373 199/458
f 1273/508 1276/511 200/459 170/374
f 1277/512 1278/513 163/391 165/381
f 1278/513 1277/512 166/381 164/392
f 1278/513 1279/514 193/476 163/391
f 1279/514 1278/513 164/392 194/477
f 1279/514 1280/515 195/466 193/476
f 1280/515 1279/514 194/477 196/466
f 1280/515 1277/512 165/381 195/466
f 1277/512 1280/515 196/466 166/381
f 1281/516 1282/517 159/399 161/388
f 1282/517 1281/516 162/389 160/400
f 1282/517 1283/518 189/484 159/399
f 1283/518 1282/517 160/400 190/485
f 1283/518 1284/519 191/473 189/484
f 1284/519 1283/518 190/485 192/474
f 1284/519 1281/516 161/388 191/473
f 1281/516 1284/519 192/474 162/389
f 1285/520 1286/521 155/407 157/396
f 1286/521 1285/520 158/397 156/408
f 1286/521 1287/522 185/492 155/407
f 1287/522 1286/521 156/408 186/493
f 1287/522 1288/523 187/481 185/492
f 1288/523 1287/522 186/493 188/482
f 1288/523 1285/520 157/396 187/481
f 1285/520 1288/523 188/482 158/397
f 1289/524 1290/525 177/415 179/443
f 1290/525 1289/524 180/444 178/416
f 1290/525 1291/526 207/500 177/415
f 1291/526 1290/525 178/416 208/501
f 1291/526 1292/527 209/528 207/500
f 1292/527 1291/526 208/501 210/529
f 1292/527 1289/524 179/443 209/528
f 1289/524 1292/527 210/529 180/444
f 1293/530 1294/531 151/448 153/404
f 1294/531 1293/530 154/405 152/449
f 1294/531 1295/532 181/533 151/448
f 1295/532 1294/531 152/449 182/534
f 1295/532 1296/535 183/489 181/533
f 1296/535 1295/532 182/534 184/490
f 1296/535 1293/530 153/404 183/489
f 1293/530 1296/535 184/490 154/405
f 1297/536 1298/537 173/421 175/412
f 1298/537 1297/536 176/413 174/422
f 1298/537 1299/538 203/506 173/421
f 1299/538 1298/537 174/422 204/507
f 1299/538 1300/539 205/497 203/506
f 1300/539 1299/538 204/507 206/498
f 1300/539 1297/536 175/412 205/497
f 1297/536 1300/539 206/498 176/413
f 1301/540 1302/541 199/458 201/461
f 1302/541 1301/540 202/462 200/459
f 1302/541 1303/542 229/543 199/458
f 1303/542 1302/541 200/459 230/544
f 1303/542 1304/545 231/546 229/543
f 1304/545 1303/542 230/544 232/547
f 1304/545 1301/540 201/461 231/546
f 1301/540 1304/545 232/547 202/462
f 1305/548 1306/549 195/466 197/468
f 1306/549 1305/548 198/469 196/466
f 1306/549 1307/550 225/551 195/466
f 1307/550 1306/549 196/466 226/551
f 1307/550 1308/552 227/553 225/551
f 1308/552 1307/550 226/551 228/554
f 1308/552 1305/548 197/468 227/553
f 1305/548 1308/552 228/554 198/469
f 1309/555 1310/556 191/473 193/476
f 1310/556 1309/555 194/477 192/474
f 1310/556 1311/557 221/558 191/473
f 1311/557 1310/556 192/474 222/559
f 1311/557 1312/560 223/561 221/558
f 1312/560 1311/557 222/559 224/562
f 1312/560 1309/555 193/476 223/561
f 1309/555 1312/560 224/562 194/477
f 1313/563 1314/564 187/481 189/484
f 1314/564 1313/563 190/485 188/482
f 1314/564 1315/565 217/566 187/481
f 1315/565 1314/564 188/482 218/567
f 1315/565 1316/568 219/569 217/566
f 1316/568 1315/565 218/567 220/570
f 1316/568 1313/563 189/484 219/569
f 1313/563 1316/568 220/570 190/485
f 1317/571 1318/572 183/489 185/492
f 1318/572 1317/571 186/493 184/490
f 1318/572 1319/573 213/574 183/489
f 1319/573 1318/572 184/490 214/575
f 1319/573 1320/576 215/577 213/574
f 1320/576 1319/573 214/575 216/578
f 1320/576 1317/571 185/492 215/577
f 1317/571 1320/576 216/578 186/493
f 1321/579 1322/580 205/497 207/500
f 1322/580 1321/579 208/501 206/498
f 1322/580 1323/581 235/582 205/497
f 1323/581 1322/580 206/498 236/583
f 1323/581 1324/584 237/585 235/582
f 1324/584 1323/581 236/583 238/586
f 1324/584 1321/579 207/500 237/585
f 1321/579 1324/584 238/586 208/501
f 1325/587 1326/588 201/461 203/506
f 1326/588 1325/587 204/507 202/462
f 1326/588 1327/589 231/546 201/461
f 1327/589 1326/588 202/462 232/547
f 1327/589 1328/590 233/591 231/546
f 1328/590 1327/589 232/547 234/592
f 1328/590 1325/587 203/506 233/591
f 1325/587 1328/590 234/592 204/507
f 1329/593 1330/594 197/468 199/458
f 1330/594 1329/593 200/459 198/469
f 1330/594 1331/595 227/553 197/468
f 1331/595 1330/594 198/469 228/554
f 1331/595 1332/596 229/543 227/553
f 1332/596 1331/595 228/554 230/544
f 1332/596 1329/593 199/458 229/543
f 1329/593 1332/596 230/544 200/459
f 1333/597 1334/598 193/476 195/466
f 1334/598 1333/597 196/466 194/477
f 1334/598 1335/599 223/561 193/476
f 1335/599 1334/598 194/477 224/562
f 1335/599 1336/600 225/551 223/561
f 1336/600 1335/599 224/562 226/551
f 1336/600 1333/597 195/466 225/551
f 1333/597 1336/600 226/551 196/466
f 1337/601 1338/602 189/484 191/473
f 1338/602 1337/601 192/474 190/485
f 1338/602 1339/603 219/569 189/484
f 1339/603 1338/602 190/485 220/570
f 1339/603 1340/604 221/558 219/569
f 1340/604 1339/603 220/570 222/559
f 1340/604 1337/601 191/473 221/558
f 1337/601 1340/604 222/559 192/474
f 1341/605 1342/606 185/492 187/481
f 1342/606 1341/605 188/482 186/493
f 1342/606 1343/607 215/577 185/492
f 1343/607 1342/606 186/493 216/578
f 1343/607 1344/608 217/566 215/577
f 1344/608 1343/607 216/578 218/567
f 1344/608 1341/605 187/481 217/566
f 1341/605 1344/608 218/567 188/482
f 1345/609 1346/610 207/500 209/528
f 1346/610 1345/609 210/529 208/501
f 1346/610 1347/611 237/585 207/500
f 1347/611 1346/610 208/501 238/586
f 1347/611 1348/612 239/613 237/585
f 1348/612 1347/611 238/586 240/614
f 1348/612 1345/609 209/528 239/613
f 1345/609 1348/612 240/614 210/529
f 1349/615 1350/616 181/533 183/489
f 1350/616 1349/615 184/490 182/534
f 1350/616 1351/617 211/618 181/533
f 1351/617 1350/616 182/534 212/619
f 1351/617 1352/620 213/574 211/618
f 1352/620 1351/617 212/619 214/575
f 1352/620 1349/615 183/489 213/574
f 1349/615 1352/620 214/575 184/490
f 1353/621 1354/622 203/506 205/497
f 1354/622 1353/621 206/498 204/507
f 1354/622 1355/623 233/591 203/506
f 1355/623 1354/622 204/507 234/592
f 1355/623 1356/624 235/582 233/591
f 1356/624 1355/623 234/592 236/583
f 1356/624 1353/621 205/497 235/582
f 1353/621 1356/624 236/583 206/498
f 1357/625 1358/626 229/543 231/546
f 1358/626 1357/625 232/547 230/544
f 1358/626 1359/627 259/628 229/543
f 1359/627 1358/626 230/544 260/629
f 1359/630 1360/631 261/632 259/633
f 1360/631 1359/630 260/634 262/635
f 1360/631 1357/636 231/637 261/632
f 1357/636 1360/631 262/635 232/638
f 1361/639 1362/640 225/551 227/553
f 1362/640 1361/639 228/554 226/551
f 1362/641 1363/642 255/643 225/644
f 1363/642 1362/641 226/644 256/643
f 1363/642 1364/645 257/646 255/643
f 1364/645 1363/642 256/643 258/647
f 1364/645 1361/648 227/649 257/646
f 1361/648 1364/645 258/647 228/650
f 1365/651 1366/652 221/558 223/561
f 1366/652 1365/651 224/562 222/559
f 1366/653 1367/654 251/655 221/656
f 1367/654 1366/653 222/657 252/658
f 1367/654 1368/659 253/660 251/655
f 1368/659 1367/654 252/658 254/661
f 1368/659 1365/662 223/663 253/660
f 1365/662 1368/659 254/661 224/664
f 1369/665 1370/666 217/566 219/569
f 1370/666 1369/665 220/570 218/567
f 1370/667 1371/668 247/669 217/670
f 1371/668 1370/667 218/671 248/672
f 1371/668 1372/673 249/674 247/669
f 1372/673 1371/668 248/672 250/675
f 1372/673 1369/676 219/677 249/674
f 1369/676 1372/673 250/675 220/678
f 1373/679 1374/680 213/574 215/577
f 1374/680 1373/679 216/578 214/575
f 1374/681 1375/682 243/683 213/684
f 1375/682 1374/681 214/685 244/686
f 1375/682 1376/687 245/688 243/683
f 1376/687 1375/682 244/686 246/689
f 1376/687 1373/690 215/691 245/688
f 1373/690 1376/687 246/689 216/692
f 1377/693 1378/694 235/582 237/585
f 1378/694 1377/693 238/586 236/583
f 1378/695 1379/696 265/697 235/698
f 1379/696 1378/695 236/699 266/700
f 1379/696 1380/701 267/702 265/697
f 1380/701 1379/696 266/700 268/703
f 1380/701 1377/704 237/705 267/702
f 1377/704 1380/701 268/703 238/706
f 1381/707 1382/708 231/546 233/591
f 1382/708 1381/707 234/592 232/547
f 1382/709 1383/710 261/632 231/637
f 1383/710 1382/709 232/638 262/635
f 1383/710 1384/711 263/712 261/632
f 1384/711 1383/710 262/635 264/713
f 1384/711 1381/714 233/715 263/712
f 1381/714 1384/711 264/713 234/716
f 1385/717 1386/718 227/553 229/543
f 1386/718 1385/717 230/544 228/554
f 1386/719 1387/720 257/646 227/649
f 1387/720 1386/719 228/650 258/647
f 1387/720 1388/721 259/633 257/646
f 1388/721 1387/720 258/647 260/634
f 1388/722 1385/717 229/543 259/628
f 1385/717 1388/722 260/629 230/544
f 1389/723 1390/724 223/561 225/551
f 1390/724 1389/723 226/551 224/562
f 1390/725 1391/726 253/660 223/663
f 1391/726 1390/725 224/664 254/661
f 1391/726 1392/727 255/643 253/660
f 1392/727 1391/726 254/661 256/643
f 1392/727 1389/728 225/644 255/643
f 1389/728 1392/727 256/643 226/644
f 1393/729 1394/730 219/569 221/558
f 1394/730 1393/729 222/559 220/570
f 1394/731 1395/732 249/674 219/677
f 1395/732 1394/731 220/678 250/675
f 1395/732 1396/733 251/655 249/674
f 1396/733 1395/732 250/675 252/658
f 1396/733 1393/734 221/656 251/655
f 1393/734 1396/733 252/658 222/657
f 1397/735 1398/736 215/577 217/566
f 1398/736 1397/735 218/567 216/578
f 1398/737 1399/738 245/688 215/691
f 1399/738 1398/737 216/692 246/689
f 1399/738 1400/739 247/669 245/688
f 1400/739 1399/738 246/689 248/672
f 1400/739 1397/740 217/670 247/669
f 1397/740 1400/739 248/672 218/671
f 1401/741 1402/742 237/585 239/613
f 1402/742 1401/741 240/614 238/586
f 1402/743 1403/744 267/702 237/705
f 1403/744 1402/743 238/706 268/703
f 1403/744 1404/745 269/746 267/702
f 1404/745 1403/744 268/703 270/747
f 1404/745 1401/748 239/749 269/746
f 1401/748 1404/745 270/747 240/750
f 1405/751 1406/752 211/618 213/574
f 1406/752 1405/751 214/575 212/619
f 1406/753 1407/754 241/755 211/756
f 1407/754 1406/753 212/757 242/758
f 1407/754 1408/759 243/683 241/755
f 1408/759 1407/754 242/758 244/686
f 1408/759 1405/760 213/684 243/683
f 1405/760 1408/759 244/686 214/685
f 1409/761 1410/762 233/591 235/582
f 1410/762 1409/761 236/583 234/592
f 1410/763 1411/764 263/712 233/715
f 1411/764 1410/763 234/716 264/713
f 1411/764 1412/765 265/697 263/712
f 1412/765 1411/764 264/713 266/700
f 1412/765 1409/766 235/698 265/697
f 1409/766 1412/765 266/700 236/699
f 1413/767 1414/768 259/633 261/632
f 1414/768 1413/767 262/635 260/634
f 1414/768 1415/769 289/770 259/633
f 1415/769 1414/768 260/634 290/771
f 1415/769 1416/772 291/773 289/770
f 1416/772 1415/769 290/771 292/774
f 1416/772 1413/767 261/632 291/773
f 1413/767 1416/772 292/774 262/635
f 1417/775 1418/776 255/643 257/646
f 1418/776 1417/775 258/647 256/643
f 1418/776 1419/777 285/778 255/643
f 1419/777 1418/776 256/643 286/778
f 1419/777 1420/779 287/780 285/778
f 1420/779 1419/777 286/778 288/781
f 1420/779 1417/775 257/646 287/780
f 1417/775 1420/779 288/781 258/647
f 1421/782 1422/783 251/655 253/660
f 1422/783 1421/782 254/661 252/658
f 1422/783 1423/784 281/785 251/655
f 1423/784 1422/783 252/658 282/786
f 1423/784 1424/787 283/788 281/785
f 1424/787 1423/784 282/786 284/789
f 1424/787 1421/782 253/660 283/788
f 1421/782 1424/787 284/789 254/661
f 1425/790 1426/791 247/669 249/674
f 1426/791 1425/790 250/675 248/672
f 1426/791 1427/792 277/793 247/669
f 1427/792 1426/791 248/672 278/794
f 1427/792 1428/795 279/796 277/793
f 1428/795 1427/792 278/794 280/797
f 1428/795 1425/790 249/674 279/796
f 1425/790 1428/795 280/797 250/675
f 1429/798 1430/799 243/683 245/688
f 1430/799 1429/798 246/689 244/686
f 1430/799 1431/800 273/801 243/683
f 1431/800 1430/799 244/686 274/802
f 1431/800 1432/803 275/804 273/801
f 1432/803 1431/800 274/802 276/805
f 1432/803 1429/798 245/688 275/804
f 1429/798 1432/803 276/805 246/689
f 1433/806 1434/807 265/697 267/702
f 1434/807 1433/806 268/703 266/700
f 1434/807 1435/808 295/809 265/697
f 1435/808 1434/807 266/700 296/810
f 1435/808 1436/811 297/812 295/809
f 1436/811 1435/808 296/810 298/813
f 1436/811 1433/806 267/702 297/812
f 1433/806 1436/811 298/813 268/703
f 1437/814 1438/815 261/632 263/712
f 1438/815 1437/814 264/713 262/635
f 1438/815 1439/816 291/773 261/632
f 1439/816 1438/815 262/635 292/774
f 1439/816 1440/817 293/818 291/773
f 1440/817 1439/816 292/774 294/819
f 1440/817 1437/814 263/712 293/818
f 1437/814 1440/817 294/819 264/713
f 1441/820 1442/821 257/646 259/633
f 1442/821 1441/820 260/634 258/647
f 1442/821 1443/822 287/780 257/646
f 1443/822 1442/821 258/647 288/781
f 1443/822 1444/823 289/770 287/780
f 1444/823 1443/822 288/781 290/771
f 1444/823 1441/820 259/633 289/770
f 1441/820 1444/823 290/771 260/634
f 1445/824 1446/825 253/660 255/643
f 1446/825 1445/824 256/643 254/661
f 1446/825 1447/826 283/788 253/660
f 1447/826 1446/825 254/661 284/789
f 1447/826 1448/827 285/778 283/788
f 1448/827 1447/826 284/789 286/778
f 1448/827 1445/824 255/643 285/778
f 1445/824 1448/827 286/778 256/643
f 1449/828 1450/829 249/674 251/655
f 1450/829 1449/828 252/658 250/675
f 1450/829 1451/830 279/796 249/674
f 1451/830 1450/829 250/675 280/797
f 1451/830 1452/831 281/785 279/796
f 1452/831 1451/830 280/797 282/786
f 1452/831 1449/828 251/655 281/785
f 1449/828 1452/831 282/786 252/658
f 1453/832 1454/833 245/688 247/669
f 1454/833 1453/832 248/672 246/689
f 1454/833 1455/834 275/804 245/688
f 1455/834 1454/833 246/689 276/805
f 1455/834 1456/835 277/793 275/804
f 1456/835 1455/834 276/805 278/794
f 1456/835 1453/832 247/669 277/793
f 1453/832 1456/835 278/794 248/672
f 1457/836 1458/837 267/702 269/746
f 1458/837 1457/836 270/747 268/703
f 1458/837 1459/838 297/812 267/702
f 1459/838 1458/837 268/703 298/813
f 1459/838 1460/839 299/840 297/812
f 1460/839 1459/838 298/813 300/841
f 1460/839 1457/836 269/746 299/840
f 1457/836 1460/839 300/841 270/747
f 1461/842 1462/843 241/755 243/683
f 1462/843 1461/842 244/686 242/758
f 1462/843 1463/844 271/845 241/755
f 1463/844 1462/843 242/758 272/846
f 1463/844 1464/847 273/801 271/845
f 1464/847 1463/844 272/846 274/802
f 1464/847 1461/842 243/683 273/801
f 1461/842 1464/847 274/802 244/686
f 1465/848 1466/849 263/712 265/697
f 1466/849 1465/848 266/700 264/713
f 1466/849 1467/850 293/818 263/712
f 1467/850 1466/849 264/713 294/819
f 1467/850 1468/851 295/809 293/818
f 1468/851 1467/850 294/819 296/810
f 1468/851 1465/848 265/697 295/809
f 1465/848 1468/851 296/810 266/700
f 1469/852 1470/853 289/770 291/773
f 1470/853 1469/852 292/774 290/771
f 1470/853 1471/854 319/855 289/770
f 1471/854 1470/853 290/771 320/856
f 1471/854 1472/857 321/858 319/855
f 1472/857 1471/854 320/856 322/859
f 1472/857 1469/852 291/773 321/858
f 1469/852 1472/857 322/859 292/774
f 1473/860 1474/861 285/778 287/780
f 1474/861 1473/860 288/781 286/778
f 1474/861 1475/862 315/863 285/778
f 1475/862 1474/861 286/778 316/863
f 1475/862 1476/864 317/865 315/863
f 1476/864 1475/862 316/863 318/866
f 1476/864 1473/860 287/780 317/865
f 1473/860 1476/864 318/866 288/781
f 1477/867 1478/868 281/785 283/788
f 1478/868 1477/867 284/789 282/786
f 1478/868 1479/869 311/870 281/785
f 1479/869 1478/868 282/786 312/871
f 1479/869 1480/872 313/873 311/870
f 1480/872 1479/869 312/871 314/874
f 1480/872 1477/867 283/788 313/873
f 1477/867 1480/872 314/874 284/789
f 1481/875 1482/876 277/793 279/796
f 1482/876 1481/875 280/797 278/794
f 1482/876 1483/877 307/878 277/793
f 1483/877 1482/876 278/794 308/879
f 1483/877 1484/880 309/881 307/878
f 1484/880 1483/877 308/879 310/882
f 1484/880 1481/875 279/796 309/881
f 1481/875 1484/880 310/882 280/797
f 1485/883 1486/884 273/801 275/804
f 1486/884 1485/883 276/805 274/802
f 1486/884 1487/885 303/886 273/801
f 1487/885 1486/884 274/802 304/887
f 1487/885 1488/888 305/889 303/886
f 1488/888 1487/885 304/887 306/890
f 1488/888 1485/883 275/804 305/889
f 1485/883 1488/888 306/890 276/805
f 1489/891 1490/892 295/809 297/812
f 1490/892 1489/891 298/813 296/810
f 1490/892 1491/893 325/894 295/809
f 1491/893 1490/892 296/810 326/895
f 1491/893 1492/896 327/897 325/894
f 1492/896 1491/893 326/895 328/898
f 1492/896 1489/891 297/812 327/897
f 1489/891 1492/896 328/898 298/813
f 1493/899 1494/900 291/773 293/818
f 1494/900 1493/899 294/819 292/774
f 1494/900 1495/901 321/858 291/773
f 1495/901 1494/900 292/774 322/859
f 1495/901 1496/902 323/903 321/858
f 1496/902 1495/901 322/859 324/904
f 1496/902 1493/899 293/818 323/903
f 1493/899 1496/902 324/904 294/819
f 1497/905 1498/906 287/780 289/770
f 1498/906 1497/905 290/771 288/781
f 1498/906 1499/907 317/865 287/780
f 1499/907 1498/906 288/781 318/866
f 1499/907 1500/908 319/855 317/865
f 1500/908 1499/907 318/866 320/856
f 1500/908 1497/905 289/770 319/855
f 1497/905 1500/908 320/856 290/771
f 1501/909 1502/910 283/788 285/778
f 1502/910 1501/909 286/778 284/789
f 1502/910 1503/911 313/873 283/788
f 1503/911 1502/910 284/789 314/874
f 1503/911 1504/912 315/863 313/873
f 1504/912 1503/911 314/874 316/863
f 1504/912 1501/909 285/778 315/863
f 1501/909 1504/912 316/863 286/778
f 1505/913 1506/914 279/796 281/785
f 1506/914 1505/913 282/786 280/797
f 1506/914 1507/915 309/881 279/796
f 1507/915 1506/914 280/797 310/882
f 1507/915 1508/916 311/870 309/881
f 1508/916 1507/915 310/882 312/871
f 1508/916 1505/913 281/785 311/870
f 1505/913 1508/916 312/871 282/786
f 1509/917 1510/918 275/804 277/793
f 1510/918 1509/917 278/794 276/805
f 1510/918 1511/919 305/889 275/804
f 1511/919 1510/918 276/805 306/890
f 1511/919 1512/920 307/878 305/889
f 1512/920 1511/919 306/890 308/879
f 1512/920 1509/917 277/793 307/878
f 1509/917 1512/920 308/879 278/794
f 1513/921 1514/922 297/812 299/840
f 1514/922 1513/921 300/841 298/813
f 1514/922 1515/923 327/897 297/812
f 1515/923 1514/922 298/813 328/898
f 1515/923 1516/924 329/925 327/897
f 1516/924 1515/923 328/898 330/926
f 1516/924 1513/921 299/840 329/925
f 1513/921 1516/924 330/926 300/841
f 1517/927 1518/928 271/845 273/801
f 1518/928 1517/927 274/802 272/846
f 1518/928 1519/929 301/930 271/845
f 1519/929 1518/928 272/846 302/931
f 1519/929 1520/932 303/886 301/930
f 1520/932 1519/929 302/931 304/887
f 1520/932 1517/927 273/801 303/886
f 1517/927 1520/932 304/887 274/802
f 1521/933 1522/934 293/818 295/809
f 1522/934 1521/933 296/810 294/819
f 1522/934 1523/935 323/903 293/818
f 1523/935 1522/934 294/819 324/904
f 1523/935 1524/936 325/894 323/903
f 1524/936 1523/935 324/904 326/895
f 1524/936 1521/933 295/809 325/894
f 1521/933 1524/936 326/895 296/810
f 1525/937 1526/938 319/855 321/858
f 1526/938 1525/937 322/859 320/856
f 1526/938 1527/939 349/940 319/855
f 1527/939 1526/938 320/856 350/941
f 1527/939 1528/942 351/943 349/940
f 1528/942 1527/939 350/941 352/944
f 1528/942 1525/937 321/858 351/943
f 1525/937 1528/942 352/944 322/859
f 1529/945 1530/946 315/863 317/865
f 1530/946 1529/945 318/866 316/863
f 1530/946 1531/947 345/948 315/863
f 1531/947 1530/946 316/863 346/948
f 1531/947 1532/949 347/950 345/948
f 1532/949 1531/947 346/948 348/951
f 1532/949 1529/945 317/865 347/950
f 1529/945 1532/949 348/951 318/866
f 1533/952 1534/953 311/870 313/873
f 1534/953 1533/952 314/874 312/871
f 1534/953 1535/954 341/955 311/870
f 1535/954 1534/953 312/871 342/956
f 1535/954 1536/957 343/958 341/955
f 1536/957 1535/954 342/956 344/959
f 1536/957 1533/952 313/873 343/958
f 1533/952 1536/957 344/959 314/874
f 1537/960 1538/961 307/878 309/881
f 1538/961 1537/960 310/882 308/879
f 1538/961 1539/962 337/963 307/878
f 1539/962 1538/961 308/879 338/964
f 1539/962 1540/965 339/966 337/963
f 1540/965 1539/962 338/964 340/967
f 1540/965 1537/960 309/881 339/966
f 1537/960 1540/965 340/967 310/882
f 1541/968 1542/969 303/886 305/889
f 1542/969 1541/968 306/890 304/887
f 1542/969 1543/970 333/971 303/886
f 1543/970 1542/969 304/887 334/972
f 1543/970 1544/973 335/974 333/971
f 1544/973 1543/970 334/972 336/975
f 1544/973 1541/968 305/889 335/974
f 1541/968 1544/973 336/975 306/890
f 1545/976 1546/977 325/894 327/897
f 1546/977 1545/976 328/898 326/895
f 1546/977 1547/978 355/979 325/894
f 1547/978 1546/977 326/895 356/980
f 1547/978 1548/981 357/982 355/979
f 1548/981 1547/978 356/980 358/983
f 1548/981 1545/976 327/897 357/982
f 1545/976 1548/981 358/983 328/898
f 1549/984 1550/985 321/858 323/903
f 1550/985 1549/984 324/904 322/859
f 1550/985 1551/986 351/943 321/858
f 1551/986 1550/985 322/859 352/944
f 1551/986 1552/987 353/988 351/943
f 1552/987 1551/986 352/944 354/989
f 1552/987 1549/984 323/903 353/988
f 1549/984 1552/987 354/989 324/904
f 1553/990 1554/991 317/865 319/855
f 1554/991 1553/990 320/856 318/866
f 1554/991 1555/992 347/950 317/865
f 1555/992 1554/991 318/866 348/951
f 1555/992 1556/993 349/940 347/950
f 1556/993 1555/992 348/951 350/941
f 1556/993 1553/990 319/855 349/940
f 1553/990 1556/993 350/941 320/856
f 1557/994 1558/995 313/873 315/863
f 1558/995 1557/994 316/863 314/874
f 1558/995 1559/996 343/958 313/873
f 1559/996 1558/995 314/874 344/959
f 1559/996 1560/997 345/948 343/958
f 1560/997 1559/996 344/959 346/948
f 1560/997 1557/994 315/863 345/948
f 1557/994 1560/997 346/948 316/863
f 1561/998 1562/999 309/881 311/870
f 1562/999 1561/998 312/871 310/882
f 1562/999 1563/1000 339/966 309/881
f 1563/1000 1562/999 310/882 340/967
f 1563/1000 1564/1001 341/955 339/966
f 1564/1001 1563/1000 340/967 342/956
f 1564/1001 1561/998 311/870 341/955
f 1561/998 1564/1001 342/956 312/871
f 1565/1002 1566/1003 305/889 307/878
f 1566/1003 1565/1002 308/879 306/890
f 1566/1003 1567/1004 335/974 305/889
f 1567/1004 1566/1003 306/890 336/975
f 1567/1004 1568/1005 337/963 335/974
f 1568/1005 1567/1004 336/975 338/964
f 1568/1005 1565/1002 307/878 337/963
f 1565/1002 1568/1005 338/964 308/879
f 1569/1006 1570/1007 327/897 329/925
f 1570/1007 1569/1006 330/926 328/898
f 1570/1007 1571/1008 357/982 327/897
f 1571/1008 1570/1007 328/898 358/983
f 1571/1008 1572/1009 359/1010 357/982
f 1572/1009 1571/1008 358/983 360/1011
f 1572/1009 1569/1006 329/925 359/1010
f 1569/1006 1572/1009 360/1011 330/926
f 1573/1012 1574/1013 301/930 303/886
f 1574/1013 1573/1012 304/887 302/931
f 1574/1013 1575/1014 331/1015 301/930
f 1575/1014 1574/1013 302/931 332/1016
f 1575/1014 1576/1017 333/971 331/1015
f 1576/1017 1575/1014 332/1016 334/972
f 1576/1017 1573/1012 303/886 333/971
f 1573/1012 1576/1017 334/972 304/887
f 1577/1018 1578/1019 323/903 325/894
f 1578/1019 1577/1018 326/895 324/904
f 1578/1019 1579/1020 353/988 323/903
f 1579/1020 1578/1019 324/904 354/989
f 1579/1020 1580/1021 355/979 353/988
f 1580/1021 1579/1020 354/989 356/980
f 1580/1021 1577/1018 325/894 355/979
f 1577/1018 1580/1021 356/980 326/895
f 1581/1022 1582/1023 349/940 351/943
f 1582/1023 1581/1022 352/944 350/941
f 1582/1023 1583/1024 379/1025 349/940
f 1583/1024 1582/1023 350/941 380/1026
f 1583/1024 1584/1027 381/1028 379/1025
f 1584/1027 1583/1024 380/1026 382/1029
f 1584/1027 1581/1022 351/943 381/1028
f 1581/1022 1584/1027 382/1029 352/944
f 1585/1030 1586/1031 345/948 347/950
f 1586/1031 1585/1030 348/951 346/948
f 1586/1031 1587/1032 375/1033 345/948
f 1587/1032 1586/1031 346/948 376/1033
f 1587/1032 1588/1034 377/1035 375/1033
f 1588/1034 1587/1032 376/1033 378/1036
f 1588/1034 1585/1030 347/950 377/1035
f 1585/1030 1588/1034 378/1036 348/951
f 1589/1037 1590/1038 341/955 343/958
f 1590/1038 1589/1037 344/959 342/956
f 1590/1038 1591/1039 371/1040 341/955
f 1591/1039 1590/1038 342/956 372/1041
f 1591/1039 1592/1042 373/1043 371/1040
f 1592/1042 1591/1039 372/1041 374/1044
f 1592/1042 1589/1037 343/958 373/1043
f 1589/1037 1592/1042 374/1044 344/959
f 1593/1045 1594/1046 337/963 339/966
f 1594/1046 1593/1045 340/967 338/964
f 1594/1046 1595/1047 367/1048 337/963
f 1595/1047 1594/1046 338/964 368/1049
f 1595/1047 1596/1050 369/1051 367/1048
f 1596/1050 1595/1047 368/1049 370/1052
f 1596/1050 1593/1045 339/966 369/1051
f 1593/1045 1596/1050 370/1052 340/967
f 1597/1053 1598/1054 333/971 335/974
f 1598/1054 1597/1053 336/975 334/972
f 1598/1054 1599/1055 363/1056 333/971
f 1599/1055 1598/1054 334/972 364/1057
f 1599/1055 1600/1058 365/1059 363/1056
f 1600/1058 1599/1055 364/1057 366/1060
f 1600/1058 1597/1053 335/974 365/1059
f 1597/1053 1600/1058 366/1060 336/975
f 1601/1061 1602/1062 355/979 357/982
f 1602/1062 1601/1061 358/983 356/980
f 1602/1062 1603/1063 385/1064 355/979
f 1603/1063 1602/1062 356/980 386/1065
f 1603/1063 1604/1066 387/1067 385/1064
f 1604/1066 1603/1063 386/1065 388/1068
f 1604/1066 1601/1061 357/982 387/1067
f 1601/1061 1604/1066 388/1068 358/983
f 1605/1069 1606/1070 351/943 353/988
f 1606/1070 1605/1069 354/989 352/944
f 1606/1070 1607/1071 381/1028 351/943
f 1607/1071 1606/1070 352/944 382/1029
f 1607/1071 1608/1072 383/1073 381/1028
f 1608/1072 1607/1071 382/1029 384/1074
f 1608/1072 1605/1069 353/988 383/1073
f 1605/1069 1608/1072 384/1074 354/989
f 1609/1075 1610/1076 347/950 349/940
f 1610/1076 1609/1075 350/941 348/951
f 1610/1076 1611/1077 377/1035 347/950
f 1611/1077 1610/1076 348/951 378/1036
f 1611/1077 1612/1078 379/1025 377/1035
f 1612/1078 1611/1077 378/1036 380/1026
f 1612/1078 1609/1075 349/940 379/1025
f 1609/1075 1612/1078 380/1026 350/941
f 1613/1079 1614/1080 343/958 345/948
f 1614/1080 1613/1079 346/948 344/959
f 1614/1080 1615/1081 373/1043 343/958
f 1615/1081 1614/1080 344/959 374/1044
f 1615/1081 1616/1082 375/1033 373/1043
f 1616/1082 1615/1081 374/1044 376/1033
f 1616/1082 1613/1079 345/948 375/1033
f 1613/1079 1616/1082 376/1033 346/948
f 1617/1083 1618/1084 339/966 341/955
f 1618/1084 1617/1083 342/956 340/967
f 1618/1084 1619/1085 369/1051 339/966
f 1619/1085 1618/1084 340/967 370/1052
f 1619/1085 1620/1086 371/1040 369/1051
f 1620/1086 1619/1085 370/1052 372/1041
f 1620/1086 1617/1083 341/955 371/1040
f 1617/1083 1620/1086 372/1041 342/956
f 1621/1087 1622/1088 335/974 337/963
f 1622/1088 1621/1087 338/964 336/975
f 1622/1088 1623/1089 365/1059 335/974
f 1623/1089 1622/1088 336/975 366/1060
f 1623/1089 1624/1090 367/1048 365/1059
f 1624/1090 1623/1089 366/1060 368/1049
f 1624/1090 1621/1087 337/963 367/1048
f 1621/1087 1624/1090 368/1049 338/964
f 1625/1091 1626/1092 357/982 359/1010
f 1626/1092 1625/1091 360/1011 358/983
f 1626/1092 1627/1093 387/1067 357/982
f 1627/1093 1626/1092 358/983 388/1068
f 1627/1093 1628/1094 389/1095 387/1067
f 1628/1094 1627/1093 388/1068 390/1096
f 1628/1094 1625/1091 359/1010 389/1095
f 1625/1091 1628/1094 390/1096 360/1011
f 1629/1097 1630/1098 331/1015 333/971
f 1630/1098 1629/1097 334/972 332/1016
f 1630/1098 1631/1099 361/1100 331/1015
f 1631/1099 1630/1098 332/1016 362/1101
f 1631/1099 1632/1102 363/1056 361/1100
f 1632/1102 1631/1099 362/1101 364/1057
f 1632/1102 1629/1097 333/971 363/1056
f 1629/1097 1632/1102 364/1057 334/972
f 1633/1103 1634/1104 353/988 355/979
f 1634/1104 1633/1103 356/980 354/989
f 1634/1104 1635/1105 383/1073 353/988
f 1635/1105 1634/1104 354/989 384/1074
f 1635/1105 1636/1106 385/1064 383/1073
f 1636/1106 1635/1105 384/1074 386/1065
f 1636/1106 1633/1103 355/979 385/1064
f 1633/1103 1636/1106 386/1065 356/980
f 1637/1107 1638/1108 379/1025 381/1028
f 1638/1108 1637/1107 382/1029 380/1026
f 1638/1108 1639/1109 409/1110 379/1025
f 1639/1109 1638/1108 380/1026 410/1111
f 1639/1109 1640/1112 411/1113 409/1110
f 1640/1112 1639/1109 410/1111 412/1114
f 1640/1112 1637/1107 381/1028 411/1113
f 1637/1107 1640/1112 412/1114 382/1029
f 1641/1115 1642/1116 375/1033 377/1035
f 1642/1116 1641/1115 378/1036 376/1033
f 1642/1116 1643/1117 405/1118 375/1033
f 1643/1117 1642/1116 376/1033 406/1118
f 1643/1117 1644/1119 407/1120 405/1118
f 1644/1119 1643/1117 406/1118 408/1121
f 1644/1119 1641/1115 377/1035 407/1120
f 1641/1115 1644/1119 408/1121 378/1036
f 1645/1122 1646/1123 371/1040 373/1043
f 1646/1123 1645/1122 374/1044 372/1041
f 1646/1123 1647/1124 401/1125 371/1040
f 1647/1124 1646/1123 372/1041 402/1126
f 1647/1124 1648/1127 403/1128 401/1125
f 1648/1127 1647/1124 402/1126 404/1129
f 1648/1127 1645/1122 373/1043 403/1128
f 1645/1122 1648/1127 404/1129 374/1044
f 1649/1130 1650/1131 367/1048 369/1051
f 1650/1131 1649/1130 370/1052 368/1049
f 1650/1131 1651/1132 397/1133 367/1048
f 1651/1132 1650/1131 368/1049 398/1134
f 1651/1132 1652/1135 399/1136 397/1133
f 1652/1135 1651/1132 398/1134 400/1137
f 1652/1135 1649/1130 369/1051 399/1136
f 1649/1130 1652/1135 400/1137 370/1052
f 1653/1138 1654/1139 363/1056 365/1059
f 1654/1139 1653/1138 366/1060 364/1057
f 1654/1139 1655/1140 393/1141 363/1056
f 1655/1140 1654/1139 364/1057 394/1142
f 1655/1140 1656/1143 395/1144 393/1141
f 1656/1143 1655/1140 394/1142 396/1145
f 1656/1143 1653/1138 365/1059 395/1144
f 1653/1138 1656/1143 396/1145 366/1060
f 1657/1146 1658/1147 385/1064 387/1067
f 1658/1147 1657/1146 388/1068 386/1065
f 1658/1147 1659/1148 415/1149 385/1064
f 1659/1148 1658/1147 386/1065 416/1150
f 1659/1148 1660/1151 417/1152 415/1149
f 1660/1151 1659/1148 416/1150 418/1153
f 1660/1151 1657/1146 387/1067 417/1152
f 1657/1146 1660/1151 418/1153 388/1068
f 1661/1154 1662/1155 381/1028 383/1073
f 1662/1155 1661/1154 384/1074 382/1029
f 1662/1155 1663/1156 411/1113 381/1028
f 1663/1156 1662/1155 382/1029 412/1114
f 1663/1156 1664/1157 413/1158 411/1113
f 1664/1157 1663/1156 412/1114 414/1159
f 1664/1157 1661/1154 383/1073 413/1158
f 1661/1154 1664/1157 414/1159 384/1074
f 1665/1160 1666/1161 377/1035 379/1025
f 1666/1161 1665/1160 380/1026 378/1036
f 1666/1161 1667/1162 407/1120 377/1035
f 1667/1162 1666/1161 378/1036 408/1121
f 1667/1162 1668/1163 409/1110 407/1120
f 1668/1163 1667/1162 408/1121 410/1111
f 1668/1163 1665/1160 379/1025 409/1110
f 1665/1160 1668/1163 410/1111 380/1026
f 1669/1164 1670/1165 373/1043 375/1033
f 1670/1165 1669/1164 376/1033 374/1044
f 1670/1165 1671/1166 403/1128 373/1043
f 1671/1166 1670/1165 374/1044 404/1129
f 1671/1166 1672/1167 405/1118 403/1128
f 1672/1167 1671/1166 404/1129 406/1118
f 1672/1167 1669/1164 375/1033 405/1118
f 1669/1164 1672/1167 406/1118 376/1033
f 1673/1168 1674/1169 369/1051 371/1040
f 1674/1169 1673/1168 372/1041 370/1052
f 1674/1169 1675/1170 399/1136 369/1051
f 1675/1170 1674/1169 370/1052 400/1137
f 1675/1170 1676/1171 401/1125 399/1136
f 1676/1171 1675/1170 400/1137 402/1126
f 1676/1171 1673/1168 371/1040 401/1125
f 1673/1168 1676/1171 402/1126 372/1041
f 1677/1172 1678/1173 365/1059 367/1048
f 1678/1173 1677/1172 368/1049 366/1060
f 1678/1173 1679/1174 395/1144 365/1059
f 1679/1174 1678/1173 366/1060 396/1145
f 1679/1174 1680/1175 397/1133 395/1144
f 1680/1175 1679/1174 396/1145 398/1134
f 1680/1175 1677/1172 367/1048 397/1133
f 1677/1172 1680/1175 398/1134 368/1049
f 1681/1176 1682/1177 387/1067 389/1095
f 1682/1177 1681/1176 390/1096 388/1068
f 1682/1177 1683/1178 417/1152 387/1067
f 1683/1178 1682/1177 388/1068 418/1153
f 1683/1178 1684/1179 419/1180 417/1152
f 1684/1179 1683/1178 418/1153 420/1181
f 1684/1179 1681/1176 389/1095 419/1180
f 1681/1176 1684/1179 420/1181 390/1096
f 1685/1182 1686/1183 361/1100 363/1056
f 1686/1183 1685/1182 364/1057 362/1101
f 1686/1183 1687/1184 391/1185 361/1100
f 1687/1184 1686/1183 362/1101 392/1186
f 1687/1184 1688/1187 393/1141 391/1185
f 1688/1187 1687/1184 392/1186 394/1142
f 1688/1187 1685/1182 363/1056 393/1141
f 1685/1182 1688/1187 394/1142 364/1057
f 1689/1188 1690/1189 383/1073 385/1064
f 1690/1189 1689/1188 386/1065 384/1074
f 1690/1189 1691/1190 413/1158 383/1073
f 1691/1190 1690/1189 384/1074 414/1159
f 1691/1190 1692/1191 415/1149 413/1158
f 1692/1191 1691/1190 414/1159 416/1150
f 1692/1191 1689/1188 385/1064 415/1149
f 1689/1188 1692/1191 416/1150 386/1065
f 1693/1192 1694/1193 409/1110 411/1113
f 1694/1193 1693/1192 412/1114 410/1111
f 1694/1193 1695/1194 439/1195 409/1110
f 1695/1194 1694/1193 410/1111 440/1196
f 1695/1194 1696/1197 441/1198 439/1195
f 1696/1197 1695/1194 440/1196 442/1199
f 1696/1197 1693/1192 411/1113 441/1198
f 1693/1192 1696/1197 442/1199 412/1114
f 1697/1200 1698/1201 405/1118 407/1120
f 1698/1201 1697/1200 408/1121 406/1118
f 1698/1201 1699/1202 435/1203 405/1118
f 1699/1202 1698/1201 406/1118 436/1203
f 1699/1202 1700/1204 437/1205 435/1203
f 1700/1204 1699/1202 436/1203 438/1206
f 1700/1204 1697/1200 407/1120 437/1205
f 1697/1200 1700/1204 438/1206 408/1121
f 1701/1207 1702/1208 401/1125 403/1128
f 1702/1208 1701/1207 404/1129 402/1126
f 1702/1208 1703/1209 431/1210 401/1125
f 1703/1209 1702/1208 402/1126 432/1211
f 1703/1209 1704/1212 433/1213 431/1210
f 1704/1212 1703/1209 432/1211 434/1214
f 1704/1212 1701/1207 403/1128 433/1213
f 1701/1207 1704/1212 434/1214 404/1129
f 1705/1215 1706/1216 397/1133 399/1136
f 1706/1216 1705/1215 400/1137 398/1134
f 1706/1216 1707/1217 427/1218 397/1133
f 1707/1217 1706/1216 398/1134 428/1219
f 1707/1217 1708/1220 429/1221 427/1218
f 1708/1220 1707/1217 428/1219 430/1222
f 1708/1220 1705/1215 399/1136 429/1221
f 1705/1215 1708/1220 430/1222 400/1137
f 1709/1223 1710/1224 393/1141 395/1144
f 1710/1224 1709/1223 396/1145 394/1142
f 1710/1224 1711/1225 423/1226 393/1141
f 1711/1225 1710/1224 394/1142 424/1227
f 1711/1225 1712/1228 425/1229 423/1226
f 1712/1228 1711/1225 424/1227 426/1230
f 1712/1228 1709/1223 395/1144 425/1229
f 1709/1223 1712/1228 426/1230 396/1145
f 1713/1231 1714/1232 415/1149 417/1152
f 1714/1232 1713/1231 418/1153 416/1150
f 1714/1232 1715/1233 445/1234 415/1149
f 1715/1233 1714/1232 416/1150 446/1235
f 1715/1233 1716/1236 447/1237 445/1234
f 1716/1236 1715/1233 446/1235 448/1238
f 1716/1236 1713/1231 417/1152 447/1237
f 1713/1231 1716/1236 448/1238 418/1153
f 1717/1239 1718/1240 411/1113 413/1158
f 1718/1240 1717/1239 414/1159 412/1114
f 1718/1240 1719/1241 441/1198 411/1113
f 1719/1241 1718/1240 412/1114 442/1199
f 1719/1241 1720/1242 443/1243 441/1198
f 1720/1242 1719/1241 442/1199 444/1244
f 1720/1242 1717/1239 413/1158 443/1243
f 1717/1239 1720/1242 444/1244 414/1159
f 1721/1245 1722/1246 407/1120 409/1110
f 1722/1246 1721/1245 410/1111 408/1121
f 1722/1246 1723/1247 437/1205 407/1120
f 1723/1247 1722/1246 408/1121 438/1206
f 1723/1247 1724/1248 439/1195 437/1205
f 1724/1248 1723/1247 438/1206 440/1196
f 1724/1248 1721/1245 409/1110 439/1195
f 1721/1245 1724/1248 440/1196 410/1111
f 1725/1249 1726/1250 403/1128 405/1118
f 1726/1250 1725/1249 406/1118 404/1129
f 1726/1250 1727/1251 433/1213 403/1128
f 1727/1251 1726/1250 404/1129 434/1214
f 1727/1251 1728/1252 435/1203 433/1213
f 1728/1252 1727/1251 434/1214 436/1203
f 1728/1252 1725/1249 405/1118 435/1203
f 1725/1249 1728/1252 436/1203 406/1118
f 1729/1253 1730/1254 399/1136 401/1125
f 1730/1254 1729/1253 402/1126 400/1137
f 1730/1254 1731/1255 429/1221 399/1136
f 1731/1255 1730/1254 400/1137 430/1222
f 1731/1255 1732/1256 431/1210 429/1221
f 1732/1256 1731/1255 430/1222 432/1211
f 1732/1256 1729/1253 401/1125 431/1210
f 1729/1253 1732/1256 432/1211 402/1126
f 1733/1257 1734/1258 395/1144 397/1133
f 1734/1258 1733/1257 398/1134 396/1145
f 1734/1258 1735/1259 425/1229 395/1144
f 1735/1259 1734/1258 396/1145 426/1230
f 1735/1259 1736/1260 427/1218 425/1229
f 1736/1260 1735/1259 426/1230 428/1219
f 1736/1260 1733/1257 397/1133 427/1218
f 1733/1257 1736/1260 428/1219 398/1134
f 1737/1261 1738/1262 417/1152 419/1180
f 1738/1262 1737/1261 420/1181 418/1153
f 1738/1262 1739/1263 447/1237 417/1152
f 1739/1263 1738/1262 418/1153 448/1238
f 1739/1263 1740/1264 449/1265 447/1237
f 1740/1264 1739/1263 448/1238 450/1266
f 1740/1264 1737/1261 419/1180 449/1265
f 1737/1261 1740/1264 450/1266 420/1181
f 1741/1267 1742/1268 391/1185 393/1141
f 1742/1268 1741/1267 394/1142 392/1186
f 1742/1268 1743/1269 421/1270 391/1185
f 1743/1269 1742/1268 392/1186 422/1271
f 1743/1269 1744/1272 423/1226 421/1270
f 1744/1272 1743/1269 422/1271 424/1227
f 1744/1272 1741/1267 393/1141 423/1226
f 1741/1267 1744/1272 424/1227 394/1142
f 1745/1273 1746/1274 413/1158 415/1149
f 1746/1274 1745/1273 416/1150 414/1159
f 1746/1274 1747/1275 443/1243 413/1158
f 1747/1275 1746/1274 414/1159 444/1244
f 1747/1275 1748/1276 445/1234 443/1243
f 1748/1276 1747/1275 444/1244 446/1235
f 1748/1276 1745/1273 415/1149 445/1234
f 1745/1273 1748/1276 446/1235 416/1150
f 1749/1277 1750/1278 439/1195 441/1198
f 1750/1278 1749/1277 442/1199 440/1196
f 1750/1278 1751/1279 469/1280 439/1195
f 1751/1279 1750/1278 440/1196 470/1281
f 1751/1279 1752/1282 471/1283 469/1280
f 1752/1282 1751/1279 470/1281 472/1284
f 1752/1282 1749/1277 441/1198 471/1283
f 1749/1277 1752/1282 472/1284 442/1199
f 1753/1285 1754/1286 435/1203 437/1205
f 1754/1286 1753/1285 438/1206 436/1203
f 1754/1286 1755/1287 465/1288 435/1203
f 1755/1287 1754/1286 436/1203 466/1289
f 1755/1287 1756/1290 467/1291 465/1288
f 1756/1290 1755/1287 466/1289 468/1292
f 1756/1290 1753/1285 437/1205 467/1291
f 1753/1285 1756/1290 468/1292 438/1206
f 1757/1293 1758/1294 431/1210 433/1213
f 1758/1294 1757/1293 434/1214 432/1211
f 1758/1294 1759/1295 461/1296 431/1210
f 1759/1295 1758/1294 432/1211 462/1297
f 1759/1295 1760/1298 463/1299 461/1296
f 1760/1298 1759/1295 462/1297 464/1300
f 1760/1298 1757/1293 433/1213 463/1299
f 1757/1293 1760/1298 464/1300 434/1214
f 1761/1301 1762/1302 427/1218 429/1221
f 1762/1302 1761/1301 430/1222 428/1219
f 1762/1302 1763/1303 457/1304 427/1218
f 1763/1303 1762/1302 428/1219 458/1305
f 1763/1303 1764/1306 459/1307 457/1304
f 1764/1306 1763/1303 458/1305 460/1308
f 1764/1306 1761/1301 429/1221 459/1307
f 1761/1301 1764/1306 460/1308 430/1222
f 1765/1309 1766/1310 423/1226 425/1229
f 1766/1310 1765/1309 426/1230 424/1227
f 1766/1310 1767/1311 453/1312 423/1226
f 1767/1311 1766/1310 424/1227 454/1313
f 1767/1311 1768/1314 455/1315 453/1312
f 1768/1314 1767/1311 454/1313 456/1316
f 1768/1314 1765/1309 425/1229 455/1315
f 1765/1309 1768/1314 456/1316 426/1230
f 1769/1317 1770/1318 445/1234 447/1237
f 1770/1318 1769/1317 448/1238 446/1235
f 1770/1318 1771/1319 475/1320 445/1234
f 1771/1319 1770/1318 446/1235 476/1321
f 1771/1319 1772/1322 477/1323 475/1320
f 1772/1322 1771/1319 476/1321 478/1324
f 1772/1322 1769/1317 447/1237 477/1323
f 1769/1317 1772/1322 478/1324 448/1238
f 1773/1325 1774/1326 441/1198 443/1243
f 1774/1326 1773/1325 444/1244 442/1199
f 1774/1326 1775/1327 471/1283 441/1198
f 1775/1327 1774/1326 442/1199 472/1284
f 1775/1327 1776/1328 473/1329 471/1283
f 1776/1328 1775/1327 472/1284 474/1330
f 1776/1328 1773/1325 443/1243 473/1329
f 1773/1325 1776/1328 474/1330 444/1244
f 1777/1331 1778/1332 437/1205 439/1195
f 1778/1332 1777/1331 440/1196 438/1206
f 1778/1332 1779/1333 467/1291 437/1205
f 1779/1333 1778/1332 438/1206 468/1292
f 1779/1333 1780/1334 469/1280 467/1291
f 1780/1334 1779/1333 468/1292 470/1281
f 1780/1334 1777/1331 439/1195 469/1280
f 1777/1331 1780/1334 470/1281 440/1196
f 1781/1335 1782/1336 433/1213 435/1203
f 1782/1336 1781/1335 436/1203 434/1214
f 1782/1336 1783/1337 463/1299 433/1213
f 1783/1337 1782/1336 434/1214 464/1300
f 1783/1337 1784/1338 465/1288 463/1299
f 1784/1338 1783/1337 464/1300 466/1289
f 1784/1338 1781/1335 435/1203 465/1288
f 1781/1335 1784/1338 466/1289 436/1203
f 1785/1339 1786/1340 429/1221 431/1210
f 1786/1340 1785/1339 432/1211 430/1222
f 1786/1340 1787/1341 459/1307 429/1221
f 1787/1341 1786/1340 430/1222 460/1308
f 1787/1341 1788/1342 461/1296 459/1307
f 1788/1342 1787/1341 460/1308 462/1297
f 1788/1342 1785/1339 431/1210 461/1296
f 1785/1339 1788/1342 462/1297 432/1211
f 1789/1343 1790/1344 425/1229 427/1218
f 1790/1344 1789/1343 428/1219 426/1230
f 1790/1344 1791/1345 455/1315 425/1229
f 1791/1345 1790/1344 426/1230 456/1316
f 1791/1345 1792/1346 457/1304 455/1315
f 1792/1346 1791/1345 456/1316 458/1305
f 1792/1346 1789/1343 427/1218 457/1304
f 1789/1343 1792/1346 458/1305 428/1219
f 1793/1347 1794/1348 447/1237 449/1265
f 1794/1348 1793/1347 450/1266 448/1238
f 1794/1348 1795/1349 477/1323 447/1237
f 1795/1349 1794/1348 448/1238 478/1324
f 1795/1349 1796/1350 479/1351 477/1323
f 1796/1350 1795/1349 478/1324 480/1352
f 1796/1350 1793/1347 449/1265 479/1351
f 1793/1347 1796/1350 480/1352 450/1266
f 1797/1353 1798/1354 421/1270 423/1226
f 1798/1354 1797/1353 424/1227 422/1271
f 1798/1354 1799/1355 451/1356 421/1270
f 1799/1355 1798/1354 422/1271 452/1357
f 1799/1355 1800/1358 453/1312 451/1356
f 1800/1358 1799/1355 452/1357 454/1313
f 1800/1358 1797/1353 423/1226 453/1312
f 1797/1353 1800/1358 454/1313 424/1227
f 1801/1359 1802/1360 443/1243 445/1234
f 1802/1360 1801/1359 446/1235 444/1244
f 1802/1360 1803/1361 473/1329 443/1243
f 1803/1361 1802/1360 444/1244 474/1330
f 1803/1361 1804/1362 475/1320 473/1329
f 1804/1362 1803/1361 474/1330 476/1321
f 1804/1362 1801/1359 445/1234 475/1320
f 1801/1359 1804/1362 476/1321 446/1235
f 1805/1363 1806/1364 469/1280 471/1283
f 1806/1364 1805/1363 472/1284 470/1281
f 1806/1364 1807/1365 499/1366 469/1280
f 1807/1365 1806/1364 470/1281 500/1367
f 1807/1365 1808/1368 501/1369 499/1366
f 1808/1368 1807/1365 500/1367 502/1370
f 1808/1368 1805/1363 471/1283 501/1369
f 1805/1363 1808/1368 502/1370 472/1284
f 1809/1371 1810/1372 465/1288 467/1291
f 1810/1372 1809/1371 468/1292 466/1289
f 1810/1372 1811/1373 495/1374 465/1288
f 1811/1373 1810/1372 466/1289 496/1374
f 1811/1373 1812/1375 497/1376 495/1374
f 1812/1375 1811/1373 496/1374 498/1377
f 1812/1375 1809/1371 467/1291 497/1376
f 1809/1371 1812/1375 498/1377 468/1292
f 1813/1378 1814/1379 461/1296 463/1299
f 1814/1379 1813/1378 464/1300 462/1297
f 1814/1379 1815/1380 491/1381 461/1296
f 1815/1380 1814/1379 462/1297 492/1382
f 1815/1380 1816/1383 493/1384 491/1381
f 1816/1383 1815/1380 492/1382 494/1385
f 1816/1383 1813/1378 463/1299 493/1384
f 1813/1378 1816/1383 494/1385 464/1300
f 1817/1386 1818/1387 457/1304 459/1307
f 1818/1387 1817/1386 460/1308 458/1305
f 1818/1387 1819/1388 487/1389 457/1304
f 1819/1388 1818/1387 458/1305 488/1390
f 1819/1388 1820/1391 489/1392 487/1389
f 1820/1391 1819/1388 488/1390 490/1393
f 1820/1391 1817/1386 459/1307 489/1392
f 1817/1386 1820/1391 490/1393 460/1308
f 1821/1394 1822/1395 453/1312 455/1315
f 1822/1395 1821/1394 456/1316 454/1313
f 1822/1395 1823/1396 483/1397 453/1312
f 1823/1396 1822/1395 454/1313 484/1398
f 1823/1396 1824/1399 485/1400 483/1397
f 1824/1399 1823/1396 484/1398 486/1401
f 1824/1399 1821/1394 455/1315 485/1400
f 1821/1394 1824/1399 486/1401 456/1316
f 1825/1402 1826/1403 475/1320 477/1323
f 1826/1403 1825/1402 478/1324 476/1321
f 1826/1403 1827/1404 505/1405 475/1320
f 1827/1404 1826/1403 476/1321 506/1406
f 1827/1404 1828/1407 507/1408 505/1405
f 1828/1407 1827/1404 506/1406 508/1409
f 1828/1407 1825/1402 477/1323 507/1408
f 1825/1402 1828/1407 508/1409 478/1324
f 1829/1410 1830/1411 471/1283 473/1329
f 1830/1411 1829/1410 474/1330 472/1284
f 1830/1411 1831/1412 501/1369 471/1283
f 1831/1412 1830/1411 472/1284 502/1370
f 1831/1412 1832/1413 503/1414 501/1369
f 1832/1413 1831/1412 502/1370 504/1415
f 1832/1413 1829/1410 473/1329 503/1414
f 1829/1410 1832/1413 504/1415 474/1330
f 1833/1416 1834/1417 467/1291 469/1280
f 1834/1417 1833/1416 470/1281 468/1292
f 1834/1417 1835/1418 497/1376 467/1291
f 1835/1418 1834/1417 468/1292 498/1377
f 1835/1418 1836/1419 499/1366 497/1376
f 1836/1419 1835/1418 498/1377 500/1367
f 1836/1419 1833/1416 469/1280 499/1366
f 1833/1416 1836/1419 500/1367 470/1281
f 1837/1420 1838/1421 463/1299 465/1288
f 1838/1421 1837/1420 466/1289 464/1300
f 1838/1421 1839/1422 493/1384 463/1299
f 1839/1422 1838/1421 464/1300 494/1385
f 1839/1422 1840/1423 495/1374 493/1384
f 1840/1423 1839/1422 494/1385 496/1374
f 1840/1423 1837/1420 465/1288 495/1374
f 1837/1420 1840/1423 496/1374 466/1289
f 1841/1424 1842/1425 459/1307 461/1296
f 1842/1425 1841/1424 462/1297 460/1308
f 1842/1425 1843/1426 489/1392 459/1307
f 1843/1426 1842/1425 460/1308 490/1393
f 1843/1426 1844/1427 491/1381 489/1392
f 1844/1427 1843/1426 490/1393 492/1382
f 1844/1427 1841/1424 461/1296 491/1381
f 1841/1424 1844/1427 492/1382 462/1297
f 1845/1428 1846/1429 455/1315 457/1304
f 1846/1429 1845/1428 458/1305 456/1316
f 1846/1429 1847/1430 485/1400 455/1315
f 1847/1430 1846/1429 456/1316 486/1401
f 1847/1430 1848/1431 487/1389 485/1400
f 1848/1431 1847/1430 486/1401 488/1390
f 1848/1431 1845/1428 457/1304 487/1389
f 1845/1428 1848/1431 488/1390 458/1305
f 1849/1432 1850/1433 477/1323 479/1351
f 1850/1433 1849/1432 480/1352 478/1324
f 1850/1433 1851/1434 507/1408 477/1323
f 1851/1434 1850/1433 478/1324 508/1409
f 1851/1434 1852/1435 509/1436 507/1408
f 1852/1435 1851/1434 508/1409 510/1437
f 1852/1435 1849/1432 479/1351 509/1436
f 1849/1432 1852/1435 510/1437 480/1352
f 1853/1438 1854/1439 451/1356 453/1312
f 1854/1439 1853/1438 454/1313 452/1357
f 1854/1439 1855/1440 481/1441 451/1356
f 1855/1440 1854/1439 452/1357 482/1442
f 1855/1440 1856/1443 483/1397 481/1441
f 1856/1443 1855/1440 482/1442 484/1398
f 1856/1443 1853/1438 453/1312 483/1397
f 1853/1438 1856/1443 484/1398 454/1313
f 1857/1444 1858/1445 473/1329 475/1320
f 1858/1445 1857/1444 476/1321 474/1330
f 1858/1445 1859/1446 503/1414 473/1329
f 1859/1446 1858/1445 474/1330 504/1415
f 1859/1446 1860/1447 505/1405 503/1414
f 1860/1447 1859/1446 504/1415 506/1406
f 1860/1447 1857/1444 475/1320 505/1405
f 1857/1444 1860/1447 506/1406 476/1321
f 1861/1448 1862/1449 499/1366 501/1369
f 1862/1449 1861/1448 502/1370 500/1367
f 1862/1449 1863/1450 529/1451 499/1366
f 1863/1450 1862/1449 500/1367 530/1452
f 1863/1450 1864/1453 531/1454 529/1451
f 1864/1453 1863/1450 530/1452 532/1455
f 1864/1453 1861/1448 501/1369 531/1454
f 1861/1448 1864/1453 532/1455 502/1370
f 1865/1456 1866/1457 495/1374 497/1376
f 1866/1457 1865/1456 498/1377 496/1374
f 1866/1457 1867/1458 525/1459 495/1374
f 1867/1458 1866/1457 496/1374 526/1459
f 1867/1458 1868/1460 527/1461 525/1459
f 1868/1460 1867/1458 526/1459 528/1462
f 1868/1460 1865/1456 497/1376 527/1461
f 1865/1456 1868/1460 528/1462 498/1377
f 1869/1463 1870/1464 491/1381 493/1384
f 1870/1464 1869/1463 494/1385 492/1382
f 1870/1464 1871/1465 521/1466 491/1381
f 1871/1465 1870/1464 492/1382 522/1467
f 1871/1465 1872/1468 523/1469 521/1466
f 1872/1468 1871/1465 522/1467 524/1470
f 1872/1468 1869/1463 493/1384 523/1469
f 1869/1463 1872/1468 524/1470 494/1385
f 1873/1471 1874/1472 487/1389 489/1392
f 1874/1472 1873/1471 490/1393 488/1390
f 1874/1472 1875/1473 517/1474 487/1389
f 1875/1473 1874/1472 488/1390 518/1475
f 1875/1473 1876/1476 519/1477 517/1474
f 1876/1476 1875/1473 518/1475 520/1478
f 1876/1476 1873/1471 489/1392 519/1477
f 1873/1471 1876/1476 520/1478 490/1393
f 1877/1479 1878/1480 483/1397 485/1400
f 1878/1480 1877/1479 486/1401 484/1398
f 1878/1480 1879/1481 513/1482 483/1397
f 1879/1481 1878/1480 484/1398 514/1483
f 1879/1481 1880/1484 515/1485 513/1482
f 1880/1484 1879/1481 514/1483 516/1486
f 1880/1484 1877/1479 485/1400 515/1485
f 1877/1479 1880/1484 516/1486 486/1401
f 1881/1487 1882/1488 505/1405 507/1408
f 1882/1488 1881/1487 508/1409 506/1406
f 1882/1488 1883/1489 535/1490 505/1405
f 1883/1489 1882/1488 506/1406 536/1491
f 1883/1489 1884/1492 537/1493 535/1490
f 1884/1492 1883/1489 536/1491 538/1494
f 1884/1492 1881/1487 507/1408 537/1493
f 1881/1487 1884/1492 538/1494 508/1409
f 1885/1495 1886/1496 501/1369 503/1414
f 1886/1496 1885/1495 504/1415 502/1370
f 1886/1496 1887/1497 531/1454 501/1369
f 1887/1497 1886/1496 502/1370 532/1455
f 1887/1497 1888/1498 533/1499 531/1454
f 1888/1498 1887/1497 532/1455 534/1500
f 1888/1498 1885/1495 503/1414 533/1499
f 1885/1495 1888/1498 534/1500 504/1415
f 1889/1501 1890/1502 497/1376 499/1366
f 1890/1502 1889/1501 500/1367 498/1377
f 1890/1502 1891/1503 527/1461 497/1376
f 1891/1503 1890/1502 498/1377 528/1462
f 1891/1503 1892/1504 529/1451 527/1461
f 1892/1504 1891/1503 528/1462 530/1452
f 1892/1504 1889/1501 499/1366 529/1451
f 1889/1501 1892/1504 530/1452 500/1367
f 1893/1505 1894/1506 493/1384 495/1374
f 1894/1506 1893/1505 496/1374 494/1385
f 1894/1506 1895/1507 523/1469 493/1384
f 1895/1507 1894/1506 494/1385 524/1470
f 1895/1507 1896/1508 525/1459 523/1469
f 1896/1508 1895/1507 524/1470 526/1459
f 1896/1508 1893/1505 495/1374 525/1459
f 1893/1505 1896/1508 526/1459 496/1374
f 1897/1509 1898/1510 489/1392 491/1381
f 1898/1510 1897/1509 492/1382 490/1393
f 1898/1510 1899/1511 519/1477 489/1392
f 1899/1511 1898/1510 490/1393 520/1478
f 1899/1511 1900/1512 521/1466 519/1477
f 1900/1512 1899/1511 520/1478 522/1467
f 1900/1512 1897/1509 491/1381 521/1466
f 1897/1509 1900/1512 522/1467 492/1382
f 1901/1513 1902/1514 485/1400 487/1389
f 1902/1514 1901/1513 488/1390 486/1401
f 1902/1514 1903/1515 515/1485 485/1400
f 1903/1515 1902/1514 486/1401 516/1486
f 1903/1515 1904/1516 517/1474 515/1485
f 1904/1516 1903/1515 516/1486 518/1475
f 1904/1516 1901/1513 487/1389 517/1474
f 1901/1513 1904/1516 518/1475 488/1390
f 1905/1517 1906/1518 507/1408 509/1436
f 1906/1518 1905/1517 510/1437 508/1409
f 1906/1518 1907/1519 537/1493 507/1408
f 1907/1519 1906/1518 508/1409 538/1494
f 1907/1519 1908/1520 539/1521 537/1493
f 1908/1520 1907/1519 538/1494 540/1522
f 1908/1520 1905/1517 509/1436 539/1521
f 1905/1517 1908/1520 540/1522 510/1437
f 1909/1523 1910/1524 481/1441 483/1397
f 1910/1524 1909/1523 484/1398 482/1442
f 1910/1524 1911/1525 511/1526 481/1441
f 1911/1525 1910/1524 482/1442 512/1527
f 1911/1525 1912/1528 513/1482 511/1526
f 1912/1528 1911/1525 512/1527 514/1483
f 1912/1528 1909/1523 483/1397 513/1482
f 1909/1523 1912/1528 514/1483 484/1398
f 1913/1529 1914/1530 503/1414 505/1405
f 1914/1530 1913/1529 506/1406 504/1415
f 1914/1530 1915/1531 533/1499 503/1414
f 1915/1531 1914/1530 504/1415 534/1500
f 1915/1531 1916/1532 535/1490 533/1499
f 1916/1532 1915/1531 534/1500 536/1491
f 1916/1532 1913/1529 505/1405 535/1490
f 1913/1529 1916/1532 536/1491 506/1406
f 1917/1533 1918/1534 529/1451 531/1454
f 1918/1534 1917/1533 532/1455 530/1452
f 1918/1534 1919/1535 559/1536 529/1451
f 1919/1535 1918/1534 530/1452 560/1537
f 1919/1535 1920/1538 561/1539 559/1536
f 1920/1538 1919/1535 560/1537 562/1540
f 1920/1538 1917/1533 531/1454 561/1539
f 1917/1533 1920/1538 562/1540 532/1455
f 1921/1541 1922/1542 525/1459 527/1461
f 1922/1542 1921/1541 528/1462 526/1459
f 1922/1542 1923/1543 555/1544 525/1459
f 1923/1543 1922/1542 526/1459 556/1544
f 1923/1543 1924/1545 557/1546 555/1544
f 1924/1545 1923/1543 556/1544 558/1547
f 1924/1545 1921/1541 527/1461 557/1546
f 1921/1541 1924/1545 558/1547 528/1462
f 1925/1548 1926/1549 521/1466 523/1469
f 1926/1549 1925/1548 524/1470 522/1467
f 1926/1549 1927/1550 551/1551 521/1466
f 1927/1550 1926/1549 522/1467 552/1552
f 1927/1550 1928/1553 553/1554 551/1551
f 1928/1553 1927/1550 552/1552 554/1555
f 1928/1553 1925/1548 523/1469 553/1554
f 1925/1548 1928/1553 554/1555 524/1470
f 1929/1556 1930/1557 517/1474 519/1477
f 1930/1557 1929/1556 520/1478 518/1475
f 1930/1557 1931/1558 547/1559 517/1474
f 1931/1558 1930/1557 518/1475 548/1560
f 1931/1558 1932/1561 549/1562 547/1559
f 1932/1561 1931/1558 548/1560 550/1563
f 1932/1561 1929/1556 519/1477 549/1562
f 1929/1556 1932/1561 550/1563 520/1478
f 1933/1564 1934/1565 513/1482 515/1485
f 1934/1565 1933/1564 516/1486 514/1483
f 1934/1565 1935/1566 543/1567 513/1482
f 1935/1566 1934/1565 514/1483 544/1568
f 1935/1566 1936/1569 545/1570 543/1567
f 1936/1569 1935/1566 544/1568 546/1571
f 1936/1569 1933/1564 515/1485 545/1570
f 1933/1564 1936/1569 546/1571 516/1486
f 1937/1572 1938/1573 535/1490 537/1493
f 1938/1573 1937/1572 538/1494 536/1491
f 1938/1573 1939/1574 565/1575 535/1490
f 1939/1574 1938/1573 536/1491 566/1576
f 1939/1574 1940/1577 567/1578 565/1575
f 1940/1577 1939/1574 566/1576 568/1579
f 1940/1577 1937/1572 537/1493 567/1578
f 1937/1572 1940/1577 568/1579 538/1494
f 1941/1580 1942/1581 531/1454 533/1499
f 1942/1581 1941/1580 534/1500 532/1455
f 1942/1581 1943/1582 561/1539 531/1454
f 1943/1582 1942/1581 532/1455 562/1540
f 1943/1582 1944/1583 563/1584 561/1539
f 1944/1583 1943/1582 562/1540 564/1585
f 1944/1583 1941/1580 533/1499 563/1584
f 1941/1580 1944/1583 564/1585 534/1500
f 1945/1586 1946/1587 527/1461 529/1451
f 1946/1587 1945/1586 530/1452 528/1462
f 1946/1587 1947/1588 557/1546 527/1461
f 1947/1588 1946/1587 528/1462 558/1547
f 1947/1588 1948/1589 559/1536 557/1546
f 1948/1589 1947/1588 558/1547 560/1537
f 1948/1589 1945/1586 529/1451 559/1536
f 1945/1586 1948/1589 560/1537 530/1452
f 1949/1590 1950/1591 523/1469 525/1459
f 1950/1591 1949/1590 526/1459 524/1470
f 1950/1591 1951/1592 553/1554 523/1469
f 1951/1592 1950/1591 524/1470 554/1555
f 1951/1592 1952/1593 555/1544 553/1554
f 1952/1593 1951/1592 554/1555 556/1544
f 1952/1593 1949/1590 525/1459 555/1544
f 1949/1590 1952/1593 556/1544 526/1459
f 1953/1594 1954/1595 519/1477 521/1466
f 1954/1595 1953/1594 522/1467 520/1478
f 1954/1595 1955/1596 549/1562 519/1477
f 1955/1596 1954/1595 520/1478 550/1563
f 1955/1596 1956/1597 551/1551 549/1562
f 1956/1597 1955/1596 550/1563 552/1552
f 1956/1597 1953/1594 521/1466 551/1551
f 1953/1594 1956/1597 552/1552 522/1467
f 1957/1598 1958/1599 515/1485 517/1474
f 1958/1599 1957/1598 518/1475 516/1486
f 1958/1599 1959/1600 545/1570 515/1485
f 1959/1600 1958/1599 516/1486 546/1571
f 1959/1600 1960/1601 547/1559 545/1570
f 1960/1601 1959/1600 546/1571 548/1560
f 1960/1601 1957/1598 517/1474 547/1559
f 1957/1598 1960/1601 548/1560 518/1475
f 1961/1602 1962/1603 537/1493 539/1521
f 1962/1603 1961/1602 540/1522 538/1494
f 1962/1603 1963/1604 567/1578 537/1493
f 1963/1604 1962/1603 538/1494 568/1579
f 1963/1604 1964/1605 569/1606 567/1578
f 1964/1605 1963/1604 568/1579 570/1607
f 1964/1605 1961/1602 539/1521 569/1606
f 1961/1602 1964/1605 570/1607 540/1522
f 1965/1608 1966/1609 511/1526 513/1482
f 1966/1609 1965/1608 514/1483 512/1527
f 1966/1609 1967/1610 541/1611 511/1526
f 1967/1610 1966/1609 512/1527 542/1612
f 1967/1610 1968/1613 543/1567 541/1611
f 1968/1613 1967/1610 542/1612 544/1568
f 1968/1613 1965/1608 513/1482 543/1567
f 1965/1608 1968/1613 544/1568 514/1483
f 1969/1614 1970/1615 533/1499 535/1490
f 1970/1615 1969/1614 536/1491 534/1500
f 1970/1615 1971/1616 563/1584 533/1499
f 1971/1616 1970/1615 534/1500 564/1585
f 1971/1616 1972/1617 565/1575 563/1584
f 1972/1617 1971/1616 564/1585 566/1576
f 1972/1617 1969/1614 535/1490 565/1575
f 1969/1614 1972/1617 566/1576 536/1491
f 1973/1618 1974/1619 559/1536 561/1539
f 1974/1619 1973/1618 562/1540 560/1537
f 1974/1619 1975/1620 589/1621 559/1536
f 1975/1620 1974/1619 560/1537 590/1622
f 1975/1620 1976/1623 591/1624 589/1621
f 1976/1623 1975/1620 590/1622 592/1625
f 1976/1623 1973/1618 561/1539 591/1624
f 1973/1618 1976/1623 592/1625 562/1540
f 1977/1626 1978/1627 555/1544 557/1546
f 1978/1627 1977/1626 558/1547 556/1544
f 1978/1627 1979/1628 585/1629 555/1544
f 1979/1628 1978/1627 556/1544 586/1629
f 1979/1628 1980/1630 587/1631 585/1629
f 1980/1630 1979/1628 586/1629 588/1632
f 1980/1630 1977/1626 557/1546 587/1631
f 1977/1626 1980/1630 588/1632 558/1547
f 1981/1633 1982/1634 551/1551 553/1554
f 1982/1634 1981/1633 554/1555 552/1552
f 1982/1634 1983/1635 581/1636 551/1551
f 1983/1635 1982/1634 552/1552 582/1637
f 1983/1635 1984/1638 583/1639 581/1636
f 1984/1638 1983/1635 582/1637 584/1640
f 1984/1638 1981/1633 553/1554 583/1639
f 1981/1633 1984/1638 584/1640 554/1555
f 1985/1641 1986/1642 547/1559 549/1562
f 1986/1642 1985/1641 550/1563 548/1560
f 1986/1642 1987/1643 577/1644 547/1559
f 1987/1643 1986/1642 548/1560 578/1645
f 1987/1643 1988/1646 579/1647 577/1644
f 1988/1646 1987/1643 578/1645 580/1648
f 1988/1646 1985/1641 549/1562 579/1647
f 1985/1641 1988/1646 580/1648 550/1563
f 1989/1649 1990/1650 543/1567 545/1570
f 1990/1650 1989/1649 546/1571 544/1568
f 1990/1650 1991/1651 573/1652 543/1567
f 1991/1651 1990/1650 544/1568 574/1653
f 1991/1651 1992/1654 575/1655 573/1652
f 1992/1654 1991/1651 574/1653 576/1656
f 1992/1654 1989/1649 545/1570 575/1655
f 1989/1649 1992/1654 576/1656 546/1571
f 1993/1657 1994/1658 565/1575 567/1578
f 1994/1658 1993/1657 568/1579 566/1576
f 1994/1658 1995/1659 595/1660 565/1575
f 1995/1659 1994/1658 566/1576 596/1661
f 1995/1659 1996/1662 597/1663 595/1660
f 1996/1662 1995/1659 596/1661 598/1664
f 1996/1662 1993/1657 567/1578 597/1663
f 1993/1657 1996/1662 598/1664 568/1579
f 1997/1665 1998/1666 561/1539 563/1584
f 1998/1666 1997/1665 564/1585 562/1540
f 1998/1666 1999/1667 591/1624 561/1539
f 1999/1667 1998/1666 562/1540 592/1625
f 1999/1667 2000/1668 593/1669 591/1624
f 2000/1668 1999/1667 592/1625 594/1670
f 2000/1668 1997/1665 563/1584 593/1669
f 1997/1665 2000/1668 594/1670 564/1585
f 2001/1671 2002/1672 557/1546 559/1536
f 2002/1672 2001/1671 560/1537 558/1547
f 2002/1672 2003/1673 587/1631 557/1546
f 2003/1673 2002/1672 558/1547 588/1632
f 2003/1673 2004/1674 589/1621 587/1631
f 2004/1674 2003/1673 588/1632 590/1622
f 2004/1674 2001/1671 559/1536 589/1621
f 2001/1671 2004/1674 590/1622 560/1537
f 2005/1675 2006/1676 553/1554 555/1544
f 2006/1676 2005/1675 556/1544 554/1555
f 2006/1676 2007/1677 583/1639 553/1554
f 2007/1677 2006/1676 554/1555 584/1640
f 2007/1677 2008/1678 585/1629 583/1639
f 2008/1678 2007/1677 584/1640 586/1629
f 2008/1678 2005/1675 555/1544 585/1629
f 2005/1675 2008/1678 586/1629 556/1544
f 2009/1679 2010/1680 549/1562 551/1551
f 2010/1680 2009/1679 552/1552 550/1563
f 2010/1680 2011/1681 579/1647 549/1562
f 2011/1681 2010/1680 550/1563 580/1648
f 2011/1681 2012/1682 581/1636 579/1647
f 2012/1682 2011/1681 580/1648 582/1637
f 2012/1682 2009/1679 551/1551 581/1636
f 2009/1679 2012/1682 582/1637 552/1552
f 2013/1683 2014/1684 545/1570 547/1559
f 2014/1684 2013/1683 548/1560 546/1571
f 2014/1684 2015/1685 575/1655 545/1570
f 2015/1685 2014/1684 546/1571 576/1656
f 2015/1685 2016/1686 577/1644 575/1655
f 2016/1686 2015/1685 576/1656 578/1645
f 2016/1686 2013/1683 547/1559 577/1644
f 2013/1683 2016/1686 578/1645 548/1560
f 2017/1687 2018/1688 567/1578 569/1606
f 2018/1688 2017/1687 570/1607 568/1579
f 2018/1688 2019/1689 597/1663 567/1578
f 2019/1689 2018/1688 568/1579 598/1664
f 2019/1689 2020/1690 599/1691 597/1663
f 2020/1690 2019/1689 598/1664 600/1692
f 2020/1690 2017/1687 569/1606 599/1691
f 2017/1687 2020/1690 600/1692 570/1607
f 2021/1693 2022/1694 541/1611 543/1567
f 2022/1694 2021/1693 544/1568 542/1612
f 2022/1694 2023/1695 571/1696 541/1611
f 2023/1695 2022/1694 542/1612 572/1697
f 2023/1695 2024/1698 573/1652 571/1696
f 2024/1698 2023/1695 572/1697 574/1653
f 2024/1698 2021/1693 543/1567 573/1652
f 2021/1693 2024/1698 574/1653 544/1568
f 2025/1699 2026/1700 563/1584 565/1575
f 2026/1700 2025/1699 566/1576 564/1585
f 2026/1700 2027/1701 593/1669 563/1584
f 2027/1701 2026/1700 564/1585 594/1670
f 2027/1701 2028/1702 595/1660 593/1669
f 2028/1702 2027/1701 594/1670 596/1661
f 2028/1702 2025/1699 565/1575 595/1660
f 2025/1699 2028/1702 596/1661 566/1576
f 2029/1703 2030/1704 589/1621 591/1624
f 2030/1704 2029/1703 592/1625 590/1622
f 2030/1704 2031/1705 619/1706 589/1621
f 2031/1705 2030/1704 590/1622 620/1707
f 2031/1705 2032/1708 621/1709 619/1706
f 2032/1708 2031/1705 620/1707 622/1710
f 2032/1708 2029/1703 591/1624 621/1709
f 2029/1703 2032/1708 622/1710 592/1625
f 2033/1711 2034/1712 585/1629 587/1631
f 2034/1712 2033/1711 588/1632 586/1629
f 2034/1712 2035/1713 615/1714 585/1629
f 2035/1713 2034/1712 586/1629 616/1714
f 2035/1713 2036/1715 617/1716 615/1714
f 2036/1715 2035/1713 616/1714 618/1717
f 2036/1715 2033/1711 587/1631 617/1716
f 2033/1711 2036/1715 618/1717 588/1632
f 2037/1718 2038/1719 581/1636 583/1639
f 2038/1719 2037/1718 584/1640 582/1637
f 2038/1719 2039/1720 611/1721 581/1636
f 2039/1720 2038/1719 582/1637 612/1722
f 2039/1720 2040/1723 613/1724 611/1721
f 2040/1723 2039/1720 612/1722 614/1725
f 2040/1723 2037/1718 583/1639 613/1724
f 2037/1718 2040/1723 614/1725 584/1640
f 2041/1726 2042/1727 577/1644 579/1647
f 2042/1727 2041/1726 580/1648 578/1645
f 2042/1727 2043/1728 607/1729 577/1644
f 2043/1728 2042/1727 578/1645 608/1730
f 2043/1728 2044/1731 609/1732 607/1729
f 2044/1731 2043/1728 608/1730 610/1733
f 2044/1731 2041/1726 579/1647 609/1732
f 2041/1726 2044/1731 610/1733 580/1648
f 2045/1734 2046/1735 573/1652 575/1655
f 2046/1735 2045/1734 576/1656 574/1653
f 2046/1735 2047/1736 603/1737 573/1652
f 2047/1736 2046/1735 574/1653 604/1738
f 2047/1736 2048/1739 605/1740 603/1737
f 2048/1739 2047/1736 604/1738 606/1741
f 2048/1739 2045/1734 575/1655 605/1740
f 2045/1734 2048/1739 606/1741 576/1656
f 2049/1742 2050/1743 595/1660 597/1663
f 2050/1743 2049/1742 598/1664 596/1661
f 2050/1743 2051/1744 625/1745 595/1660
f 2051/1744 2050/1743 596/1661 626/1746
f 2051/1744 2052/1747 627/1748 625/1745
f 2052/1747 2051/1744 626/1746 628/1749
f 2052/1747 2049/1742 597/1663 627/1748
f 2049/1742 2052/1747 628/1749 598/1664
f 2053/1750 2054/1751 591/1624 593/1669
f 2054/1751 2053/1750 594/1670 592/1625
f 2054/1751 2055/1752 621/1709 591/1624
f 2055/1752 2054/1751 592/1625 622/1710
f 2055/1752 2056/1753 623/1754 621/1709
f 2056/1753 2055/1752 622/1710 624/1755
f 2056/1753 2053/1750 593/1669 623/1754
f 2053/1750 2056/1753 624/1755 594/1670
f 2057/1756 2058/1757 587/1631 589/1621
f 2058/1757 2057/1756 590/1622 588/1632
f 2058/1757 2059/1758 617/1716 587/1631
f 2059/1758 2058/1757 588/1632 618/1717
f 2059/1758 2060/1759 619/1706 617/1716
f 2060/1759 2059/1758 618/1717 620/1707
f 2060/1759 2057/1756 589/1621 619/1706
f 2057/1756 2060/1759 620/1707 590/1622
f 2061/1760 2062/1761 583/1639 585/1629
f 2062/1761 2061/1760 586/1629 584/1640
f 2062/1761 2063/1762 613/1724 583/1639
f 2063/1762 2062/1761 584/1640 614/1725
f 2063/1762 2064/1763 615/1714 613/1724
f 2064/1763 2063/1762 614/1725 616/1714
f 2064/1763 2061/1760 585/1629 615/1714
f 2061/1760 2064/1763 616/1714 586/1629
f 2065/1764 2066/1765 579/1647 581/1636
f 2066/1765 2065/1764 582/1637 580/1648
f 2066/1765 2067/1766 609/1732 579/1647
f 2067/1766 2066/1765 580/1648 610/1733
f 2067/1766 2068/1767 611/1721 609/1732
f 2068/1767 2067/1766 610/1733 612/1722
f 2068/1767 2065/1764 581/1636 611/1721
f 2065/1764 2068/1767 612/1722 582/1637
f 2069/1768 2070/1769 575/1655 577/1644
f 2070/1769 2069/1768 578/1645 576/1656
f 2070/1769 2071/1770 605/1740 575/1655
f 2071/1770 2070/1769 576/1656 606/1741
f 2071/1770 2072/1771 607/1729 605/1740
f 2072/1771 2071/1770 606/1741 608/1730
f 2072/1771 2069/1768 577/1644 607/1729
f 2069/1768 2072/1771 608/1730 578/1645
f 2073/1772 2074/1773 597/1663 599/1691
f 2074/1773 2073/1772 600/1692 598/1664
f 2074/1773 2075/1774 627/1748 597/1663
f 2075/1774 2074/1773 598/1664 628/1749
f 2075/1774 2076/1775 629/1776 627/1748
f 2076/1775 2075/1774 628/1749 630/1777
f 2076/1775 2073/1772 599/1691 629/1776
f 2073/1772 2076/1775 630/1777 600/1692
f 2077/1778 2078/1779 571/1696 573/1652
f 2078/1779 2077/1778 574/1653 572/1697
f 2078/1779 2079/1780 601/1781 571/1696
f 2079/1780 2078/1779 572/1697 602/1782
f 2079/1780 2080/1783 603/1737 601/1781
f 2080/1783 2079/1780 602/1782 604/1738
f 2080/1783 2077/1778 573/1652 603/1737
f 2077/1778 2080/1783 604/1738 574/1653
f 2081/1784 2082/1785 593/1669 595/1660
f 2082/1785 2081/1784 596/1661 594/1670
f 2082/1785 2083/1786 623/1754 593/1669
f 2083/1786 2082/1785 594/1670 624/1755
f 2083/1786 2084/1787 625/1745 623/1754
f 2084/1787 2083/1786 624/1755 626/1746
f 2084/1787 2081/1784 595/1660 625/1745
f 2081/1784 2084/1787 626/1746 596/1661
f 2085/1788 2086/1789 619/1706 621/1709
f 2086/1789 2085/1788 622/1710 620/1707
f 2086/1789 2087/1790 649/1791 619/1706
f 2087/1790 2086/1789 620/1707 650/1792
f 2087/1790 2088/1793 651/1794 649/1791
f 2088/1793 2087/1790 650/1792 652/1795
f 2088/1793 2085/1788 621/1709 651/1794
f 2085/1788 2088/1793 652/1795 622/1710
f 2089/1796 2090/1797 615/1714 617/1716
f 2090/1797 2089/1796 618/1717 616/1714
f 2090/1797 2091/1798 645/1799 615/1714
f 2091/1798 2090/1797 616/1714 646/1799
f 2091/1798 2092/1800 647/1801 645/1799
f 2092/1800 2091/1798 646/1799 648/1802
f 2092/1800 2089/1796 617/1716 647/1801
f 2089/1796 2092/1800 648/1802 618/1717
f 2093/1803 2094/1804 611/1721 613/1724
f 2094/1804 2093/1803 614/1725 612/1722
f 2094/1804 2095/1805 641/1806 611/1721
f 2095/1805 2094/1804 612/1722 642/1807
f 2095/1805 2096/1808 643/1809 641/1806
f 2096/1808 2095/1805 642/1807 644/1810
f 2096/1808 2093/1803 613/1724 643/1809
f 2093/1803 2096/1808 644/1810 614/1725
f 2097/1811 2098/1812 607/1729 609/1732
f 2098/1812 2097/1811 610/1733 608/1730
f 2098/1812 2099/1813 637/1814 607/1729
f 2099/1813 2098/1812 608/1730 638/1815
f 2099/1813 2100/1816 639/1817 637/1814
f 2100/1816 2099/1813 638/1815 640/1818
f 2100/1816 2097/1811 609/1732 639/1817
f 2097/1811 2100/1816 640/1818 610/1733
f 2101/1819 2102/1820 603/1737 605/1740
f 2102/1820 2101/1819 606/1741 604/1738
f 2102/1820 2103/1821 633/1822 603/1737
f 2103/1821 2102/1820 604/1738 634/1823
f 2103/1821 2104/1824 635/1825 633/1822
f 2104/1824 2103/1821 634/1823 636/1826
f 2104/1824 2101/1819 605/1740 635/1825
f 2101/1819 2104/1824 636/1826 606/1741
f 2105/1827 2106/1828 625/1745 627/1748
f 2106/1828 2105/1827 628/1749 626/1746
f 2106/1828 2107/1829 655/1830 625/1745
f 2107/1829 2106/1828 626/1746 656/1831
f 2107/1829 2108/1832 657/1833 655/1830
f 2108/1832 2107/1829 656/1831 658/1834
f 2108/1832 2105/1827 627/1748 657/1833
f 2105/1827 2108/1832 658/1834 628/1749
f 2109/1835 2110/1836 621/1709 623/1754
f 2110/1836 2109/1835 624/1755 622/1710
f 2110/1836 2111/1837 651/1794 621/1709
f 2111/1837 2110/1836 622/1710 652/1795
f 2111/1837 2112/1838 653/1839 651/1794
f 2112/1838 2111/1837 652/1795 654/1840
f 2112/1838 2109/1835 623/1754 653/1839
f 2109/1835 2112/1838 654/1840 624/1755
f 2113/1841 2114/1842 617/1716 619/1706
f 2114/1842 2113/1841 620/1707 618/1717
f 2114/1842 2115/1843 647/1801 617/1716
f 2115/1843 2114/1842 618/1717 648/1802
f 2115/1843 2116/1844 649/1791 647/1801
f 2116/1844 2115/1843 648/1802 650/1792
f 2116/1844 2113/1841 619/1706 649/1791
f 2113/1841 2116/1844 650/1792 620/1707
f 2117/1845 2118/1846 613/1724 615/1714
f 2118/1846 2117/1845 616/1714 614/1725
f 2118/1846 2119/1847 643/1809 613/1724
f 2119/1847 2118/1846 614/1725 644/1810
f 2119/1847 2120/1848 645/1799 643/1809
f 2120/1848 2119/1847 644/1810 646/1799
f 2120/1848 2117/1845 615/1714 645/1799
f 2117/1845 2120/1848 646/1799 616/1714
f 2121/1849 2122/1850 609/1732 611/1721
f 2122/1850 2121/1849 612/1722 610/1733
f 2122/1850 2123/1851 639/1817 609/1732
f 2123/1851 2122/1850 610/1733 640/1818
f 2123/1851 2124/1852 641/1806 639/1817
f 2124/1852 2123/1851 640/1818 642/1807
f 2124/1852 2121/1849 611/1721 641/1806
f 2121/1849 2124/1852 642/1807 612/1722
f 2125/1853 2126/1854 605/1740 607/1729
f 2126/1854 2125/1853 608/1730 606/1741
f 2126/1854 2127/1855 635/1825 605/1740
f 2127/1855 2126/1854 606/1741 636/1826
f 2127/1855 2128/1856 637/1814 635/1825
f 2128/1856 2127/1855 636/1826 638/1815
f 2128/1856 2125/1853 607/1729 637/1814
f 2125/1853 2128/1856 638/1815 608/1730
f 2129/1857 2130/1858 627/1748 629/1776
f 2130/1858 2129/1857 630/1777 628/1749
f 2130/1858 2131/1859 657/1833 627/1748
f 2131/1859 2130/1858 628/1749 658/1834
f 2131/1859 2132/1860 659/1861 657/1833
f 2132/1860 2131/1859 658/1834 660/1862
f 2132/1860 2129/1857 629/1776 659/1861
f 2129/1857 2132/1860 660/1862 630/1777
f 2133/1863 2134/1864 601/1781 603/1737
f 2134/1864 2133/1863 604/1738 602/1782
f 2134/1864 2135/1865 631/1866 601/1781
f 2135/1865 2134/1864 602/1782 632/1867
f 2135/1865 2136/1868 633/1822 631/1866
f 2136/1868 2135/1865 632/1867 634/1823
f 2136/1868 2133/1863 603/1737 633/1822
f 2133/1863 2136/1868 634/1823 604/1738
f 2137/1869 2138/1870 623/1754 625/1745
f 2138/1870 2137/1869 626/1746 624/1755
f 2138/1870 2139/1871 653/1839 623/1754
f 2139/1871 2138/1870 624/1755 654/1840
f 2139/1871 2140/1872 655/1830 653/1839
f 2140/1872 2139/1871 654/1840 656/1831
f 2140/1872 2137/1869 625/1745 655/1830
f 2137/1869 2140/1872 656/1831 626/1746
f 2141/1873 2142/1874 649/1791 651/1794
f 2142/1874 2141/1873 652/1795 650/1792
f 2142/1874 2143/1875 681/1876 649/1791
f 2143/1875 2142/1874 650/1792 682/1877
f 2143/1875 2144/1878 683/1879 681/1876
f 2144/1878 2143/1875 682/1877 684/1880
f 2144/1878 2141/1873 651/1794 683/1879
f 2141/1873 2144/1878 684/1880 652/1795
f 2145/1881 2146/1882 645/1799 647/1801
f 2146/1882 2145/1881 648/1802 646/1799
f 2146/1882 2147/1883 677/1884 645/1799
f 2147/1883 2146/1882 646/1799 678/1884
f 2147/1883 2148/1885 679/1886 677/1884
f 2148/1885 2147/1883 678/1884 680/1887
f 2148/1885 2145/1881 647/1801 679/1886
f 2145/1881 2148/1885 680/1887 648/1802
f 2149/1888 2150/1889 641/1806 643/1809
f 2150/1889 2149/1888 644/1810 642/1807
f 2150/1889 2151/1890 673/1891 641/1806
f 2151/1890 2150/1889 642/1807 674/1892
f 2151/1890 2152/1893 675/1894 673/1891
f 2152/1893 2151/1890 674/1892 676/1895
f 2152/1893 2149/1888 643/1809 675/1894
f 2149/1888 2152/1893 676/1895 644/1810
f 2153/1896 2154/1897 637/1814 639/1817
f 2154/1897 2153/1896 640/1818 638/1815
f 2154/1897 2155/1898 669/1899 637/1814
f 2155/1898 2154/1897 638/1815 670/1900
f 2155/1898 2156/1901 671/1902 669/1899
f 2156/1901 2155/1898 670/1900 672/1903
f 2156/1901 2153/1896 639/1817 671/1902
f 2153/1896 2156/1901 672/1903 640/1818
f 2157/1904 2158/1905 633/1822 635/1825
f 2158/1905 2157/1904 636/1826 634/1823
f 2158/1905 2159/1906 665/1907 633/1822
f 2159/1906 2158/1905 634/1823 666/1908
f 2159/1906 2160/1909 667/1910 665/1907
f 2160/1909 2159/1906 666/1908 668/1911
f 2160/1909 2157/1904 635/1825 667/1910
f 2157/1904 2160/1909 668/1911 636/1826
f 2161/1912 2162/1913 655/1830 657/1833
f 2162/1913 2161/1912 658/1834 656/1831
f 2162/1913 2163/1914 687/1915 655/1830
f 2163/1914 2162/1913 656/1831 688/1916
f 2163/1914 2164/1917 689/1918 687/1915
f 2164/1917 2163/1914 688/1916 690/1919
f 2164/1917 2161/1912 657/1833 689/1918
f 2161/1912 2164/1917 690/1919 658/1834
f 2165/1920 2166/1921 651/1794 653/1839
f 2166/1921 2165/1920 654/1840 652/1795
f 2166/1921 2167/1922 683/1879 651/1794
f 2167/1922 2166/1921 652/1795 684/1880
f 2167/1922 2168/1923 685/1924 683/1879
f 2168/1923 2167/1922 684/1880 686/1925
f 2168/1923 2165/1920 653/1839 685/1924
f 2165/1920 2168/1923 686/1925 654/1840
f 2169/1926 2170/1927 647/1801 649/1791
f 2170/1927 2169/1926 650/1792 648/1802
f 2170/1927 2171/1928 679/1886 647/1801
f 2171/1928 2170/1927 648/1802 680/1887
f 2171/1928 2172/1929 681/1876 679/1886
f 2172/1929 2171/1928 680/1887 682/1877
f 2172/1929 2169/1926 649/1791 681/1876
f 2169/1926 2172/1929 682/1877 650/1792
f 2173/1930 2174/1931 643/1809 645/1799
f 2174/1931 2173/1930 646/1799 644/1810
f 2174/1931 2175/1932 675/1894 643/1809
f 2175/1932 2174/1931 644/1810 676/1895
f 2175/1932 2176/1933 677/1884 675/1894
f 2176/1933 2175/1932 676/1895 678/1884
f 2176/1933 2173/1930 645/1799 677/1884
f 2173/1930 2176/1933 678/1884 646/1799
f 2177/1934 2178/1935 639/1817 641/1806
f 2178/1935 2177/1934 642/1807 640/1818
f 2178/1935 2179/1936 671/1902 639/1817
f 2179/1936 2178/1935 640/1818 672/1903
f 2179/1936 2180/1937 673/1891 671/1902
f 2180/1937 2179/1936 672/1903 674/1892
f 2180/1937 2177/1934 641/1806 673/1891
f 2177/1934 2180/1937 674/1892 642/1807
f 2181/1938 2182/1939 635/1825 637/1814
f 2182/1939 2181/1938 638/1815 636/1826
f 2182/1939 2183/1940 667/1910 635/1825
f 2183/1940 2182/1939 636/1826 668/1911
f 2183/1940 2184/1941 669/1899 667/1910
f 2184/1941 2183/1940 668/1911 670/1900
f 2184/1941 2181/1938 637/1814 669/1899
f 2181/1938 2184/1941 670/1900 638/1815
f 2185/1942 2186/1943 657/1833 659/1861
f 2186/1943 2185/1942 660/1862 658/1834
f 2186/1943 2187/1944 689/1918 657/1833
f 2187/1944 2186/1943 658/1834 690/1919
f 2187/1944 2188/1945 691/1946 689/1918
f 2188/1945 2187/1944 690/1919 692/1947
f 2188/1945 2185/1942 659/1861 691/1946
f 2185/1942 2188/1945 692/1947 660/1862
f 2189/1948 2190/1949 631/1866 633/1822
f 2190/1949 2189/1948 634/1823 632/1867
f 2190/1949 2191/1950 663/1951 631/1866
f 2191/1950 2190/1949 632/1867 664/1952
f 2191/1950 2192/1953 665/1907 663/1951
f 2192/1953 2191/1950 664/1952 666/1908
f 2192/1953 2189/1948 633/1822 665/1907
f 2189/1948 2192/1953 666/1908 634/1823
f 2193/1954 2194/1955 653/1839 655/1830
f 2194/1955 2193/1954 656/1831 654/1840
f 2194/1955 2195/1956 685/1924 653/1839
f 2195/1956 2194/1955 654/1840 686/1925
f 2195/1956 2196/1957 687/1915 685/1924
f 2196/1957 2195/1956 686/1925 688/1916
f 2196/1957 2193/1954 655/1830 687/1915
f 2193/1954 2196/1957 688/1916 656/1831
f 2197/1958 2198/1959 681/1876 683/1879
f 2198/1959 2197/1958 684/1880 682/1877
f 2198/1959 2199/1960 711/1961 681/1876
f 2199/1960 2198/1959 682/1877 712/1962
f 2199/1960 2200/1963 713/1964 711/1961
f 2200/1963 2199/1960 712/1962 714/1965
f 2200/1963 2197/1958 683/1879 713/1964
f 2197/1958 2200/1963 714/1965 684/1880
f 2201/1966 2202/1967 677/1884 679/1886
f 2202/1967 2201/1966 680/1887 678/1884
f 2202/1967 2203/1968 707/1969 677/1884
f 2203/1968 2202/1967 678/1884 708/1969
f 2203/1968 2204/1970 709/1971 707/1969
f 2204/1970 2203/1968 708/1969 710/1972
f 2204/1970 2201/1966 679/1886 709/1971
f 2201/1966 2204/1970 710/1972 680/1887
f 2205/1973 2206/1974 673/1891 675/1894
f 2206/1974 2205/1973 676/1895 674/1892
f 2206/1974 2207/1975 703/1976 673/1891
f 2207/1975 2206/1974 674/1892 704/1977
f 2207/1975 2208/1978 705/1979 703/1976
f 2208/1978 2207/1975 704/1977 706/1980
f 2208/1978 2205/1973 675/1894 705/1979
f 2205/1973 2208/1978 706/1980 676/1895
f 2209/1981 2210/1982 669/1899 671/1902
f 2210/1982 2209/1981 672/1903 670/1900
f 2210/1982 2211/1983 699/1984 669/1899
f 2211/1983 2210/1982 670/1900 700/1985
f 2211/1983 2212/1986 701/1987 699/1984
f 2212/1986 2211/1983 700/1985 702/1988
f 2212/1986 2209/1981 671/1902 701/1987
f 2209/1981 2212/1986 702/1988 672/1903
f 2213/1989 2214/1990 665/1907 667/1910
f 2214/1990 2213/1989 668/1911 666/1908
f 2214/1990 2215/1991 695/1992 665/1907
f 2215/1991 2214/1990 666/1908 696/1993
f 2215/1991 2216/1994 697/1995 695/1992
f 2216/1994 2215/1991 696/1993 698/1996
f 2216/1994 2213/1989 667/1910 697/1995
f 2213/1989 2216/1994 698/1996 668/1911
f 2217/1997 2218/1998 687/1915 689/1918
f 2218/1998 2217/1997 690/1919 688/1916
f 2218/1998 2219/1999 717/2000 687/1915
f 2219/1999 2218/1998 688/1916 718/2001
f 2219/1999 2220/2002 719/2003 717/2000
f 2220/2002 2219/1999 718/2001 720/2004
f 2220/2002 2217/1997 689/1918 719/2003
f 2217/1997 2220/2002 720/2004 690/1919
f 2221/2005 2222/2006 683/1879 685/1924
f 2222/2006 2221/2005 686/1925 684/1880
f 2222/2006 2223/2007 713/1964 683/1879
f 2223/2007 2222/2006 684/1880 714/1965
f 2223/2007 2224/2008 715/2009 713/1964
f 2224/2008 2223/2007 714/1965 716/2010
f 2224/2008 2221/2005 685/1924 715/2009
f 2221/2005 2224/2008 716/2010 686/1925
f 2225/2011 2226/2012 679/1886 681/1876
f 2226/2012 2225/2011 682/1877 680/1887
f 2226/2012 2227/2013 709/1971 679/1886
f 2227/2013 2226/2012 680/1887 710/1972
f 2227/2013 2228/2014 711/1961 709/1971
f 2228/2014 2227/2013 710/1972 712/1962
f 2228/2014 2225/2011 681/1876 711/1961
f 2225/2011 2228/2014 712/1962 682/1877
f 2229/2015 2230/2016 675/1894 677/1884
f 2230/2016 2229/2015 678/1884 676/1895
f 2230/2016 2231/2017 705/1979 675/1894
f 2231/2017 2230/2016 676/1895 706/1980
f 2231/2017 2232/2018 707/1969 705/1979
f 2232/2018 2231/2017 706/1980 708/1969
f 2232/2018 2229/2015 677/1884 707/1969
f 2229/2015 2232/2018 708/1969 678/1884
f 2233/2019 2234/2020 671/1902 673/1891
f 2234/2020 2233/2019 674/1892 672/1903
f 2234/2020 2235/2021 701/1987 671/1902
f 2235/2021 2234/2020 672/1903 702/1988
f 2235/2021 2236/2022 703/1976 701/1987
f 2236/2022 2235/2021 702/1988 704/1977
f 2236/2022 2233/2019 673/1891 703/1976
f 2233/2019 2236/2022 704/1977 674/1892
f 2237/2023 2238/2024 667/1910 669/1899
f 2238/2024 2237/2023 670/1900 668/1911
f 2238/2024 2239/2025 697/1995 667/1910
f 2239/2025 2238/2024 668/1911 698/1996
f 2239/2025 2240/2026 699/1984 697/1995
f 2240/2026 2239/2025 698/1996 700/1985
f 2240/2026 2237/2023 669/1899 699/1984
f 2237/2023 2240/2026 700/1985 670/1900
f 2241/2027 2242/2028 689/1918 691/1946
f 2242/2028 2241/2027 692/1947 690/1919
f 2242/2028 2243/2029 719/2003 689/1918
f 2243/2029 2242/2028 690/1919 720/2004
f 2243/2029 2244/2030 721/2031 719/2003
f 2244/2030 2243/2029 720/2004 722/2032
f 2244/2030 2241/2027 691/1946 721/2031
f 2241/2027 2244/2030 722/2032 692/1947
f 2245/2033 2246/2034 663/1951 665/1907
f 2246/2034 2245/2033 666/1908 664/1952
f 2246/2034 2247/2035 693/2036 663/1951
f 2247/2035 2246/2034 664/1952 694/2037
f 2247/2035 2248/2038 695/1992 693/2036
f 2248/2038 2247/2035 694/2037 696/1993
f 2248/2038 2245/2033 665/1907 695/1992
f 2245/2033 2248/2038 696/1993 666/1908
f 2249/2039 2250/2040 685/1924 687/1915
f 2250/2040 2249/2039 688/1916 686/1925
f 2250/2040 2251/2041 715/2009 685/1924
f 2251/2041 2250/2040 686/1925 716/2010
f 2251/2041 2252/2042 717/2000 715/2009
f 2252/2042 2251/2041 716/2010 718/2001
f 2252/2042 2249/2039 687/1915 717/2000
f 2249/2039 2252/2042 718/2001 688/1916
f 2253/2043 2254/2044 711/1961 713/1964
f 2254/2044 2253/2043 714/1965 712/1962
f 2254/2044 2255/2045 741/2046 711/1961
f 2255/2045 2254/2044 712/1962 742/2047
f 2255/2045 2256/2048 743/2049 741/2046
f 2256/2048 2255/2045 742/2047 744/2050
f 2256/2048 2253/2043 713/1964 743/2049
f 2253/2043 2256/2048 744/2050 714/1965
f 2257/2051 2258/2052 707/1969 709/1971
f 2258/2052 2257/2051 710/1972 708/1969
f 2258/2052 2259/2053 737/2054 707/1969
f 2259/2053 2258/2052 708/1969 738/2054
f 2259/2053 2260/2055 739/2056 737/2054
f 2260/2055 2259/2053 738/2054 740/2057
f 2260/2055 2257/2051 709/1971 739/2056
f 2257/2051 2260/2055 740/2057 710/1972
f 2261/2058 2262/2059 703/1976 705/1979
f 2262/2059 2261/2058 706/1980 704/1977
f 2262/2059 2263/2060 733/2061 703/1976
f 2263/2060 2262/2059 704/1977 734/2062
f 2263/2060 2264/2063 735/2064 733/2061
f 2264/2063 2263/2060 734/2062 736/2065
f 2264/2063 2261/2058 705/1979 735/2064
f 2261/2058 2264/2063 736/2065 706/1980
f 2265/2066 2266/2067 699/1984 701/1987
f 2266/2067 2265/2066 702/1988 700/1985
f 2266/2067 2267/2068 729/2069 699/1984
f 2267/2068 2266/2067 700/1985 730/2070
f 2267/2068 2268/2071 731/2072 729/2069
f 2268/2071 2267/2068 730/2070 732/2073
f 2268/2071 2265/2066 701/1987 731/2072
f 2265/2066 2268/2071 732/2073 702/1988
f 2269/2074 2270/2075 695/1992 697/1995
f 2270/2075 2269/2074 698/1996 696/1993
f 2270/2075 2271/2076 725/2077 695/1992
f 2271/2076 2270/2075 696/1993 726/2078
f 2271/2076 2272/2079 727/2080 725/2077
f 2272/2079 2271/2076 726/2078 728/2081
f 2272/2079 2269/2074 697/1995 727/2080
f 2269/2074 2272/2079 728/2081 698/1996
f 2273/2082 2274/2083 717/2000 719/2003
f 2274/2083 2273/2082 720/2004 718/2001
f 2274/2083 2275/2084 747/2085 717/2000
f 2275/2084 2274/2083 718/2001 748/2086
f 2275/2084 2276/2087 749/2088 747/2085
f 2276/2087 2275/2084 748/2086 750/2089
f 2276/2087 2273/2082 719/2003 749/2088
f 2273/2082 2276/2087 750/2089 720/2004
f 2277/2090 2278/2091 713/1964 715/2009
f 2278/2091 2277/2090 716/2010 714/1965
f 2278/2091 2279/2092 743/2049 713/1964
f 2279/2092 2278/2091 714/1965 744/2050
f 2279/2092 2280/2093 745/2094 743/2049
f 2280/2093 2279/2092 744/2050 746/2095
f 2280/2093 2277/2090 715/2009 745/2094
f 2277/2090 2280/2093 746/2095 716/2010
f 2281/2096 2282/2097 709/1971 711/1961
f 2282/2097 2281/2096 712/1962 710/1972
f 2282/2097 2283/2098 739/2056 709/1971
f 2283/2098 2282/2097 710/1972 740/2057
f 2283/2098 2284/2099 741/2046 739/2056
f 2284/2099 2283/2098 740/2057 742/2047
f 2284/2099 2281/2096 711/1961 741/2046
f 2281/2096 2284/2099 742/2047 712/1962
f 2285/2100 2286/2101 705/1979 707/1969
f 2286/2101 2285/2100 708/1969 706/1980
f 2286/2101 2287/2102 735/2064 705/1979
f 2287/2102 2286/2101 706/1980 736/2065
f 2287/2102 2288/2103 737/2054 735/2064
f 2288/2103 2287/2102 736/2065 738/2054
f 2288/2103 2285/2100 707/1969 737/2054
f 2285/2100 2288/2103 738/2054 708/1969
f 2289/2104 2290/2105 701/1987 703/1976
f 2290/2105 2289/2104 704/1977 702/1988
f 2290/2105 2291/2106 731/2072 701/1987
f 2291/2106 2290/2105 702/1988 732/2073
f 2291/2106 2292/2107 733/2061 731/2072
f 2292/2107 2291/2106 732/2073 734/2062
f 2292/2107 2289/2104 703/1976 733/2061
f 2289/2104 2292/2107 734/2062 704/1977
f 2293/2108 2294/2109 697/1995 699/1984
f 2294/2109 2293/2108 700/1985 698/1996
f 2294/2109 2295/2110 727/2080 697/1995
f 2295/2110 2294/2109 698/1996 728/2081
f 2295/2110 2296/2111 729/2069 727/2080
f 2296/2111 2295/2110 728/2081 730/2070
f 2296/2111 2293/2108 699/1984 729/2069
f 2293/2108 2296/2111 730/2070 700/1985
f 2297/2112 2298/2113 719/2003 721/2031
f 2298/2113 2297/2112 722/2032 720/2004
f 2298/2113 2299/2114 749/2088 719/2003
f 2299/2114 2298/2113 720/2004 750/2089
f 2299/2114 2300/2115 751/2116 749/2088
f 2300/2115 2299/2114 750/2089 752/2117
f 2300/2115 2297/2112 721/2031 751/2116
f 2297/2112 2300/2115 752/2117 722/2032
f 2301/2118 2302/2119 693/2036 695/1992
f 2302/2119 2301/2118 696/1993 694/2037
f 2302/2119 2303/2120 723/2121 693/2036
f 2303/2120 2302/2119 694/2037 724/2122
f 2303/2120 2304/2123 725/2077 723/2121
f 2304/2123 2303/2120 724/2122 726/2078
f 2304/2123 2301/2118 695/1992 725/2077
f 2301/2118 2304/2123 726/2078 696/1993
f 2305/2124 2306/2125 715/2009 717/2000
f 2306/2125 2305/2124 718/2001 716/2010
f 2306/2125 2307/2126 745/2094 715/2009
f 2307/2126 2306/2125 716/2010 746/2095
f 2307/2126 2308/2127 747/2085 745/2094
f 2308/2127 2307/2126 746/2095 748/2086
f 2308/2127 2305/2124 717/2000 747/2085
f 2305/2124 2308/2127 748/2086 718/2001
f 2309/2128 2310/2129 741/2046 743/2049
f 2310/2129 2309/2128 744/2050 742/2047
f 2310/2129 2311/2130 771/2131 741/2046
f 2311/2130 2310/2129 742/2047 772/2132
f 2311/2130 2312/2133 773/2134 771/2131
f 2312/2133 2311/2130 772/2132 774/2135
f 2312/2133 2309/2128 743/2049 773/2134
f 2309/2128 2312/2133 774/2135 744/2050
f 2313/2136 2314/2137 737/2054 739/2056
f 2314/2137 2313/2136 740/2057 738/2054
f 2314/2137 2315/2138 767/2139 737/2054
f 2315/2138 2314/2137 738/2054 768/2139
f 2315/2138 2316/2140 769/2141 767/2139
f 2316/2140 2315/2138 768/2139 770/2142
f 2316/2140 2313/2136 739/2056 769/2141
f 2313/2136 2316/2140 770/2142 740/2057
f 2317/2143 2318/2144 733/2061 735/2064
f 2318/2144 2317/2143 736/2065 734/2062
f 2318/2144 2319/2145 763/2146 733/2061
f 2319/2145 2318/2144 734/2062 764/2147
f 2319/2145 2320/2148 765/2149 763/2146
f 2320/2148 2319/2145 764/2147 766/2150
f 2320/2148 2317/2143 735/2064 765/2149
f 2317/2143 2320/2148 766/2150 736/2065
f 2321/2151 2322/2152 729/2069 731/2072
f 2322/2152 2321/2151 732/2073 730/2070
f 2322/2152 2323/2153 759/2154 729/2069
f 2323/2153 2322/2152 730/2070 760/2155
f 2323/2153 2324/2156 761/2157 759/2154
f 2324/2156 2323/2153 760/2155 762/2158
f 2324/2156 2321/2151 731/2072 761/2157
f 2321/2151 2324/2156 762/2158 732/2073
f 2325/2159 2326/2160 725/2077 727/2080
f 2326/2160 2325/2159 728/2081 726/2078
f 2326/2160 2327/2161 755/2162 725/2077
f 2327/2161 2326/2160 726/2078 756/2163
f 2327/2161 2328/2164 757/2165 755/2162
f 2328/2164 2327/2161 756/2163 758/2166
f 2328/2164 2325/2159 727/2080 757/2165
f 2325/2159 2328/2164 758/2166 728/2081
f 2329/2167 2330/2168 747/2085 749/2088
f 2330/2168 2329/2167 750/2089 748/2086
f 2330/2168 2331/2169 777/2170 747/2085
f 2331/2169 2330/2168 748/2086 778/2171
f 2331/2169 2332/2172 779/2173 777/2170
f 2332/2172 2331/2169 778/2171 780/2174
f 2332/2172 2329/2167 749/2088 779/2173
f 2329/2167 2332/2172 780/2174 750/2089
f 2333/2175 2334/2176 743/2049 745/2094
f 2334/2176 2333/2175 746/2095 744/2050
f 2334/2176 2335/2177 773/2134 743/2049
f 2335/2177 2334/2176 744/2050 774/2135
f 2335/2177 2336/2178 775/2179 773/2134
f 2336/2178 2335/2177 774/2135 776/2180
f 2336/2178 2333/2175 745/2094 775/2179
f 2333/2175 2336/2178 776/2180 746/2095
f 2337/2181 2338/2182 739/2056 741/2046
f 2338/2182 2337/2181 742/2047 740/2057
f 2338/2182 2339/2183 769/2141 739/2056
f 2339/2183 2338/2182 740/2057 770/2142
f 2339/2183 2340/2184 771/2131 769/2141
f 2340/2184 2339/2183 770/2142 772/2132
f 2340/2184 2337/2181 741/2046 771/2131
f 2337/2181 2340/2184 772/2132 742/2047
f 2341/2185 2342/2186 735/2064 737/2054
f 2342/2186 2341/2185 738/2054 736/2065
f 2342/2186 2343/2187 765/2149 735/2064
f 2343/2187 2342/2186 736/2065 766/2150
f 2343/2187 2344/2188 767/2139 765/2149
f 2344/2188 2343/2187 766/2150 768/2139
f 2344/2188 2341/2185 737/2054 767/2139
f 2341/2185 2344/2188 768/2139 738/2054
f 2345/2189 2346/2190 731/2072 733/2061
f 2346/2190 2345/2189 734/2062 732/2073
f 2346/2190 2347/2191 761/2157 731/2072
f 2347/2191 2346/2190 732/2073 762/2158
f 2347/2191 2348/2192 763/2146 761/2157
f 2348/2192 2347/2191 762/2158 764/2147
f 2348/2192 2345/2189 733/2061 763/2146
f 2345/2189 2348/2192 764/2147 734/2062
f 2349/2193 2350/2194 727/2080 729/2069
f 2350/2194 2349/2193 730/2070 728/2081
f 2350/2194 2351/2195 757/2165 727/2080
f 2351/2195 2350/2194 728/2081 758/2166
f 2351/2195 2352/2196 759/2154 757/2165
f 2352/2196 2351/2195 758/2166 760/2155
f 2352/2196 2349/2193 729/2069 759/2154
f 2349/2193 2352/2196 760/2155 730/2070
f 2353/2197 2354/2198 749/2088 751/2116
f 2354/2198 2353/2197 752/2117 750/2089
f 2354/2198 2355/2199 779/2173 749/2088
f 2355/2199 2354/2198 750/2089 780/2174
f 2355/2199 2356/2200 781/2201 779/2173
f 2356/2200 2355/2199 780/2174 782/2202
f 2356/2200 2353/2197 751/2116 781/2201
f 2353/2197 2356/2200 782/2202 752/2117
f 2357/2203 2358/2204 723/2121 725/2077
f 2358/2204 2357/2203 726/2078 724/2122
f 2358/2204 2359/2205 753/2206 723/2121
f 2359/2205 2358/2204 724/2122 754/2207
f 2359/2205 2360/2208 755/2162 753/2206
f 2360/2208 2359/2205 754/2207 756/2163
f 2360/2208 2357/2203 725/2077 755/2162
f 2357/2203 2360/2208 756/2163 726/2078
f 2361/2209 2362/2210 745/2094 747/2085
f 2362/2210 2361/2209 748/2086 746/2095
f 2362/2210 2363/2211 775/2179 745/2094
f 2363/2211 2362/2210 746/2095 776/2180
f 2363/2211 2364/2212 777/2170 775/2179
f 2364/2212 2363/2211 776/2180 778/2171
f 2364/2212 2361/2209 747/2085 777/2170
f 2361/2209 2364/2212 778/2171 748/2086
f 2365/2213 2366/2214 771/2131 773/2134
f 2366/2214 2365/2213 774/2135 772/2132
f 2366/2214 2367/2215 801/2216 771/2131
f 2367/2215 2366/2214 772/2132 802/2217
f 2367/2215 2368/2218 803/2219 801/2216
f 2368/2218 2367/2215 802/2217 804/2220
f 2368/2218 2365/2213 773/2134 803/2219
f 2365/2213 2368/2218 804/2220 774/2135
f 2369/2221 2370/2222 767/2139 769/2141
f 2370/2222 2369/2221 770/2142 768/2139
f 2370/2222 2371/2223 797/2224 767/2139
f 2371/2223 2370/2222 768/2139 798/2224
f 2371/2223 2372/2225 799/2226 797/2224
f 2372/2225 2371/2223 798/2224 800/2227
f 2372/2225 2369/2221 769/2141 799/2226
f 2369/2221 2372/2225 800/2227 770/2142
f 2373/2228 2374/2229 763/2146 765/2149
f 2374/2229 2373/2228 766/2150 764/2147
f 2374/2229 2375/2230 793/2231 763/2146
f 2375/2230 2374/2229 764/2147 794/2232
f 2375/2230 2376/2233 795/2234 793/2231
f 2376/2233 2375/2230 794/2232 796/2235
f 2376/2233 2373/2228 765/2149 795/2234
f 2373/2228 2376/2233 796/2235 766/2150
f 2377/2236 2378/2237 759/2154 761/2157
f 2378/2237 2377/2236 762/2158 760/2155
f 2378/2237 2379/2238 789/2239 759/2154
f 2379/2238 2378/2237 760/2155 790/2240
f 2379/2238 2380/2241 791/2242 789/2239
f 2380/2241 2379/2238 790/2240 792/2243
f 2380/2241 2377/2236 761/2157 791/2242
f 2377/2236 2380/2241 792/2243 762/2158
f 2381/2244 2382/2245 755/2162 757/2165
f 2382/2245 2381/2244 758/2166 756/2163
f 2382/2245 2383/2246 785/2247 755/2162
f 2383/2246 2382/2245 756/2163 786/2248
f 2383/2246 2384/2249 787/2250 785/2247
f 2384/2249 2383/2246 786/2248 788/2251
f 2384/2249 2381/2244 757/2165 787/2250
f 2381/2244 2384/2249 788/2251 758/2166
f 2385/2252 2386/2253 777/2170 779/2173
f 2386/2253 2385/2252 780/2174 778/2171
f 2386/2253 2387/2254 807/2255 777/2170
f 2387/2254 2386/2253 778/2171 808/2256
f 2387/2254 2388/2257 809/2258 807/2255
f 2388/2257 2387/2254 808/2256 810/2259
f 2388/2257 2385/2252 779/2173 809/2258
f 2385/2252 2388/2257 810/2259 780/2174
f 2389/2260 2390/2261 773/2134 775/2179
f 2390/2261 2389/2260 776/2180 774/2135
f 2390/2261 2391/2262 803/2219 773/2134
f 2391/2262 2390/2261 774/2135 804/2220
f 2391/2262 2392/2263 805/2264 803/2219
f 2392/2263 2391/2262 804/2220 806/2265
f 2392/2263 2389/2260 775/2179 805/2264
f 2389/2260 2392/2263 806/2265 776/2180
f 2393/2266 2394/2267 769/2141 771/2131
f 2394/2267 2393/2266 772/2132 770/2142
f 2394/2267 2395/2268 799/2226 769/2141
f 2395/2268 2394/2267 770/2142 800/2227
f 2395/2268 2396/2269 801/2216 799/2226
f 2396/2269 2395/2268 800/2227 802/2217
f 2396/2269 2393/2266 771/2131 801/2216
f 2393/2266 2396/2269 802/2217 772/2132
f 2397/2270 2398/2271 765/2149 767/2139
f 2398/2271 2397/2270 768/2139 766/2150
f 2398/2271 2399/2272 795/2234 765/2149
f 2399/2272 2398/2271 766/2150 796/2235
f 2399/2272 2400/2273 797/2224 795/2234
f 2400/2273 2399/2272 796/2235 798/2224
f 2400/2273 2397/2270 767/2139 797/2224
f 2397/2270 2400/2273 798/2224 768/2139
f 2401/2274 2402/2275 761/2157 763/2146
f 2402/2275 2401/2274 764/2147 762/2158
f 2402/2275 2403/2276 791/2242 761/2157
f 2403/2276 2402/2275 762/2158 792/2243
f 2403/2276 2404/2277 793/2231 791/2242
f 2404/2277 2403/2276 792/2243 794/2232
f 2404/2277 2401/2274 763/2146 793/2231
f 2401/2274 2404/2277 794/2232 764/2147
f 2405/2278 2406/2279 757/2165 759/2154
f 2406/2279 2405/2278 760/2155 758/2166
f 2406/2279 2407/2280 787/2250 757/2165
f 2407/2280 2406/2279 758/2166 788/2251
f 2407/2280 2408/2281 789/2239 787/2250
f 2408/2281 2407/2280 788/2251 790/2240
f 2408/2281 2405/2278 759/2154 789/2239
f 2405/2278 2408/2281 790/2240 760/2155
f 2409/2282 2410/2283 779/2173 781/2201
f 2410/2283 2409/2282 782/2202 780/2174
f 2410/2283 2411/2284 809/2258 779/2173
f 2411/2284 2410/2283 780/2174 810/2259
f 2411/2284 2412/2285 811/2286 809/2258
f 2412/2285 2411/2284 810/2259 812/2287
f 2412/2285 2409/2282 781/2201 811/2286
f 2409/2282 2412/2285 812/2287 782/2202
f 2413/2288 2414/2289 753/2206 755/2162
f 2414/2289 2413/2288 756/2163 754/2207
f 2414/2289 2415/2290 783/2291 753/2206
f 2415/2290 2414/2289 754/2207 784/2292
f 2415/2290 2416/2293 785/2247 783/2291
f 2416/2293 2415/2290 784/2292 786/2248
f 2416/2293 2413/2288 755/2162 785/2247
f 2413/2288 2416/2293 786/2248 756/2163
f 2417/2294 2418/2295 775/2179 777/2170
f 2418/2295 2417/2294 778/2171 776/2180
f 2418/2295 2419/2296 805/2264 775/2179
f 2419/2296 2418/2295 776/2180 806/2265
f 2419/2296 2420/2297 807/2255 805/2264
f 2420/2297 2419/2296 806/2265 808/2256
f 2420/2297 2417/2294 777/2170 807/2255
f 2417/2294 2420/2297 808/2256 778/2171
f 2421/2298 2422/2299 801/2216 803/2219
f 2422/2299 2421/2298 804/2220 802/2217
f 2422/2299 2423/2300 831/2301 801/2216
f 2423/2300 2422/2299 802/2217 832/2302
f 2423/2300 2424/2303 833/2304 831/2301
f 2424/2303 2423/2300 832/2302 834/2305
f 2424/2303 2421/2298 803/2219 833/2304
f 2421/2298 2424/2303 834/2305 804/2220
f 2425/2306 2426/2307 797/2224 799/2226
f 2426/2307 2425/2306 800/2227 798/2224
f 2426/2307 2427/2308 827/2309 797/2224
f 2427/2308 2426/2307 798/2224 828/2309
f 2427/2308 2428/2310 829/2311 827/2309
f 2428/2310 2427/2308 828/2309 830/2312
f 2428/2310 2425/2306 799/2226 829/2311
f 2425/2306 2428/2310 830/2312 800/2227
f 2429/2313 2430/2314 793/2231 795/2234
f 2430/2314 2429/2313 796/2235 794/2232
f 2430/2314 2431/2315 823/2316 793/2231
f 2431/2315 2430/2314 794/2232 824/2317
f 2431/2315 2432/2318 825/2319 823/2316
f 2432/2318 2431/2315 824/2317 826/2320
f 2432/2318 2429/2313 795/2234 825/2319
f 2429/2313 2432/2318 826/2320 796/2235
f 2433/2321 2434/2322 789/2239 791/2242
f 2434/2322 2433/2321 792/2243 790/2240
f 2434/2322 2435/2323 819/2324 789/2239
f 2435/2323 2434/2322 790/2240 820/2325
f 2435/2323 2436/2326 821/2327 819/2324
f 2436/2326 2435/2323 820/2325 822/2328
f 2436/2326 2433/2321 791/2242 821/2327
f 2433/2321 2436/2326 822/2328 792/2243
f 2437/2329 2438/2330 785/2247 787/2250
f 2438/2330 2437/2329 788/2251 786/2248
f 2438/2330 2439/2331 815/2332 785/2247
f 2439/2331 2438/2330 786/2248 816/2333
f 2439/2331 2440/2334 817/2335 815/2332
f 2440/2334 2439/2331 816/2333 818/2336
f 2440/2334 2437/2329 787/2250 817/2335
f 2437/2329 2440/2334 818/2336 788/2251
f 2441/2337 2442/2338 807/2255 809/2258
f 2442/2338 2441/2337 810/2259 808/2256
f 2442/2338 2443/2339 837/2340 807/2255
f 2443/2339 2442/2338 808/2256 838/2341
f 2443/2339 2444/2342 839/2343 837/2340
f 2444/2342 2443/2339 838/2341 840/2344
f 2444/2342 2441/2337 809/2258 839/2343
f 2441/2337 2444/2342 840/2344 810/2259
f 2445/2345 2446/2346 803/2219 805/2264
f 2446/2346 2445/2345 806/2265 804/2220
f 2446/2346 2447/2347 833/2304 803/2219
f 2447/2347 2446/2346 804/2220 834/2305
f 2447/2347 2448/2348 835/2349 833/2304
f 2448/2348 2447/2347 834/2305 836/2350
f 2448/2348 2445/2345 805/2264 835/2349
f 2445/2345 2448/2348 836/2350 806/2265
f 2449/2351 2450/2352 799/2226 801/2216
f 2450/2352 2449/2351 802/2217 800/2227
f 2450/2352 2451/2353 829/2311 799/2226
f 2451/2353 2450/2352 800/2227 830/2312
f 2451/2353 2452/2354 831/2301 829/2311
f 2452/2354 2451/2353 830/2312 832/2302
f 2452/2354 2449/2351 801/2216 831/2301
f 2449/2351 2452/2354 832/2302 802/2217
f 2453/2355 2454/2356 795/2234 797/2224
f 2454/2356 2453/2355 798/2224 796/2235
f 2454/2356 2455/2357 825/2319 795/2234
f 2455/2357 2454/2356 796/2235 826/2320
f 2455/2357 2456/2358 827/2309 825/2319
f 2456/2358 2455/2357 826/2320 828/2309
f 2456/2358 2453/2355 797/2224 827/2309
f 2453/2355 2456/2358 828/2309 798/2224
f 2457/2359 2458/2360 791/2242 793/2231
f 2458/2360 2457/2359 794/2232 792/2243
f 2458/2360 2459/2361 821/2327 791/2242
f 2459/2361 2458/2360 792/2243 822/2328
f 2459/2361 2460/2362 823/2316 821/2327
f 2460/2362 2459/2361 822/2328 824/2317
f 2460/2362 2457/2359 793/2231 823/2316
f 2457/2359 2460/2362 824/2317 794/2232
f 2461/2363 2462/2364 787/2250 789/2239
f 2462/2364 2461/2363 790/2240 788/2251
f 2462/2364 2463/2365 817/2335 787/2250
f 2463/2365 2462/2364 788/2251 818/2336
f 2463/2365 2464/2366 819/2324 817/2335
f 2464/2366 2463/2365 818/2336 820/2325
f 2464/2366 2461/2363 789/2239 819/2324
f 2461/2363 2464/2366 820/2325 790/2240
f 2465/2367 2466/2368 809/2258 811/2286
f 2466/2368 2465/2367 812/2287 810/2259
f 2466/2368 2467/2369 839/2343 809/2258
f 2467/2369 2466/2368 810/2259 840/2344
f 2467/2369 2468/2370 841/2371 839/2343
f 2468/2370 2467/2369 840/2344 842/2372
f 2468/2370 2465/2367 811/2286 841/2371
f 2465/2367 2468/2370 842/2372 812/2287
f 2469/2373 2470/2374 783/2291 785/2247
f 2470/2374 2469/2373 786/2248 784/2292
f 2470/2374 2471/2375 813/2376 783/2291
f 2471/2375 2470/2374 784/2292 814/2377
f 2471/2375 2472/2378 815/2332 813/2376
f 2472/2378 2471/2375 814/2377 816/2333
f 2472/2378 2469/2373 785/2247 815/2332
f 2469/2373 2472/2378 816/2333 786/2248
f 2473/2379 2474/2380 805/2264 807/2255
f 2474/2380 2473/2379 808/2256 806/2265
f 2474/2380 2475/2381 835/2349 805/2264
f 2475/2381 2474/2380 806/2265 836/2350
f 2475/2381 2476/2382 837/2340 835/2349
f 2476/2382 2475/2381 836/2350 838/2341
f 2476/2382 2473/2379 807/2255 837/2340
f 2473/2379 2476/2382 838/2341 808/2256
f 2477/2383 2478/2384 831/2301 833/2304
f 2478/2384 2477/2383 834/2305 832/2302
f 2478/2384 2479/2385 861/2386 831/2301
f 2479/2385 2478/2384 832/2302 862/2387
f 2479/2385 2480/2388 863/2389 861/2386
f 2480/2388 2479/2385 862/2387 864/2390
f 2480/2388 2477/2383 833/2304 863/2389
f 2477/2383 2480/2388 864/2390 834/2305
f 2481/2391 2482/2392 827/2309 829/2311
f 2482/2392 2481/2391 830/2312 828/2309
f 2482/2392 2483/2393 857/2394 827/2309
f 2483/2393 2482/2392 828/2309 858/2394
f 2483/2393 2484/2395 859/2396 857/2394
f 2484/2395 2483/2393 858/2394 860/2397
f 2484/2395 2481/2391 829/2311 859/2396
f 2481/2391 2484/2395 860/2397 830/2312
f 2485/2398 2486/2399 823/2316 825/2319
f 2486/2399 2485/2398 826/2320 824/2317
f 2486/2399 2487/2400 853/2401 823/2316
f 2487/2400 2486/2399 824/2317 854/2402
f 2487/2400 2488/2403 855/2404 853/2401
f 2488/2403 2487/2400 854/2402 856/2405
f 2488/2403 2485/2398 825/2319 855/2404
f 2485/2398 2488/2403 856/2405 826/2320
f 2489/2406 2490/2407 819/2324 821/2327
f 2490/2407 2489/2406 822/2328 820/2325
f 2490/2407 2491/2408 849/2409 819/2324
f 2491/2408 2490/2407 820/2325 850/2410
f 2491/2408 2492/2411 851/2412 849/2409
f 2492/2411 2491/2408 850/2410 852/2413
f 2492/2411 2489/2406 821/2327 851/2412
f 2489/2406 2492/2411 852/2413 822/2328
f 2493/2414 2494/2415 815/2332 817/2335
f 2494/2415 2493/2414 818/2336 816/2333
f 2494/2415 2495/2416 845/2417 815/2332
f 2495/2416 2494/2415 816/2333 846/2418
f 2495/2416 2496/2419 847/2420 845/2417
f 2496/2419 2495/2416 846/2418 848/2421
f 2496/2419 2493/2414 817/2335 847/2420
f 2493/2414 2496/2419 848/2421 818/2336
f 2497/2422 2498/2423 837/2340 839/2343
f 2498/2423 2497/2422 840/2344 838/2341
f 2498/2423 2499/2424 867/2425 837/2340
f 2499/2424 2498/2423 838/2341 868/2426
f 2499/2424 2500/2427 869/2428 867/2425
f 2500/2427 2499/2424 868/2426 870/2429
f 2500/2427 2497/2422 839/2343 869/2428
f 2497/2422 2500/2427 870/2429 840/2344
f 2501/2430 2502/2431 833/2304 835/2349
f 2502/2431 2501/2430 836/2350 834/2305
f 2502/2431 2503/2432 863/2389 833/2304
f 2503/2432 2502/2431 834/2305 864/2390
f 2503/2432 2504/2433 865/2434 863/2389
f 2504/2433 2503/2432 864/2390 866/2435
f 2504/2433 2501/2430 835/2349 865/2434
f 2501/2430 2504/2433 866/2435 836/2350
f 2505/2436 2506/2437 829/2311 831/2301
f 2506/2437 2505/2436 832/2302 830/2312
f 2506/2437 2507/2438 859/2396 829/2311
f 2507/2438 2506/2437 830/2312 860/2397
f 2507/2438 2508/2439 861/2386 859/2396
f 2508/2439 2507/2438 860/2397 862/2387
f 2508/2439 2505/2436 831/2301 861/2386
f 2505/2436 2508/2439 862/2387 832/2302
f 2509/2440 2510/2441 825/2319 827/2309
f 2510/2441 2509/2440 828/2309 826/2320
f 2510/2441 2511/2442 855/2404 825/2319
f 2511/2442 2510/2441 826/2320 856/2405
f 2511/2442 2512/2443 857/2394 855/2404
f 2512/2443 2511/2442 856/2405 858/2394
f 2512/2443 2509/2440 827/2309 857/2394
f 2509/2440 2512/2443 858/2394 828/2309
f 2513/2444 2514/2445 821/2327 823/2316
f 2514/2445 2513/2444 824/2317 822/2328
f 2514/2445 2515/2446 851/2412 821/2327
f 2515/2446 2514/2445 822/2328 852/2413
f 2515/2446 2516/2447 853/2401 851/2412
f 2516/2447 2515/2446 852/2413 854/2402
f 2516/2447 2513/2444 823/2316 853/2401
f 2513/2444 2516/2447 854/2402 824/2317
f 2517/2448 2518/2449 817/2335 819/2324
f 2518/2449 2517/2448 820/2325 818/2336
f 2518/2449 2519/2450 847/2420 817/2335
f 2519/2450 2518/2449 818/2336 848/2421
f 2519/2450 2520/2451 849/2409 847/2420
f 2520/2451 2519/2450 848/2421 850/2410
f 2520/2451 2517/2448 819/2324 849/2409
f 2517/2448 2520/2451 850/2410 820/2325
f 2521/2452 2522/2453 839/2343 841/2371
f 2522/2453 2521/2452 842/2372 840/2344
f 2522/2453 2523/2454 869/2428 839/2343
f 2523/2454 2522/2453 840/2344 870/2429
f 2523/2454 2524/2455 871/2456 869/2428
f 2524/2455 2523/2454 870/2429 872/2457
f 2524/2455 2521/2452 841/2371 871/2456
f 2521/2452 2524/2455 872/2457 842/2372
f 2525/2458 2526/2459 813/2376 815/2332
f 2526/2459 2525/2458 816/2333 814/2377
f 2526/2459 2527/2460 843/2461 813/2376
f 2527/2460 2526/2459 814/2377 844/2462
f 2527/2460 2528/2463 845/2417 843/2461
f 2528/2463 2527/2460 844/2462 846/2418
f 2528/2463 2525/2458 815/2332 845/2417
f 2525/2458 2528/2463 846/2418 816/2333
f 2529/2464 2530/2465 835/2349 837/2340
f 2530/2465 2529/2464 838/2341 836/2350
f 2530/2465 2531/2466 865/2434 835/2349
f 2531/2466 2530/2465 836/2350 866/2435
f 2531/2466 2532/2467 867/2425 865/2434
f 2532/2467 2531/2466 866/2435 868/2426
f 2532/2467 2529/2464 837/2340 867/2425
f 2529/2464 2532/2467 868/2426 838/2341
f 2533/2468 2534/2469 861/2386 863/2389
f 2534/2469 2533/2468 864/2390 862/2387
f 2534/2469 2535/2470 891/2471 861/2386
f 2535/2470 2534/2469 862/2387 892/2472
f 2535/2470 2536/2473 893/2474 891/2471
f 2536/2473 2535/2470 892/2472 894/2475
f 2536/2473 2533/2468 863/2389 893/2474
f 2533/2468 2536/2473 894/2475 864/2390
f 2537/2476 2538/2477 857/2394 859/2396
f 2538/2477 2537/2476 860/2397 858/2394
f 2538/2477 2539/2478 887/2479 857/2394
f 2539/2478 2538/2477 858/2394 888/2479
f 2539/2478 2540/2480 889/2481 887/2479
f 2540/2480 2539/2478 888/2479 890/2482
f 2540/2480 2537/2476 859/2396 889/2481
f 2537/2476 2540/2480 890/2482 860/2397
f 2541/2483 2542/2484 853/2401 855/2404
f 2542/2484 2541/2483 856/2405 854/2402
f 2542/2484 2543/2485 883/2486 853/2401
f 2543/2485 2542/2484 854/2402 884/2487
f 2543/2485 2544/2488 885/2489 883/2486
f 2544/2488 2543/2485 884/2487 886/2490
f 2544/2488 2541/2483 855/2404 885/2489
f 2541/2483 2544/2488 886/2490 856/2405
f 2545/2491 2546/2492 849/2409 851/2412
f 2546/2492 2545/2491 852/2413 850/2410
f 2546/2492 2547/2493 879/2494 849/2409
f 2547/2493 2546/2492 850/2410 880/2495
f 2547/2493 2548/2496 881/2497 879/2494
f 2548/2496 2547/2493 880/2495 882/2498
f 2548/2496 2545/2491 851/2412 881/2497
f 2545/2491 2548/2496 882/2498 852/2413
f 2549/2499 2550/2500 845/2417 847/2420
f 2550/2500 2549/2499 848/2421 846/2418
f 2550/2500 2551/2501 875/2502 845/2417
f 2551/2501 2550/2500 846/2418 876/2503
f 2551/2501 2552/2504 877/2505 875/2502
f 2552/2504 2551/2501 876/2503 878/2506
f 2552/2504 2549/2499 847/2420 877/2505
f 2549/2499 2552/2504 878/2506 848/2421
f 2553/2507 2554/2508 867/2425 869/2428
f 2554/2508 2553/2507 870/2429 868/2426
f 2554/2508 2555/2509 897/2510 867/2425
f 2555/2509 2554/2508 868/2426 898/2511
f 2555/2509 2556/2512 899/2513 897/2510
f 2556/2512 2555/2509 898/2511 900/2514
f 2556/2512 2553/2507 869/2428 899/2513
f 2553/2507 2556/2512 900/2514 870/2429
f 2557/2515 2558/2516 863/2389 865/2434
f 2558/2516 2557/2515 866/2435 864/2390
f 2558/2516 2559/2517 893/2474 863/2389
f 2559/2517 2558/2516 864/2390 894/2475
f 2559/2517 2560/2518 895/2519 893/2474
f 2560/2518 2559/2517 894/2475 896/2520
f 2560/2518 2557/2515 865/2434 895/2519
f 2557/2515 2560/2518 896/2520 866/2435
f 2561/2521 2562/2522 859/2396 861/2386
f 2562/2522 2561/2521 862/2387 860/2397
f 2562/2522 2563/2523 889/2481 859/2396
f 2563/2523 2562/2522 860/2397 890/2482
f 2563/2523 2564/2524 891/2471 889/2481
f 2564/2524 2563/2523 890/2482 892/2472
f 2564/2524 2561/2521 861/2386 891/2471
f 2561/2521 2564/2524 892/2472 862/2387
f 2565/2525 2566/2526 855/2404 857/2394
f 2566/2526 2565/2525 858/2394 856/2405
f 2566/2526 2567/2527 885/2489 855/2404
f 2567/2527 2566/2526 856/2405 886/2490
f 2567/2527 2568/2528 887/2479 885/2489
f 2568/2528 2567/2527 886/2490 888/2479
f 2568/2528 2565/2525 857/2394 887/2479
f 2565/2525 2568/2528 888/2479 858/2394
f 2569/2529 2570/2530 851/2412 853/2401
f 2570/2530 2569/2529 854/2402 852/2413
f 2570/2530 2571/2531 881/2497 851/2412
f 2571/2531 2570/2530 852/2413 882/2498
f 2571/2531 2572/2532 883/2486 881/2497
f 2572/2532 2571/2531 882/2498 884/2487
f 2572/2532 2569/2529 853/2401 883/2486
f 2569/2529 2572/2532 884/2487 854/2402
f 2573/2533 2574/2534 847/2420 849/2409
f 2574/2534 2573/2533 850/2410 848/2421
f 2574/2534 2575/2535 877/2505 847/2420
f 2575/2535 2574/2534 848/2421 878/2506
f 2575/2535 2576/2536 879/2494 877/2505
f 2576/2536 2575/2535 878/2506 880/2495
f 2576/2536 2573/2533 849/2409 879/2494
f 2573/2533 2576/2536 880/2495 850/2410
f 2577/2537 2578/2538 869/2428 871/2456
f 2578/2538 2577/2537 872/2457 870/2429
f 2578/2538 2579/2539 899/2513 869/2428
f 2579/2539 2578/2538 870/2429 900/2514
f 2579/2539 2580/2540 901/2541 899/2513
f 2580/2540 2579/2539 900/2514 902/2542
f 2580/2540 2577/2537 871/2456 901/2541
f 2577/2537 2580/2540 902/2542 872/2457
f 2581/2543 2582/2544 843/2461 845/2417
f 2582/2544 2581/2543 846/2418 844/2462
f 2582/2544 2583/2545 873/2546 843/2461
f 2583/2545 2582/2544 844/2462 874/2547
f 2583/2545 2584/2548 875/2502 873/2546
f 2584/2548 2583/2545 874/2547 876/2503
f 2584/2548 2581/2543 845/2417 875/2502
f 2581/2543 2584/2548 876/2503 846/2418
f 2585/2549 2586/2550 865/2434 867/2425
f 2586/2550 2585/2549 868/2426 866/2435
f 2586/2550 2587/2551 895/2519 865/2434
f 2587/2551 2586/2550 866/2435 896/2520
f 2587/2551 2588/2552 897/2510 895/2519
f 2588/2552 2587/2551 896/2520 898/2511
f 2588/2552 2585/2549 867/2425 897/2510
f 2585/2549 2588/2552 898/2511 868/2426
f 2589/2553 2590/2554 891/2471 893/2474
f 2590/2554 2589/2553 894/2475 892/2472
f 2590/2554 2591/2555 923/2556 891/2471
f 2591/2555 2590/2554 892/2472 924/2557
f 2591/2555 2592/2558 925/2559 923/2556
f 2592/2558 2591/2555 924/2557 926/2560
f 2592/2558 2589/2553 893/2474 925/2559
f 2589/2553 2592/2558 926/2560 894/2475
f 2593/2561 2594/2562 887/2479 889/2481
f 2594/2562 2593/2561 890/2482 888/2479
f 2594/2562 2595/2563 919/2564 887/2479
f 2595/2563 2594/2562 888/2479 920/2564
f 2595/2563 2596/2565 921/2566 919/2564
f 2596/2565 2595/2563 920/2564 922/2567
f 2596/2565 2593/2561 889/2481 921/2566
f 2593/2561 2596/2565 922/2567 890/2482
f 2597/2568 2598/2569 883/2486 885/2489
f 2598/2569 2597/2568 886/2490 884/2487
f 2598/2569 2599/2570 915/2571 883/2486
f 2599/2570 2598/2569 884/2487 916/2572
f 2599/2570 2600/2573 917/2574 915/2571
f 2600/2573 2599/2570 916/2572 918/2575
f 2600/2573 2597/2568 885/2489 917/2574
f 2597/2568 2600/2573 918/2575 886/2490
f 2601/2576 2602/2577 879/2494 881/2497
f 2602/2577 2601/2576 882/2498 880/2495
f 2602/2577 2603/2578 911/2579 879/2494
f 2603/2578 2602/2577 880/2495 912/2580
f 2603/2578 2604/2581 913/2582 911/2579
f 2604/2581 2603/2578 912/2580 914/2583
f 2604/2581 2601/2576 881/2497 913/2582
f 2601/2576 2604/2581 914/2583 882/2498
f 2605/2584 2606/2585 875/2502 877/2505
f 2606/2585 2605/2584 878/2506 876/2503
f 2606/2585 2607/2586 907/2587 875/2502
f 2607/2586 2606/2585 876/2503 908/2588
f 2607/2586 2608/2589 909/2590 907/2587
f 2608/2589 2607/2586 908/2588 910/2591
f 2608/2589 2605/2584 877/2505 909/2590
f 2605/2584 2608/2589 910/2591 878/2506
f 2609/2592 2610/2593 897/2510 899/2513
f 2610/2593 2609/2592 900/2514 898/2511
f 2610/2593 2611/2594 929/2595 897/2510
f 2611/2594 2610/2593 898/2511 930/2596
f 2611/2594 2612/2597 931/2598 929/2595
f 2612/2597 2611/2594 930/2596 932/2599
f 2612/2597 2609/2592 899/2513 931/2598
f 2609/2592 2612/2597 932/2599 900/2514
f 2613/2600 2614/2601 893/2474 895/2519
f 2614/2601 2613/2600 896/2520 894/2475
f 2614/2601 2615/2602 925/2559 893/2474
f 2615/2602 2614/2601 894/2475 926/2560
f 2615/2602 2616/2603 927/2604 925/2559
f 2616/2603 2615/2602 926/2560 928/2605
f 2616/2603 2613/2600 895/2519 927/2604
f 2613/2600 2616/2603 928/2605 896/2520
f 2617/2606 2618/2607 889/2481 891/2471
f 2618/2607 2617/2606 892/2472 890/2482
f 2618/2607 2619/2608 921/2566 889/2481
f 2619/2608 2618/2607 890/2482 922/2567
f 2619/2608 2620/2609 923/2556 921/2566
f 2620/2609 2619/2608 922/2567 924/2557
f 2620/2609 2617/2606 891/2471 923/2556
f 2617/2606 2620/2609 924/2557 892/2472
f 2621/2610 2622/2611 885/2489 887/2479
f 2622/2611 2621/2610 888/2479 886/2490
f 2622/2611 2623/2612 917/2574 885/2489
f 2623/2612 2622/2611 886/2490 918/2575
f 2623/2612 2624/2613 919/2564 917/2574
f 2624/2613 2623/2612 918/2575 920/2564
f 2624/2613 2621/2610 887/2479 919/2564
f 2621/2610 2624/2613 920/2564 888/2479
f 2625/2614 2626/2615 881/2497 883/2486
f 2626/2615 2625/2614 884/2487 882/2498
f 2626/2615 2627/2616 913/2582 881/2497
f 2627/2616 2626/2615 882/2498 914/2583
f 2627/2616 2628/2617 915/2571 913/2582
f 2628/2617 2627/2616 914/2583 916/2572
f 2628/2617 2625/2614 883/2486 915/2571
f 2625/2614 2628/2617 916/2572 884/2487
f 2629/2618 2630/2619 877/2505 879/2494
f 2630/2619 2629/2618 880/2495 878/2506
f 2630/2619 2631/2620 909/2590 877/2505
f 2631/2620 2630/2619 878/2506 910/2591
f 2631/2620 2632/2621 911/2579 909/2590
f 2632/2621 2631/2620 910/2591 912/2580
f 2632/2621 2629/2618 879/2494 911/2579
f 2629/2618 2632/2621 912/2580 880/2495
f 2633/2622 2634/2623 899/2513 901/2541
f 2634/2623 2633/2622 902/2542 900/2514
f 2634/2623 2635/2624 931/2598 899/2513
f 2635/2624 2634/2623 900/2514 932/2599
f 2635/2624 2636/2625 933/2626 931/2598
f 2636/2625 2635/2624 932/2599 934/2627
f 2636/2625 2633/2622 901/2541 933/2626
f 2633/2622 2636/2625 934/2627 902/2542
f 2637/2628 2638/2629 873/2546 875/2502
f 2638/2629 2637/2628 876/2503 874/2547
f 2638/2629 2639/2630 905/2631 873/2546
f 2639/2630 2638/2629 874/2547 906/2632
f 2639/2630 2640/2633 907/2587 905/2631
f 2640/2633 2639/2630 906/2632 908/2588
f 2640/2633 2637/2628 875/2502 907/2587
f 2637/2628 2640/2633 908/2588 876/2503
f 2641/2634 2642/2635 895/2519 897/2510
f 2642/2635 2641/2634 898/2511 896/2520
f 2642/2635 2643/2636 927/2604 895/2519
f 2643/2636 2642/2635 896/2520 928/2605
f 2643/2636 2644/2637 929/2595 927/2604
f 2644/2637 2643/2636 928/2605 930/2596
f 2644/2637 2641/2634 897/2510 929/2595
f 2641/2634 2644/2637 930/2596 898/2511
f 2645/2638 2646/2639 923/2556 925/2559
f 2646/2639 2645/2638 926/2560 924/2557
f 2646/2639 2647/2640 953/2641 923/2556
f 2647/2640 2646/2639 924/2557 954/2642
f 2647/2640 2648/2643 955/2644 953/2641
f 2648/2643 2647/2640 954/2642 956/2645
f 2648/2643 2645/2638 925/2559 955/2644
f 2645/2638 2648/2643 956/2645 926/2560
f 2649/2646 2650/2647 919/2564 921/2566
f 2650/2647 2649/2646 922/2567 920/2564
f 2650/2647 2651/2648 949/2649 919/2564
f 2651/2648 2650/2647 920/2564 950/2649
f 2651/2648 2652/2650 951/2651 949/2649
f 2652/2650 2651/2648 950/2649 952/2652
f 2652/2650 2649/2646 921/2566 951/2651
f 2649/2646 2652/2650 952/2652 922/2567
f 2653/2653 2654/2654 915/2571 917/2574
f 2654/2654 2653/2653 918/2575 916/2572
f 2654/2654 2655/2655 945/2656 915/2571
f 2655/2655 2654/2654 916/2572 946/2657
f 2655/2655 2656/2658 947/2659 945/2656
f 2656/2658 2655/2655 946/2657 948/2660
f 2656/2658 2653/2653 917/2574 947/2659
f 2653/2653 2656/2658 948/2660 918/2575
f 2657/2661 2658/2662 911/2579 913/2582
f 2658/2662 2657/2661 914/2583 912/2580
f 2658/2662 2659/2663 941/2664 911/2579
f 2659/2663 2658/2662 912/2580 942/2665
f 2659/2663 2660/2666 943/2667 941/2664
f 2660/2666 2659/2663 942/2665 944/2668
f 2660/2666 2657/2661 913/2582 943/2667
f 2657/2661 2660/2666 944/2668 914/2583
f 2661/2669 2662/2670 907/2587 909/2590
f 2662/2670 2661/2669 910/2591 908/2588
f 2662/2670 2663/2671 937/2672 907/2587
f 2663/2671 2662/2670 908/2588 938/2673
f 2663/2671 2664/2674 939/2675 937/2672
f 2664/2674 2663/2671 938/2673 940/2676
f 2664/2674 2661/2669 909/2590 939/2675
f 2661/2669 2664/2674 940/2676 910/2591
f 2665/2677 2666/2678 929/2595 931/2598
f 2666/2678 2665/2677 932/2599 930/2596
f 2666/2678 2667/2679 959/2680 929/2595
f 2667/2679 2666/2678 930/2596 960/2681
f 2667/2679 2668/2682 961/2683 959/2680
f 2668/2682 2667/2679 960/2681 962/2684
f 2668/2682 2665/2677 931/2598 961/2683
f 2665/2677 2668/2682 962/2684 932/2599
f 2669/2685 2670/2686 925/2559 927/2604
f 2670/2686 2669/2685 928/2605 926/2560
f 2670/2686 2671/2687 955/2644 925/2559
f 2671/2687 2670/2686 926/2560 956/2645
f 2671/2687 2672/2688 957/2689 955/2644
f 2672/2688 2671/2687 956/2645 958/2690
f 2672/2688 2669/2685 927/2604 957/2689
f 2669/2685 2672/2688 958/2690 928/2605
f 2673/2691 2674/2692 921/2566 923/2556
f 2674/2692 2673/2691 924/2557 922/2567
f 2674/2692 2675/2693 951/2651 921/2566
f 2675/2693 2674/2692 922/2567 952/2652
f 2675/2693 2676/2694 953/2641 951/2651
f 2676/2694 2675/2693 952/2652 954/2642
f 2676/2694 2673/2691 923/2556 953/2641
f 2673/2691 2676/2694 954/2642 924/2557
f 2677/2695 2678/2696 917/2574 919/2564
f 2678/2696 2677/2695 920/2564 918/2575
f 2678/2696 2679/2697 947/2659 917/2574
f 2679/2697 2678/2696 918/2575 948/2660
f 2679/2697 2680/2698 949/2649 947/2659
f 2680/2698 2679/2697 948/2660 950/2649
f 2680/2698 2677/2695 919/2564 949/2649
f 2677/2695 2680/2698 950/2649 920/2564
f 2681/2699 2682/2700 913/2582 915/2571
f 2682/2700 2681/2699 916/2572 914/2583
f 2682/2700 2683/2701 943/2667 913/2582
f 2683/2701 2682/2700 914/2583 944/2668
f 2683/2701 2684/2702 945/2656 943/2667
f 2684/2702 2683/2701 944/2668 946/2657
f 2684/2702 2681/2699 915/2571 945/2656
f 2681/2699 2684/2702 946/2657 916/2572
f 2685/2703 2686/2704 909/2590 911/2579
f 2686/2704 2685/2703 912/2580 910/2591
f 2686/2704 2687/2705 939/2675 909/2590
f 2687/2705 2686/2704 910/2591 940/2676
f 2687/2705 2688/2706 941/2664 939/2675
f 2688/2706 2687/2705 940/2676 942/2665
f 2688/2706 2685/2703 911/2579 941/2664
f 2685/2703 2688/2706 942/2665 912/2580
f 2689/2707 2690/2708 931/2598 933/2626
f 2690/2708 2689/2707 934/2627 932/2599
f 2690/2708 2691/2709 961/2683 931/2598
f 2691/2709 2690/2708 932/2599 962/2684
f 2691/2709 2692/2710 963/2711 961/2683
f 2692/2710 2691/2709 962/2684 964/2712
f 2692/2710 2689/2707 933/2626 963/2711
f 2689/2707 2692/2710 964/2712 934/2627
f 2693/2713 2694/2714 905/2631 907/2587
f 2694/2714 2693/2713 908/2588 906/2632
f 2694/2714 2695/2715 935/2716 905/2631
f 2695/2715 2694/2714 906/2632 936/2717
f 2695/2715 2696/2718 937/2672 935/2716
f 2696/2718 2695/2715 936/2717 938/2673
f 2696/2718 2693/2713 907/2587 937/2672
f 2693/2713 2696/2718 938/2673 908/2588
f 2697/2719 2698/2720 927/2604 929/2595
f 2698/2720 2697/2719 930/2596 928/2605
f 2698/2720 2699/2721 957/2689 927/2604
f 2699/2721 2698/2720 928/2605 958/2690
f 2699/2721 2700/2722 959/2680 957/2689
f 2700/2722 2699/2721 958/2690 960/2681
f 2700/2722 2697/2719 929/2595 959/2680
f 2697/2719 2700/2722 960/2681 930/2596
f 2701/2723 2702/2724 29/85 661/2725
f 2702/2724 2701/2723 662/2726 30/86
f 2702/2724 2703/2727 59/89 29/85
f 2703/2727 2702/2724 30/86 60/90
f 2703/2727 2701/2723 661/2725 59/89
f 2701/2723 2703/2727 60/90 662/2726
f 2704/2728 2705/2729 903/2730 1/93
f 2705/2729 2704/2728 2/94 904/2731
f 2705/2729 2706/2732 31/96 903/2730
f 2706/2732 2705/2729 904/2731 32/97
f 2706/2732 2704/2728 1/93 31/96
f 2704/2728 2706/2732 32/97 2/94
f 2707/2733 2708/2734 59/89 661/2725
f 2708/2734 2707/2733 662/2726 60/90
f 2708/2734 2709/2735 89/188 59/89
f 2709/2735 2708/2734 60/90 90/189
f 2709/2735 2707/2733 661/2725 89/2736
f 2707/2733 2709/2735 90/2737 662/2726
f 2710/2738 2711/2739 903/2730 31/96
f 2711/2740 2710/2738 32/97 904/2731
f 2711/2739 2712/2741 61/2742 903/2730
f 2712/2741 2711/2740 904/2731 62/2743
f 2712/2744 2710/2738 31/96 61/193
f 2710/2738 2712/2744 62/194 32/97
f 2713/2745 2714/2746 89/2736 661/2725
f 2714/2746 2713/2745 662/2726 90/2737
f 2714/2747 2715/2748 119/273 89/188
f 2715/2748 2714/2747 90/189 120/274
f 2715/2749 2713/2745 661/2725 119/2750
f 2713/2745 2715/2749 120/2751 662/2726
f 2716/2752 2717/2753 903/2730 61/2742
f 2717/2753 2716/2752 62/2743 904/2731
f 2717/2753 2718/2754 91/2755 903/2730
f 2718/2754 2717/2753 904/2731 92/2756
f 2718/2757 2716/2758 61/193 91/278
f 2716/2758 2718/2757 92/279 62/194
f 2719/2759 2720/2760 119/2750 661/2725
f 2720/2760 2719/2759 662/2726 120/2751
f 2720/2761 2721/2762 149/358 119/273
f 2721/2762 2720/2761 120/274 150/359
f 2721/2763 2719/2759 661/2725 149/2764
f 2719/2759 2721/2763 150/2765 662/2726
f 2722/2766 2723/2767 903/2730 91/2755
f 2723/2767 2722/2766 92/2756 904/2731
f 2723/2767 2724/2768 121/2769 903/2730
f 2724/2768 2723/2767 904/2731 122/2770
f 2724/2771 2722/2772 91/278 121/363
f 2722/2772 2724/2771 122/364 92/279
f 2725/2773 2726/2774 149/2764 661/2725
f 2726/2774 2725/2773 662/2726 150/2765
f 2726/2775 2727/2776 179/443 149/358
f 2727/2776 2726/2775 150/359 180/444
f 2727/2777 2725/2773 661/2725 179/2778
f 2725/2773 2727/2777 180/2779 662/2726
f 2728/2780 2729/2781 903/2730 121/2769
f 2729/2781 2728/2780 122/2770 904/2731
f 2729/2781 2730/2782 151/2783 903/2730
f 2730/2782 2729/2781 904/2731 152/2784
f 2730/2785 2728/2786 121/363 151/448
f 2728/2786 2730/2785 152/449 122/364
f 2731/2787 2732/2788 179/2778 661/2725
f 2732/2788 2731/2787 662/2726 180/2779
f 2732/2789 2733/2790 209/528 179/443
f 2733/2790 2732/2789 180/444 210/529
f 2733/2791 2731/2787 661/2725 209/2792
f 2731/2787 2733/2791 210/2793 662/2726
f 2734/2794 2735/2795 903/2730 151/2783
f 2735/2795 2734/2794 152/2784 904/2731
f 2735/2795 2736/2796 181/2797 903/2730
f 2736/2796 2735/2795 904/2731 182/2798
f 2736/2799 2734/2800 151/448 181/533
f 2734/2800 2736/2799 182/534 152/449
f 2737/2801 2738/2802 209/2792 661/2725
f 2738/2802 2737/2801 662/2726 210/2793
f 2738/2803 2739/2804 239/613 209/528
f 2739/2804 2738/2803 210/529 240/614
f 2739/2805 2737/2801 661/2725 239/749
f 2737/2801 2739/2805 240/750 662/2726
f 2740/2806 2741/2807 903/2730 181/2797
f 2741/2807 2740/2806 182/2798 904/2731
f 2741/2807 2742/2808 211/756 903/2730
f 2742/2808 2741/2807 904/2731 212/757
f 2742/2809 2740/2810 181/533 211/618
f 2740/2810 2742/2809 212/619 182/534
f 2743/2811 2744/2812 239/749 661/2725
f 2744/2812 2743/2811 662/2726 240/750
f 2744/2812 2745/2813 269/746 239/749
f 2745/2813 2744/2812 240/750 270/747
f 2745/2813 2743/2811 661/2725 269/746
f 2743/2811 2745/2813 270/747 662/2726
f 2746/2814 2747/2815 903/2730 211/756
f 2747/2815 2746/2814 212/757 904/2731
f 2747/2815 2748/2816 241/755 903/2730
f 2748/2816 2747/2815 904/2731 242/758
f 2748/2816 2746/2814 211/756 241/755
f 2746/2814 2748/2816 242/758 212/757
f 2749/2817 2750/2818 269/746 661/2725
f 2750/2818 2749/2817 662/2726 270/747
f 2750/2818 2751/2819 299/840 269/746
f 2751/2819 2750/2818 270/747 300/841
f 2751/2819 2749/2817 661/2725 299/840
f 2749/2817 2751/2819 300/841 662/2726
f 2752/2820 2753/2821 903/2730 241/755
f 2753/2821 2752/2820 242/758 904/2731
f 2753/2821 2754/2822 271/845 903/2730
f 2754/2822 2753/2821 904/2731 272/846
f 2754/2822 2752/2820 241/755 271/845
f 2752/2820 2754/2822 272/846 242/758
f 2755/2823 2756/2824 299/840 661/2725
f 2756/2824 2755/2823 662/2726 300/841
f 2756/2824 2757/2825 329/925 299/840
f 2757/2825 2756/2824 300/841 330/926
f 2757/2825 2755/2823 661/2725 329/925
f 2755/2823 2757/2825 330/926 662/2726
f 2758/2826 2759/2827 903/2730 271/845
f 2759/2827 2758/2826 272/846 904/2731
f 2759/2827 2760/2828 301/930 903/2730
f 2760/2828 2759/2827 904/2731 302/931
f 2760/2828 2758/2826 271/845 301/930
f 2758/2826 2760/2828 302/931 272/846
f 2761/2829 2762/2830 329/925 661/2725
f 2762/2830 2761/2829 662/2726 330/926
f 2762/2830 2763/2831 359/1010 329/925
f 2763/2831 2762/2830 330/926 360/1011
f 2763/2831 2761/2829 661/2725 359/1010
f 2761/2829 2763/2831 360/1011 662/2726
f 2764/2832 2765/2833 903/2730 301/930
f 2765/2833 2764/2832 302/931 904/2731
f 2765/2833 2766/2834 331/1015 903/2730
f 2766/2834 2765/2833 904/2731 332/1016
f 2766/2834 2764/2832 301/930 331/1015
f 2764/2832 2766/2834 332/1016 302/931
f 2767/2835 2768/2836 359/1010 661/2725
f 2768/2836 2767/2835 662/2726 360/1011
f 2768/2836 2769/2837 389/1095 359/1010
f 2769/2837 2768/2836 360/1011 390/1096
f 2769/2837 2767/2835 661/2725 389/1095
f 2767/2835 2769/2837 390/1096 662/2726
f 2770/2838 2771/2839 903/2730 331/1015
f 2771/2839 2770/2838 332/1016 904/2731
f 2771/2839 2772/2840 361/1100 903/2730
f 2772/2840 2771/2839 904/2731 362/1101
f 2772/2840 2770/2838 331/1015 361/1100
f 2770/2838 2772/2840 362/1101 332/1016
f 2773/2841 2774/2842 389/1095 661/2725
f 2774/2842 2773/2841 662/2726 390/1096
f 2774/2842 2775/2843 419/1180 389/1095
f 2775/2843 2774/2842 390/1096 420/1181
f 2775/2843 2773/2841 661/2725 419/1180
f 2773/2841 2775/2843 420/1181 662/2726
f 2776/2844 2777/2845 903/2730 361/1100
f 2777/2845 2776/2844 362/1101 904/2731
f 2777/2845 2778/2846 391/1185 903/2730
f 2778/2846 2777/2845 904/2731 392/1186
f 2778/2846 2776/2844 361/1100 391/1185
f 2776/2844 2778/2846 392/1186 362/1101
f 2779/2847 2780/2848 419/1180 661/2725
f 2780/2848 2779/2847 662/2726 420/1181
f 2780/2848 2781/2849 449/1265 419/1180
f 2781/2849 2780/2848 420/1181 450/1266
f 2781/2849 2779/2847 661/2725 449/1265
f 2779/2847 2781/2849 450/1266 662/2726
f 2782/2850 2783/2851 903/2730 391/1185
f 2783/2851 2782/2850 392/1186 904/2731
f 2783/2851 2784/2852 421/1270 903/2730
f 2784/2852 2783/2851 904/2731 422/1271
f 2784/2852 2782/2850 391/1185 421/1270
f 2782/2850 2784/2852 422/1271 392/1186
f 2785/2853 2786/2854 449/1265 661/2725
f 2786/2854 2785/2853 662/2726 450/1266
f 2786/2854 2787/2855 479/1351 449/1265
f 2787/2855 2786/2854 450/1266 480/1352
f 2787/2855 2785/2853 661/2725 479/1351
f 2785/2853 2787/2855 480/1352 662/2726
f 2788/2856 2789/2857 903/2730 421/1270
f 2789/2857 2788/2856 422/1271 904/2731
f 2789/2857 2790/2858 451/1356 903/2730
f 2790/2858 2789/2857 904/2731 452/1357
f 2790/2858 2788/2856 421/1270 451/1356
f 2788/2856 2790/2858 452/1357 422/1271
f 2791/2859 2792/2860 479/1351 661/2725
f 2792/2860 2791/2859 662/2726 480/1352
f 2792/2860 2793/2861 509/1436 479/1351
f 2793/2861 2792/2860 480/1352 510/1437
f 2793/2861 2791/2859 661/2725 509/1436
f 2791/2859 2793/2861 510/1437 662/2726
f 2794/2862 2795/2863 903/2730 451/1356
f 2795/2863 2794/2862 452/1357 904/2731
f 2795/2863 2796/2864 481/1441 903/2730
f 2796/2864 2795/2863 904/2731 482/1442
f 2796/2864 2794/2862 451/1356 481/1441
f 2794/2862 2796/2864 482/1442 452/1357
f 2797/2865 2798/2866 509/1436 661/2725
f 2798/2866 2797/2865 662/2726 510/1437
f 2798/2866 2799/2867 539/1521 509/1436
f 2799/2867 2798/2866 510/1437 540/1522
f 2799/2867 2797/2865 661/2725 539/1521
f 2797/2865 2799/2867 540/1522 662/2726
f 2800/2868 2801/2869 903/2730 481/1441
f 2801/2869 2800/2868 482/1442 904/2731
f 2801/2869 2802/2870 511/1526 903/2730
f 2802/2870 2801/2869 904/2731 512/1527
f 2802/2870 2800/2868 481/1441 511/1526
f 2800/2868 2802/2870 512/1527 482/1442
f 2803/2871 2804/2872 539/1521 661/2725
f 2804/2872 2803/2871 662/2726 540/1522
f 2804/2872 2805/2873 569/1606 539/1521
f 2805/2873 2804/2872 540/1522 570/1607
f 2805/2873 2803/2871 661/2725 569/1606
f 2803/2871 2805/2873 570/1607 662/2726
f 2806/2874 2807/2875 903/2730 511/1526
f 2807/2875 2806/2874 512/1527 904/2731
f 2807/2875 2808/2876 541/1611 903/2730
f 2808/2876 2807/2875 904/2731 542/1612
f 2808/2876 2806/2874 511/1526 541/1611
f 2806/2874 2808/2876 542/1612 512/1527
f 2809/2877 2810/2878 569/1606 661/2725
f 2810/2878 2809/2877 662/2726 570/1607
f 2810/2878 2811/2879 599/1691 569/1606
f 2811/2879 2810/2878 570/1607 600/1692
f 2811/2879 2809/2877 661/2725 599/1691
f 2809/2877 2811/2879 600/1692 662/2726
f 2812/2880 2813/2881 903/2730 541/1611
f 2813/2881 2812/2880 542/1612 904/2731
f 2813/2881 2814/2882 571/1696 903/2730
f 2814/2882 2813/2881 904/2731 572/1697
f 2814/2882 2812/2880 541/1611 571/1696
f 2812/2880 2814/2882 572/1697 542/1612
f 2815/2883 2816/2884 599/1691 661/2725
f 2816/2884 2815/2883 662/2726 600/1692
f 2816/2884 2817/2885 629/1776 599/1691
f 2817/2885 2816/2884 600/1692 630/1777
f 2817/2885 2815/2883 661/2725 629/1776
f 2815/2883 2817/2885 630/1777 662/2726
f 2818/2886 2819/2887 903/2730 571/1696
f 2819/2887 2818/2886 572/1697 904/2731
f 2819/2887 2820/2888 601/1781 903/2730
f 2820/2888 2819/2887 904/2731 602/1782
f 2820/2888 2818/2886 571/1696 601/1781
f 2818/2886 2820/2888 602/1782 572/1697
f 2821/2889 2822/2890 629/1776 661/2725
f 2822/2890 2821/2889 662/2726 630/1777
f 2822/2890 2823/2891 659/1861 629/1776
f 2823/2891 2822/2890 630/1777 660/1862
f 2823/2891 2821/2889 661/2725 659/1861
f 2821/2889 2823/2891 660/1862 662/2726
f 2824/2892 2825/2893 903/2730 601/1781
f 2825/2893 2824/2892 602/1782 904/2731
f 2825/2893 2826/2894 631/1866 903/2730
f 2826/2894 2825/2893 904/2731 632/1867
f 2826/2894 2824/2892 601/1781 631/1866
f 2824/2892 2826/2894 632/1867 602/1782
f 2827/2895 2828/2896 659/1861 661/2725
f 2828/2896 2827/2895 662/2726 660/1862
f 2828/2896 2829/2897 691/1946 659/1861
f 2829/2897 2828/2896 660/1862 692/1947
f 2829/2897 2827/2895 661/2725 691/1946
f 2827/2895 2829/2897 692/1947 662/2726
f 2830/2898 2831/2899 903/2730 631/1866
f 2831/2899 2830/2898 632/1867 904/2731
f 2831/2899 2832/2900 663/1951 903/2730
f 2832/2900 2831/2899 904/2731 664/1952
f 2832/2900 2830/2898 631/1866 663/1951
f 2830/2898 2832/2900 664/1952 632/1867
f 2833/2901 2834/2902 691/1946 661/2725
f 2834/2902 2833/2901 662/2726 692/1947
f 2834/2902 2835/2903 721/2031 691/1946
f 2835/2903 2834/2902 692/1947 722/2032
f 2835/2903 2833/2901 661/2725 721/2031
f 2833/2901 2835/2903 722/2032 662/2726
f 2836/2904 2837/2905 903/2730 663/1951
f 2837/2905 2836/2904 664/1952 904/2731
f 2837/2905 2838/2906 693/2036 903/2730
f 2838/2906 2837/2905 904/2731 694/2037
f 2838/2906 2836/2904 663/1951 693/2036
f 2836/2904 2838/2906 694/2037 664/1952
f 2839/2907 2840/2908 721/2031 661/2725
f 2840/2908 2839/2907 662/2726 722/2032
f 2840/2908 2841/2909 751/2116 721/2031
f 2841/2909 2840/2908 722/2032 752/2117
f 2841/2909 2839/2907 661/2725 751/2116
f 2839/2907 2841/2909 752/2117 662/2726
f 2842/2910 2843/2911 903/2730 693/2036
f 2843/2911 2842/2910 694/2037 904/2731
f 2843/2911 2844/2912 723/2121 903/2730
f 2844/2912 2843/2911 904/2731 724/2122
f 2844/2912 2842/2910 693/2036 723/2121
f 2842/2910 2844/2912 724/2122 694/2037
f 2845/2913 2846/2914 751/2116 661/2725
f 2846/2914 2845/2913 662/2726 752/2117
f 2846/2914 2847/2915 781/2201 751/2116
f 2847/2915 2846/2914 752/2117 782/2202
f 2847/2915 2845/2913 661/2725 781/2201
f 2845/2913 2847/2915 782/2202 662/2726
f 2848/2916 2849/2917 903/2730 723/2121
f 2849/2917 2848/2916 724/2122 904/2731
f 2849/2917 2850/2918 753/2206 903/2730
f 2850/2918 2849/2917 904/2731 754/2207
f 2850/2918 2848/2916 723/2121 753/2206
f 2848/2916 2850/2918 754/2207 724/2122
f 2851/2919 2852/2920 781/2201 661/2725
f 2852/2920 2851/2919 662/2726 782/2202
f 2852/2920 2853/2921 811/2286 781/2201
f 2853/2921 2852/2920 782/2202 812/2287
f 2853/2921 2851/2919 661/2725 811/2286
f 2851/2919 2853/2921 812/2287 662/2726
f 2854/2922 2855/2923 903/2730 753/2206
f 2855/2923 2854/2922 754/2207 904/2731
f 2855/2923 2856/2924 783/2291 903/2730
f 2856/2924 2855/2923 904/2731 784/2292
f 2856/2924 2854/2922 753/2206 783/2291
f 2854/2922 2856/2924 784/2292 754/2207
f 2857/2925 2858/2926 811/2286 661/2725
f 2858/2926 2857/2925 662/2726 812/2287
f 2858/2926 2859/2927 841/2371 811/2286
f 2859/2927 2858/2926 812/2287 842/2372
f 2859/2927 2857/2925 661/2725 841/2371
f 2857/2925 2859/2927 842/2372 662/2726
f 2860/2928 2861/2929 903/2730 783/2291
f 2861/2929 2860/2928 784/2292 904/2731
f 2861/2929 2862/2930 813/2376 903/2730
f 2862/2930 2861/2929 904/2731 814/2377
f 2862/2930 2860/2928 783/2291 813/2376
f 2860/2928 2862/2930 814/2377 784/2292
f 2863/2931 2864/2932 841/2371 661/2725
f 2864/2932 2863/2931 662/2726 842/2372
f 2864/2932 2865/2933 871/2456 841/2371
f 2865/2933 2864/2932 842/2372 872/2457
f 2865/2933 2863/2931 661/2725 871/2456
f 2863/2931 2865/2933 872/2457 662/2726
f 2866/2934 2867/2935 903/2730 813/2376
f 2867/2935 2866/2934 814/2377 904/2731
f 2867/2935 2868/2936 843/2461 903/2730
f 2868/2936 2867/2935 904/2731 844/2462
f 2868/2936 2866/2934 813/2376 843/2461
f 2866/2934 2868/2936 844/2462 814/2377
f 2869/2937 2870/2938 871/2456 661/2725
f 2870/2938 2869/2937 662/2726 872/2457
f 2870/2938 2871/2939 901/2541 871/2456
f 2871/2939 2870/2938 872/2457 902/2542
f 2871/2939 2869/2937 661/2725 901/2541
f 2869/2937 2871/2939 902/2542 662/2726
f 2872/2940 2873/2941 903/2730 843/2461
f 2873/2941 2872/2940 844/2462 904/2731
f 2873/2941 2874/2942 873/2546 903/2730
f 2874/2942 2873/2941 904/2731 874/2547
f 2874/2942 2872/2940 843/2461 873/2546
f 2872/2940 2874/2942 874/2547 844/2462
f 2875/2943 2876/2944 901/2541 661/2725
f 2876/2944 2875/2943 662/2726 902/2542
f 2876/2944 2877/2945 933/2626 901/2541
f 2877/2945 2876/2944 902/2542 934/2627
f 2877/2945 2875/2943 661/2725 933/2626
f 2875/2943 2877/2945 934/2627 662/2726
f 2878/2946 2879/2947 903/2730 873/2546
f 2879/2947 2878/2946 874/2547 904/2731
f 2879/2947 2880/2948 905/2631 903/2730
f 2880/2948 2879/2947 904/2731 906/2632
f 2880/2948 2878/2946 873/2546 905/2631
f 2878/2946 2880/2948 906/2632 874/2547
f 2881/2949 2882/2950 933/2626 661/2725
f 2882/2950 2881/2949 662/2726 934/2627
f 2882/2950 2883/2951 963/2711 933/2626
f 2883/2951 2882/2950 934/2627 964/2712
f 2883/2951 2881/2949 661/2725 963/2711
f 2881/2949 2883/2951 964/2712 662/2726
f 2884/2952 2885/2953 903/2730 905/2631
f 2885/2953 2884/2952 906/2632 904/2731
f 2885/2953 2886/2954 935/2716 903/2730
f 2886/2954 2885/2953 904/2731 936/2717
f 2886/2954 2884/2952 905/2631 935/2716
f 2884/2952 2886/2954 936/2717 906/2632
f 2887/2955 2888/2956 953/2641 955/2644
f 2888/2956 2887/2955 956/2645 954/2642
f 2888/2956 2889/2957 19/52 953/2641
f 2889/2957 2888/2956 954/2642 20/53
f 2889/2957 2890/2958 21/39 19/52
f 2890/2958 2889/2957 20/53 22/42
f 2890/2958 2887/2955 955/2644 21/39
f 2887/2955 2890/2958 22/42 956/2645
f 2891/2959 2892/2960 949/2649 951/2651
f 2892/2960 2891/2959 952/2652 950/2649
f 2892/2960 2893/2961 15/64 949/2649
f 2893/2961 2892/2960 950/2649 16/64
f 2893/2961 2894/2962 17/51 15/64
f 2894/2962 2893/2961 16/64 18/54
f 2894/2962 2891/2959 951/2651 17/51
f 2891/2959 2894/2962 18/54 952/2652
f 2895/2963 2896/2964 945/2656 947/2659
f 2896/2964 2895/2963 948/2660 946/2657
f 2896/2964 2897/2965 11/73 945/2656
f 2897/2965 2896/2964 946/2657 12/74
f 2897/2965 2898/2966 13/63 11/73
f 2898/2966 2897/2965 12/74 14/65
f 2898/2966 2895/2963 947/2659 13/63
f 2895/2963 2898/2966 14/65 948/2660
f 2899/2967 2900/2968 941/2664 943/2667
f 2900/2968 2899/2967 944/2668 942/2665
f 2900/2968 2901/2969 7/3 941/2664
f 2901/2969 2900/2968 942/2665 8/6
f 2901/2969 2902/2970 9/4 7/3
f 2902/2970 2901/2969 8/6 10/5
f 2902/2970 2899/2967 943/2667 9/4
f 2899/2967 2902/2970 10/5 944/2668
f 2903/2971 2904/2972 963/2711 661/2725
f 2904/2972 2903/2971 662/2726 964/2712
f 2904/2972 2905/2973 29/85 963/2711
f 2905/2973 2904/2972 964/2712 30/86
f 2905/2973 2903/2971 661/2725 29/85
f 2903/2971 2905/2973 30/86 662/2726
f 2906/2974 2907/2975 937/2672 939/2675
f 2907/2975 2906/2974 940/2676 938/2673
f 2907/2975 2908/2976 3/15 937/2672
f 2908/2976 2907/2975 938/2673 4/18
f 2908/2976 2909/2977 5/16 3/15
f 2909/2977 2908/2976 4/18 6/17
f 2909/2977 2906/2974 939/2675 5/16
f 2906/2974 2909/2977 6/17 940/2676
f 2910/2978 2911/2979 959/2680 961/2683
f 2911/2979 2910/2978 962/2684 960/2681
f 2911/2979 2912/2980 25/27 959/2680
f 2912/2980 2911/2979 960/2681 26/30
f 2912/2980 2913/2981 27/28 25/27
f 2913/2981 2912/2980 26/30 28/29
f 2913/2981 2910/2978 961/2683 27/28
f 2910/2978 2913/2981 28/29 962/2684
f 2914/2982 2915/2983 903/2730 935/2716
f 2915/2983 2914/2982 936/2717 904/2731
f 2915/2983 2916/2984 1/93 903/2730
f 2916/2984 2915/2983 904/2731 2/94
f 2916/2984 2914/2982 935/2716 1/93
f 2914/2982 2916/2984 2/94 936/2717
f 2917/2985 2918/2986 955/2644 957/2689
f 2918/2986 2917/2985 958/2690 956/2645
f 2918/2986 2919/2987 21/39 955/2644
f 2919/2987 2918/2986 956/2645 22/42
f 2919/2987 2920/2988 23/40 21/39
f 2920/2988 2919/2987 22/42 24/41
f 2920/2988 2917/2985 957/2689 23/40
f 2917/2985 2920/2988 24/41 958/2690
f 2921/2989 2922/2990 951/2651 953/2641
f 2922/2990 2921/2989 954/2642 952/2652
f 2922/2990 2923/2991 17/51 951/2651
f 2923/2991 2922/2990 952/2652 18/54
f 2923/2991 2924/2992 19/52 17/51
f 2924/2992 2923/2991 18/54 20/53
f 2924/2992 2921/2989 953/2641 19/52
f 2921/2989 2924/2992 20/53 954/2642
f 2925/2993 2926/2994 947/2659 949/2649
f 2926/2994 2925/2993 950/2649 948/2660
f 2926/2994 2927/2995 13/63 947/2659
f 2927/2995 2926/2994 948/2660 14/65
f 2927/2995 2928/2996 15/64 13/63
f 2928/2996 2927/2995 14/65 16/64
f 2928/2996 2925/2993 949/2649 15/64
f 2925/2993 2928/2996 16/64 950/2649
f 2929/2997 2930/2998 943/2667 945/2656
f 2930/2998 2929/2997 946/2657 944/2668
f 2930/2998 2931/2999 9/4 943/2667
f 2931/2999 2930/2998 944/2668 10/5
f 2931/2999 2932/3000 11/73 9/4
f 2932/3000 2931/2999 10/5 12/74
f 2932/3000 2929/2997 945/2656 11/73
f 2929/2997 2932/3000 12/74 946/2657
f 2933/3001 2934/3002 939/2675 941/2664
f 2934/3002 2933/3001 942/2665 940/2676
f 2934/3002 2935/3003 5/16 939/2675
f 2935/3003 2934/3002 940/2676 6/17
f 2935/3003 2936/3004 7/3 5/16
f 2936/3004 2935/3003 6/17 8/6
f 2936/3004 2933/3001 941/2664 7/3
f 2933/3001 2936/3004 8/6 942/2665
f 2937/3005 2938/3006 961/2683 963/2711
f 2938/3006 2937/3005 964/2712 962/2684
f 2938/3006 2939/3007 27/28 961/2683
f 2939/3007 2938/3006 962/2684 28/29
f 2939/3007 2940/3008 29/85 27/28
f 2940/3008 2939/3007 28/29 30/86
f 2940/3008 2937/3005 963/2711 29/85
f 2937/3005 2940/3008 30/86 964/2712
f 2941/3009 2942/3010 935/2716 937/2672
f 2942/3010 2941/3009 938/2673 936/2717
f 2942/3010 2943/3011 1/93 935/2716
f 2943/3011 2942/3010 936/2717 2/94
f 2943/3011 2944/3012 3/15 1/93
f 2944/3012 2943/3011 2/94 4/18
f 2944/3012 2941/3009 937/2672 3/15
f 2941/3009 2944/3012 4/18 938/2673
f 2945/3013 2946/3014 957/2689 959/2680
f 2946/3014 2945/3013 960/2681 958/2690
f 2946/3014 2947/3015 23/40 957/2689
f 2947/3015 2946/3014 958/2690 24/41
f 2947/3015 2948/3016 25/27 23/40
f 2948/3016 2947/3015 24/41 26/30
f 2948/3016 2945/3013 959/2680 25/27
f 2945/3013 2948/3016 26/30 960/2681
